token,count,percent,tags,tag_percentages
စိုက်ပျိုး,1904,5.44%,FARM_OP:1904,FARM_OP:100.00%
စိုက်,1022,2.92%,FARM_OP:1022,FARM_OP:100.00%
ဖျန်း,726,2.07%,FARM_OP:726,FARM_OP:100.00%
အသီး,703,2.01%,CROP_PART:703,CROP_PART:100.00%
စပါး,591,1.69%,CROP:591,CROP:100.00%
အရွက်,574,1.64%,CROP_PART:574,CROP_PART:100.00%
ကြံ,423,1.21%,CROP:423,CROP:100.00%
မှို,355,1.01%,PATH:299; CROP:55; FUNG:1,PATH:84.23%; CROP:15.49%; FUNG:0.28%
အမြစ်,340,0.97%,CROP_PART:340,CROP_PART:100.00%
ကျွေး,265,0.76%,FARM_OP:265,FARM_OP:100.00%
မျိုးစေ့,246,0.70%,SEED:246,SEED:100.00%
အစေ့,224,0.64%,CROP_PART:224,CROP_PART:100.00%
အပူချိန်,217,0.62%,WEATHER:217,WEATHER:100.00%
အစိုဓာတ်,216,0.62%,WEATHER:216,WEATHER:100.00%
မြေဆွေး,201,0.57%,FERT:201,FERT:100.00%
ကိုင်း,198,0.57%,CROP_PART:198,CROP_PART:100.00%
ပင်စည်,188,0.54%,CROP_PART:188,CROP_PART:100.00%
ရိတ်သိမ်း,174,0.50%,FARM_OP:174,FARM_OP:100.00%
ရေသွင်း,172,0.49%,FARM_OP:172,FARM_OP:100.00%
နိုက်ထရိုဂျင်,170,0.49%,NUT:170,NUT:100.00%
အပင်ခြေ,169,0.48%,CROP_PART:169,CROP_PART:100.00%
မတ်ပဲ,164,0.47%,CROP:164,CROP:100.00%
ပန်းပွင့်,159,0.45%,CROP_PART:158; FERT:1,CROP_PART:99.37%; FERT:0.63%
ပုလဲ,158,0.45%,FERT:157; LOC:1,FERT:99.37%; LOC:0.63%
နှမ်း,142,0.41%,CROP:142,CROP:100.00%
အပွင့်,141,0.40%,CROP_PART:141,CROP_PART:100.00%
စိုက်ပျိုးခြင်း,134,0.38%,FARM_OP:134,FARM_OP:100.00%
နဂါးမောက်,127,0.36%,CROP:127,CROP:100.00%
ပျိုးထောင်,127,0.36%,FARM_OP:127,FARM_OP:100.00%
ဆေးဖျန်း,122,0.35%,FARM_OP:122,FARM_OP:100.00%
နွားချေး,122,0.35%,FERT:122,FERT:100.00%
ဖြတ်,121,0.35%,FARM_OP:121,FARM_OP:100.00%
မျိုးပွား,118,0.34%,FARM_OP:118,FARM_OP:100.00%
ခရမ်းချဉ်,116,0.33%,CROP:116,CROP:100.00%
ခူးဆွတ်,113,0.32%,FARM_OP:113,FARM_OP:100.00%
ရေလောင်း,113,0.32%,FARM_OP:113,FARM_OP:100.00%
ထည့်,111,0.32%,FARM_OP:111,FARM_OP:100.00%
ပိုးမွှား,110,0.31%,PEST:110,PEST:100.00%
တစ်ကြိမ်,107,0.31%,COUNT:107,COUNT:100.00%
ပိုတက်စီယမ်,105,0.30%,NUT:105,NUT:100.00%
ကိုင်းဖြတ်,104,0.30%,FARM_OP:96; CROP_PART:8,FARM_OP:92.31%; CROP_PART:7.69%
တစ်ပင်,104,0.30%,COUNT:104,COUNT:100.00%
ပက်ဖျန်း,100,0.29%,FARM_OP:100,FARM_OP:100.00%
ရောဂါ,100,0.29%,DIS:100,DIS:100.00%
တစ်ခု,96,0.27%,COUNT:96,COUNT:100.00%
ပျိုးပင်,96,0.27%,SEED:96,SEED:100.00%
ဖော့စဖရပ်,94,0.27%,NUT:94,NUT:100.00%
မြန်မာနိုင်ငံ,94,0.27%,LOC:94,LOC:100.00%
တစ်ဧက,90,0.26%,DIST:50; QTY:40,DIST:55.56%; QTY:44.44%
သိုလှောင်,89,0.25%,FARM_OP:89,FARM_OP:100.00%
အကိုင်း,88,0.25%,CROP_PART:88,CROP_PART:100.00%
မန်ကိုဇက်,87,0.25%,FUNG:87,FUNG:100.00%
မျက်လုံးဖူး,85,0.24%,CROP_PART:85,CROP_PART:100.00%
ယူရီးယား,84,0.24%,FERT:84,FERT:100.00%
အဖူး,83,0.24%,CROP_PART:83,CROP_PART:100.00%
ဂျုံ,82,0.23%,CROP:82,CROP:100.00%
ပဲတီစိမ်း,82,0.23%,CROP:82,CROP:100.00%
ခြောက်သွေ့,80,0.23%,WEATHER:67; SYM:13,WEATHER:83.75%; SYM:16.25%
ပြောင်း,75,0.21%,CROP:75,CROP:100.00%
ပျိုး,74,0.21%,FARM_OP:74,FARM_OP:100.00%
ဥ,72,0.21%,CROP_PART:72,CROP_PART:100.00%
အီးအမ်,70,0.20%,FERT:70,FERT:100.00%
သီး,69,0.20%,CROP_PART:69,CROP_PART:100.00%
ပေါင်းမြက်,67,0.19%,WEED:67,WEED:100.00%
သရက်,65,0.19%,CROP:65,CROP:100.00%
နွေရာသီ,64,0.18%,SEASON:64,SEASON:100.00%
အနှံ,64,0.18%,CROP_PART:64,CROP_PART:100.00%
ကော်ဖီ,62,0.18%,CROP:62,CROP:100.00%
ရေထုတ်,62,0.18%,FARM_OP:62,FARM_OP:100.00%
ပန်း,60,0.17%,CROP_PART:32; CROP:28,CROP_PART:53.33%; CROP:46.67%
ကာကွယ်,59,0.17%,FARM_OP:59,FARM_OP:100.00%
ဆောင်း,57,0.16%,SEASON:57,SEASON:100.00%
တစ်လ,57,0.16%,PERIOD:57,PERIOD:100.00%
တီစူပါ,57,0.16%,FERT:57,FERT:100.00%
ဘက်တီးရီးယား,57,0.16%,PATH:57,PATH:100.00%
မှိုရောဂါ,57,0.16%,DIS:57,DIS:100.00%
စုပ်စားပိုး,56,0.16%,PEST:56,PEST:100.00%
နေရောင်ခြည်,56,0.16%,WEATHER:56,WEATHER:100.00%
မြေပြင်,55,0.16%,FARM_OP:55,FARM_OP:100.00%
သားတက်,55,0.16%,CROP_PART:54; SEED:1,CROP_PART:98.18%; SEED:1.82%
မိုးများ,54,0.15%,WEATHER:54,WEATHER:100.00%
လှေးပိုး,54,0.15%,PEST:54,PEST:100.00%
အဆစ်,54,0.15%,CROP_PART:54,CROP_PART:100.00%
ငှက်ပျော,53,0.15%,CROP:53,CROP:100.00%
ပက်,53,0.15%,FARM_OP:53,FARM_OP:100.00%
ပန်းပွင့်,53,0.15%,CROP_PART:53,CROP_PART:100.00%
ပိုတက်ရှ်,53,0.15%,FERT:53,FERT:100.00%
ဖယ်ရှား,53,0.15%,FARM_OP:53,FARM_OP:100.00%
အပွင့်,53,0.15%,CROP_PART:53,CROP_PART:100.00%
ဆွတ်ခူး,52,0.15%,FARM_OP:52,FARM_OP:100.00%
ထည့်သွင်း,52,0.15%,FARM_OP:52,FARM_OP:100.00%
နှိမ်နင်း,52,0.15%,FARM_OP:52,FARM_OP:100.00%
ရေဝပ်,52,0.15%,ABIOD:52,ABIOD:100.00%
ပိုတက်,51,0.15%,FERT:32; NUT:19,FERT:62.75%; NUT:37.25%
မိုးရာသီ,51,0.15%,SEASON:51,SEASON:100.00%
စိုက်ခင်း,50,0.14%,LOC:50,LOC:100.00%
အမိုင်နိုအက်စစ်,50,0.14%,FERT:45; NUT:5,FERT:90.00%; NUT:10.00%
ကော့ပါးအောက်စီကလိုရိုက်,49,0.14%,FUNG:49,FUNG:100.00%
ဆောင်းရာသီ,49,0.14%,SEASON:49,SEASON:100.00%
ပုပ်,49,0.14%,SYM:49,SYM:100.00%
၃ရက်,49,0.14%,PERIOD:49,PERIOD:100.00%
ချင်း,48,0.14%,CROP:48,CROP:100.00%
တစ်မျိုး,48,0.14%,COUNT:48,COUNT:100.00%
နေပူ,47,0.13%,WEATHER:47,WEATHER:100.00%
ဖစ်ပရိုနေးလ်,47,0.13%,PESTI:47,PESTI:100.00%
ဘိုရွန်,47,0.13%,NUT:47,NUT:100.00%
မြေပဲ,47,0.13%,CROP:47,CROP:100.00%
အေဇိုလာ,47,0.13%,CROP:47,CROP:100.00%
ငရုတ်,46,0.13%,CROP:46,CROP:100.00%
လက်ချား,46,0.13%,NUT:24; FERT:22,NUT:52.17%; FERT:47.83%
ဂျစ်ဆမ်,45,0.13%,FERT:45,FERT:100.00%
စပါးပင်,45,0.13%,CROP:45,CROP:100.00%
ဆာလဖာ,45,0.13%,NUT:43; FUNG:2,NUT:95.56%; FUNG:4.44%
မြေဩဇာကျွေး,45,0.13%,FARM_OP:45,FARM_OP:100.00%
ရာသီဥတု,45,0.13%,WEATHER:45,WEATHER:100.00%
ဝါ,45,0.13%,SYM:32; CROP:13,SYM:71.11%; CROP:28.89%
နေကြာ,43,0.12%,CROP:43,CROP:100.00%
ယင်ဖြူ,43,0.12%,PEST:43,PEST:100.00%
သင်္ဘောပင်,43,0.12%,CROP:43,CROP:100.00%
ကွမ်း,42,0.12%,CROP:42,CROP:100.00%
နွားသေး,42,0.12%,FERT:40; PESTI:2,FERT:95.24%; PESTI:4.76%
ပိုးသတ်ဆေး,42,0.12%,PESTI:42,PESTI:100.00%
ဖုံးအုပ်,42,0.12%,FARM_OP:42,FARM_OP:100.00%
ဝတ်မှုန်ကူး,42,0.12%,FARM_OP:42,FARM_OP:100.00%
မိုးရွာ,41,0.12%,WEATHER:41,WEATHER:100.00%
အဇိုစီစထရိုဘင်,41,0.12%,FUNG:41,FUNG:100.00%
ကိုင်းဆက်,40,0.11%,FARM_OP:38; METHOD:2,FARM_OP:95.00%; METHOD:5.00%
ဂျစ်ဆန်,40,0.11%,FERT:40,FERT:100.00%
နွေ,40,0.11%,SEASON:40,SEASON:100.00%
ဖျန်းပက်,40,0.11%,FARM_OP:40,FARM_OP:100.00%
တစ်နှစ်,39,0.11%,PERIOD:38; PER:1,PERIOD:97.44%; PER:2.56%
တည်သီး,39,0.11%,CROP:39,CROP:100.00%
ဘစ်စမာသိုင်ယာဇိုး,39,0.11%,FUNG:39,FUNG:100.00%
ကာဘင်ဒါဇင်,38,0.11%,FUNG:38,FUNG:100.00%
ကြက်သွန်နီ,38,0.11%,CROP:38,CROP:100.00%
ခြောက်,38,0.11%,SYM:38,SYM:100.00%
ဖရဲ,38,0.11%,CROP:38,CROP:100.00%
မျိုးကိုင်း,38,0.11%,CROP_PART:37; SEED:1,CROP_PART:97.37%; SEED:2.63%
လက်ဖက်,38,0.11%,CROP:38,CROP:100.00%
ငါးအမိုင်နို,37,0.11%,FERT:37,FERT:100.00%
ရောစပ်,37,0.11%,FARM_OP:37,FARM_OP:100.00%
သကြားဓာတ်,37,0.11%,NUT:37,NUT:100.00%
အောက်တိုဘာ,37,0.11%,TIME:37,TIME:100.00%
ကြက်သွန်,36,0.10%,CROP:36,CROP:100.00%
ခူး,36,0.10%,FARM_OP:36,FARM_OP:100.00%
ထည့်,36,0.10%,FARM_OP:36,FARM_OP:100.00%
ထုတ်လုပ်,36,0.10%,FARM_OP:36,FARM_OP:100.00%
မိုး,36,0.10%,WEATHER:20; SEASON:16,WEATHER:55.56%; SEASON:44.44%
မြက်,36,0.10%,WEED:36,WEED:100.00%
သခွား,36,0.10%,CROP:36,CROP:100.00%
အုန်း,36,0.10%,CROP:36,CROP:100.00%
၇ရက်,36,0.10%,PERIOD:36,PERIOD:100.00%
မြေဩဇာ,35,0.10%,FERT:35,FERT:100.00%
သစ်ခွ,35,0.10%,CROP:35,CROP:100.00%
၁၀ရက်,35,0.10%,PERIOD:35,PERIOD:100.00%
ကေဟူးမစ်,34,0.10%,FERT:34,FERT:100.00%
ကြက်သွန်ဖြူ,34,0.10%,CROP:34,CROP:100.00%
ကြံပင်,34,0.10%,CROP:34,CROP:100.00%
ညှိုး,34,0.10%,SYM:34,SYM:100.00%
တစ်ပတ်,34,0.10%,PERIOD:34,PERIOD:100.00%
ဓား,34,0.10%,EQUIP:34,EQUIP:100.00%
နိုဝင်ဘာ,34,0.10%,TIME:34,TIME:100.00%
ပျပိုး,34,0.10%,PEST:34,PEST:100.00%
ပျိုးအိတ်,34,0.10%,EQUIP:33; SEED:1,EQUIP:97.06%; SEED:2.94%
ဖျက်ပိုး,34,0.10%,PEST:34,PEST:100.00%
ရိတ်သိမ်းခြင်း,34,0.10%,FARM_OP:34,FARM_OP:100.00%
အာဟာရဓာတ်,34,0.10%,NUT:34,NUT:100.00%
၁၅ရက်,34,0.10%,PERIOD:34,PERIOD:100.00%
စိုထိုင်းဆ,33,0.09%,WEATHER:20; HUM:13,WEATHER:60.61%; HUM:39.39%
ထရိုင်ကိုဒါးမား,33,0.09%,FUNG:33,FUNG:100.00%
မိုက်ခရိုဂရင်း,33,0.09%,CROP:33,CROP:100.00%
အပူ,33,0.09%,WEATHER:33,WEATHER:100.00%
ဇန်နဝါရီ,32,0.09%,TIME:32,TIME:100.00%
တစ်အိတ်,32,0.09%,COUNT:21; QTY:11,COUNT:65.62%; QTY:34.38%
ဖေဖော်ဝါရီ,32,0.09%,TIME:32,TIME:100.00%
အခြောက်ခံ,32,0.09%,FARM_OP:32,FARM_OP:100.00%
အာလူး,32,0.09%,CROP:32,CROP:100.00%
၆လက်မ,32,0.09%,DIST:32,DIST:100.00%
ကွန်ပေါင်းမြေဩဇာ,31,0.09%,FERT:31,FERT:100.00%
စိုစွတ်,31,0.09%,WEATHER:31,WEATHER:100.00%
ပြောင်းရွှေ့စိုက်ပျိုး,31,0.09%,FARM_OP:31,FARM_OP:100.00%
သဘာဝမြေဩဇာ,31,0.09%,FERT:31,FERT:100.00%
အဆီတာမီပရစ်,31,0.09%,PESTI:31,PESTI:100.00%
အိုး,31,0.09%,EQUIP:31,EQUIP:100.00%
စိမ်,30,0.09%,FARM_OP:30,FARM_OP:100.00%
ဆေးဖျန်းပုံး,30,0.09%,EQUIP:30,EQUIP:100.00%
နုန်းမြေ,30,0.09%,SOIL_TYPE:30,SOIL_TYPE:100.00%
ပန်းခိုင်,30,0.09%,CROP_PART:30,CROP_PART:100.00%
အညွန့်,30,0.09%,CROP_PART:30,CROP_PART:100.00%
ကန်စွန်း,29,0.08%,CROP:29,CROP:100.00%
ငွေနှင်းမှို,29,0.08%,CROP:29,CROP:100.00%
စစ်ဆေး,29,0.08%,FARM_OP:29,FARM_OP:100.00%
ထယ်ထိုး,29,0.08%,FARM_OP:29,FARM_OP:100.00%
အဗာမက်တင်,29,0.08%,PESTI:29,PESTI:100.00%
၃ပေ,29,0.08%,DIST:29,DIST:100.00%
ဖူး,28,0.08%,CROP_PART:28,CROP_PART:100.00%
အဖူးကူး,28,0.08%,FARM_OP:28,FARM_OP:100.00%
ကြဲပက်,27,0.08%,FARM_OP:27,FARM_OP:100.00%
စက်တင်ဘာ,27,0.08%,TIME:27,TIME:100.00%
စိုက်ချိန်,27,0.08%,TIME:27,TIME:100.00%
ဆန်,27,0.08%,FOOD:27,FOOD:100.00%
ဒီဇင်ဘာ,27,0.08%,TIME:27,TIME:100.00%
ပရိုဖီနိုဖော့,27,0.08%,PESTI:27,PESTI:100.00%
ပေါင်းသတ်ဆေး,27,0.08%,HERB:27,HERB:100.00%
အန်ပီကေ,27,0.08%,NUT:27,NUT:100.00%
အီမီဒါကလိုပရစ်,27,0.08%,PESTI:27,PESTI:100.00%
ကော့ပါး,26,0.07%,NUT:15; FUNG:11,NUT:57.69%; FUNG:42.31%
ဇင့်,26,0.07%,NUT:26,NUT:100.00%
ပင်ခြေ,26,0.07%,CROP_PART:26,CROP_PART:100.00%
အခေါက်,26,0.07%,CROP_PART:26,CROP_PART:100.00%
၂ကြိမ်,26,0.07%,COUNT:25; PERIOD:1,COUNT:96.15%; PERIOD:3.85%
ခင်း,25,0.07%,LOC:25,LOC:100.00%
ခရမ်း,25,0.07%,CROP:25,CROP:100.00%
ဆေးလောင်,25,0.07%,SYM:24; ABIOD:1,SYM:96.00%; ABIOD:4.00%
ပိုတက်ဆီယမ်,25,0.07%,NUT:25,NUT:100.00%
ဘူး,25,0.07%,CROP:25,CROP:100.00%
မြေဆွ,25,0.07%,FARM_OP:25,FARM_OP:100.00%
သီးတောင့်,25,0.07%,CROP_PART:25,CROP_PART:100.00%
၁ပေ,25,0.07%,DIST:25,DIST:100.00%
၁ဧက,25,0.07%,DIST:15; QTY:9; DIS:1,DIST:60.00%; QTY:36.00%; DIS:4.00%
ကလိုရိုသာလိုနေး,24,0.07%,FUNG:24,FUNG:100.00%
ထွန်,24,0.07%,EQUIP:15; FARM_OP:9,EQUIP:62.50%; FARM_OP:37.50%
ပဲ,24,0.07%,CROP:24,CROP:100.00%
မိုးဦး,24,0.07%,SEASON:21; TIME:3,SEASON:87.50%; TIME:12.50%
မြေထုပ်စည်း,24,0.07%,FARM_OP:22; METHOD:2,FARM_OP:91.67%; METHOD:8.33%
မြေပြုပြင်,24,0.07%,FARM_OP:24,FARM_OP:100.00%
မြေသြဇာ,24,0.07%,FERT:24,FERT:100.00%
မှိုသတ်ဆေး,24,0.07%,FUNG:24,FUNG:100.00%
လှေး,24,0.07%,PEST:24,PEST:100.00%
ဟင်းသီးဟင်းရွက်,24,0.07%,FOOD:24,FOOD:100.00%
အလင်းရောင်,24,0.07%,WEATHER:24,WEATHER:100.00%
၅ရက်,24,0.07%,PERIOD:24,PERIOD:100.00%
ကိုင်းကူး,23,0.07%,FARM_OP:23,FARM_OP:100.00%
ကြံမျိုးပိုင်း,23,0.07%,SEED:23,SEED:100.00%
ဆစ်ပိုး,23,0.07%,PEST:23,PEST:100.00%
ထွန်ယက်,23,0.07%,FARM_OP:23,FARM_OP:100.00%
ပရိုပီကိုနာဇိုး,23,0.07%,FUNG:23,FUNG:100.00%
ပိုး,23,0.07%,PEST:23,PEST:100.00%
ပေါင်းပင်,23,0.07%,WEED:23,WEED:100.00%
ဖရုံ,23,0.07%,CROP:23,CROP:100.00%
အခွံ,23,0.07%,CROP_PART:23,CROP_PART:100.00%
အမိုင်နို,23,0.07%,FERT:21; NUT:2,FERT:91.30%; NUT:8.70%
အိန္ဒိယ,23,0.07%,LOC:23,LOC:100.00%
ခရမ်းချဥ်,22,0.06%,CROP:22,CROP:100.00%
ဂျင်း,22,0.06%,CROP:22,CROP:100.00%
ငါးအမိုင်နိုအက်စစ်,22,0.06%,FERT:22,FERT:100.00%
ဇွန်,22,0.06%,TIME:17; CROP:5,TIME:77.27%; CROP:22.73%
တီဘူကိုနာဇိုး,22,0.06%,FUNG:22,FUNG:100.00%
ဒိုင်မီသိုမော့,22,0.06%,FUNG:22,FUNG:100.00%
ပန်းပွင့်ချိန်,22,0.06%,TIME:22,TIME:100.00%
ပဲပင်,22,0.06%,CROP:22,CROP:100.00%
ပဲပုပ်,22,0.06%,CROP:22,CROP:100.00%
ပြောင်းရွှေ့စိုက်,22,0.06%,FARM_OP:22,FARM_OP:100.00%
ဖြတ်တောက်,22,0.06%,FARM_OP:22,FARM_OP:100.00%
မေလ,22,0.06%,TIME:22,TIME:100.00%
ယာစပါး,22,0.06%,CROP:22,CROP:100.00%
သဲမြေ,22,0.06%,SOIL_TYPE:22,SOIL_TYPE:100.00%
၈လက်မ,22,0.06%,DIST:22,DIST:100.00%
ကလိုရန်ထရာနီလီပရိုး,21,0.06%,PESTI:21,PESTI:100.00%
ကိုင်းဖြတ်ခြင်း,21,0.06%,FARM_OP:21,FARM_OP:100.00%
ကြက်ချေး,21,0.06%,FERT:21,FERT:100.00%
ခါးရိရောဂါ,21,0.06%,DIS:21,DIS:100.00%
ချဉ်ပေါင်,21,0.06%,CROP:21,CROP:100.00%
စိုက်ပျိုးထုတ်လုပ်,21,0.06%,FARM_OP:21,FARM_OP:100.00%
ဓာတ်မြေဩဇာ,21,0.06%,FERT:21,FERT:100.00%
မိုးရေချိန်,21,0.06%,WEATHER:21,WEATHER:100.00%
မေ,21,0.06%,TIME:21,TIME:100.00%
မြေစာဥ,21,0.06%,CROP:21,CROP:100.00%
ရိုးတံ,21,0.06%,CROP_PART:21,CROP_PART:100.00%
ရေပေးသွင်း,21,0.06%,FARM_OP:21,FARM_OP:100.00%
ရွက်,21,0.06%,CROP_PART:21,CROP_PART:100.00%
ရှမ်းပြည်နယ်,21,0.06%,LOC:21,LOC:100.00%
သိုင်ယာမီသောက်ဇမ်,21,0.06%,PESTI:21,PESTI:100.00%
ဟူးမစ်,21,0.06%,FERT:21,FERT:100.00%
အစိမ်းရောင်လမ်း,21,0.06%,ORG:21,ORG:100.00%
အဆီဖိတ်,21,0.06%,PESTI:19; NUT:2,PESTI:90.48%; NUT:9.52%
အတက်,21,0.06%,CROP_PART:21,CROP_PART:100.00%
၂လ,21,0.06%,PERIOD:21,PERIOD:100.00%
၄လက်မ,21,0.06%,DIST:21,DIST:100.00%
ကယ်လ်ဆီယမ်,20,0.06%,NUT:20,NUT:100.00%
ချဉ်စော်ကား,20,0.06%,CROP:20,CROP:100.00%
ညနေ,20,0.06%,TIME:20,TIME:100.00%
ထယ်,20,0.06%,EQUIP:20,EQUIP:100.00%
ထိန်းသိမ်း,20,0.06%,FARM_OP:20,FARM_OP:100.00%
ရို့စ်မေရီ,20,0.06%,CROP:20,CROP:100.00%
ရွက်ထွင်းပိုး,20,0.06%,PEST:20,PEST:100.00%
လူးနယ်,20,0.06%,FARM_OP:20,FARM_OP:100.00%
အဇိုဇီစထရိုဘင်,20,0.06%,FUNG:20,FUNG:100.00%
အာဟာရ,20,0.06%,NUT:20,NUT:100.00%
အေးမြ,20,0.06%,WEATHER:20,WEATHER:100.00%
၁၅ပတ်လည်,20,0.06%,FERT:20,FERT:100.00%
၃လက်မ,20,0.06%,DIST:20,DIST:100.00%
၆လ,20,0.06%,PERIOD:20,PERIOD:100.00%
ကယ်လ်စီယမ်,19,0.05%,NUT:19,NUT:100.00%
ခရမ်းချဉ်ပင်,19,0.05%,CROP:19,CROP:100.00%
ထွန်မွှေ,19,0.05%,FARM_OP:19,FARM_OP:100.00%
ဒိုင်လေး,19,0.05%,PESTI:19,PESTI:100.00%
ပိုးမွှားရောဂါ,19,0.05%,DIS:19,DIS:100.00%
မဂ္ဂနီဆီယမ်,19,0.05%,NUT:19,NUT:100.00%
မုန်လာဥနီ,19,0.05%,CROP:19,CROP:100.00%
မြေဖုံး,19,0.05%,FARM_OP:19,FARM_OP:100.00%
သဲနုန်းမြေ,19,0.05%,SOIL_TYPE:19,SOIL_TYPE:100.00%
အင်းဆက်,19,0.05%,PEST:19,PEST:100.00%
အပင်လောင်,19,0.05%,SYM:19,SYM:100.00%
၃နှစ်,19,0.05%,PERIOD:19,PERIOD:100.00%
ကုလားပဲ,18,0.05%,CROP:18,CROP:100.00%
ဆိုက်ပါမီသရင်,18,0.05%,PESTI:18,PESTI:100.00%
ပိန္နဲ,18,0.05%,CROP:18,CROP:100.00%
ပျ,18,0.05%,PEST:18,PEST:100.00%
မက်တယ်လက်ဇီး,18,0.05%,FUNG:18,FUNG:100.00%
မီးရှို့,18,0.05%,FARM_OP:18,FARM_OP:100.00%
မွှားပင့်ကူ,18,0.05%,PEST:18,PEST:100.00%
သဘာဝမြေဆွေး,18,0.05%,FERT:18,FERT:100.00%
သီးလုံးဖောက်ပိုး,18,0.05%,PEST:18,PEST:100.00%
အင်မီဒါကလိုပရစ်,18,0.05%,PESTI:18,PESTI:100.00%
အာဟာရချို့တဲ့,18,0.05%,SYM:18,SYM:100.00%
၁လ,18,0.05%,PERIOD:18,PERIOD:100.00%
၂၀လီတာ,18,0.05%,QTY:18,QTY:100.00%
စက်မှုလျှော်,17,0.05%,CROP:17,CROP:100.00%
ဆားခါး,17,0.05%,FERT:13; NUT:4,FERT:76.47%; NUT:23.53%
ထိပ်ဖျား,17,0.05%,CROP_PART:17,CROP_PART:100.00%
နွားချေးဆွေး,17,0.05%,FERT:17,FERT:100.00%
နှစ်ကြိမ်,17,0.05%,COUNT:16; PERIOD:1,COUNT:94.12%; PERIOD:5.88%
ပဲယင်း,17,0.05%,CROP:17,CROP:100.00%
ပျက်စီး,17,0.05%,SYM:17,SYM:100.00%
ဖြုတ်ပိုး,17,0.05%,PEST:17,PEST:100.00%
ဘိုကိတ်ပဲ,17,0.05%,CROP:17,CROP:100.00%
ရွက်ခြောက်ရောဂါ,17,0.05%,DIS:16; SYM:1,DIS:94.12%; SYM:5.88%
ရွက်ဖျန်း,17,0.05%,FERT:11; FARM_OP:6,FERT:64.71%; FARM_OP:35.29%
အစေ့များ,17,0.05%,SEED:17,SEED:100.00%
အပင်ပေါက်,17,0.05%,SYM:17,SYM:100.00%
အအေးဒဏ်,17,0.05%,ABIOD:17,ABIOD:100.00%
၂ရက်,17,0.05%,PERIOD:17,PERIOD:100.00%
၂လက်မ,17,0.05%,DIST:17,DIST:100.00%
၄ဇွန်း,17,0.05%,QTY:16; COUNT:1,QTY:94.12%; COUNT:5.88%
ကာဆူဂါမိုင်စင်,16,0.05%,FUNG:16,FUNG:100.00%
ဇွန်း,16,0.05%,QTY:16,QTY:100.00%
တစ်ကျင်း,16,0.05%,COUNT:16,COUNT:100.00%
တစ်စေ့,16,0.05%,COUNT:16,COUNT:100.00%
တစ်ပုံး,16,0.05%,COUNT:14; EQUIP:1; QTY:1,COUNT:87.50%; EQUIP:6.25%; QTY:6.25%
တူး,16,0.05%,FARM_OP:16,FARM_OP:100.00%
ထုံး,16,0.05%,FERT:16,FERT:100.00%
နှမ်းလျင်,16,0.05%,CROP:16,CROP:100.00%
ပီလောပီနံ,16,0.05%,CROP:16,CROP:100.00%
ပဲတောင့်ရှည်,16,0.05%,CROP:16,CROP:100.00%
ရေဝပ်ခြင်း,16,0.05%,ABIOD:15; SYM:1,ABIOD:93.75%; SYM:6.25%
ရွှေ့ပြောင်းစိုက်,16,0.05%,FARM_OP:16,FARM_OP:100.00%
သင်္ဘော,16,0.05%,CROP:16,CROP:100.00%
အရွက်စားဂန္ဓမာ,16,0.05%,CROP:16,CROP:100.00%
အအေး,16,0.05%,WEATHER:16,WEATHER:100.00%
၄ပေ,16,0.05%,DIST:16,DIST:100.00%
ကယ်လစီယမ်,15,0.04%,NUT:15,NUT:100.00%
ဆူးပုပ်,15,0.04%,CROP:15,CROP:100.00%
ပုရွက်ဆိတ်,15,0.04%,PEST:15,PEST:100.00%
ပူနွေး,15,0.04%,WEATHER:15,WEATHER:100.00%
ပေါင်းနှိမ်နင်း,15,0.04%,FARM_OP:15,FARM_OP:100.00%
ဖားဥမှိုရောဂါ,15,0.04%,DIS:15,DIS:100.00%
မတ်,15,0.04%,TIME:15,TIME:100.00%
မနက်,15,0.04%,TIME:15,TIME:100.00%
မန်ဂျန်ရှား,15,0.04%,CROP:15,CROP:100.00%
မိုးနှောင်း,15,0.04%,SEASON:14; TIME:1,SEASON:93.33%; TIME:6.67%
မိုးရွာသွန်းမှု,15,0.04%,WEATHER:15,WEATHER:100.00%
မြေပြင်ခြင်း,15,0.04%,FARM_OP:15,FARM_OP:100.00%
ရေငတ်ဒဏ်,15,0.04%,ABIOD:15,ABIOD:100.00%
လှန်း,15,0.04%,FARM_OP:15,FARM_OP:100.00%
သံဓာတ်,15,0.04%,NUT:15,NUT:100.00%
၂ပတ်,15,0.04%,PERIOD:15,PERIOD:100.00%
၂ပေ,15,0.04%,DIST:15,DIST:100.00%
၆ပေ,15,0.04%,DIST:15,DIST:100.00%
ကန့်,14,0.04%,NUT:14,NUT:100.00%
ကြွေ,14,0.04%,SYM:14,SYM:100.00%
စပိုင်နိုဆက်,14,0.04%,PESTI:14,PESTI:100.00%
စိုက်ခန်း,14,0.04%,EQUIP:14,EQUIP:100.00%
တကြိမ်,14,0.04%,COUNT:14,COUNT:100.00%
တစ်ဇွန်း,14,0.04%,QTY:11; COUNT:3,QTY:78.57%; COUNT:21.43%
နီမတုတ်,14,0.04%,PEST:10; DIS:2; PATH:2,PEST:71.43%; DIS:14.29%; PATH:14.29%
နှစ်မျိုး,14,0.04%,COUNT:14,COUNT:100.00%
ပေါင်းရှင်း,14,0.04%,FARM_OP:14,FARM_OP:100.00%
ပြောင်းဖူး,14,0.04%,CROP:14,CROP:100.00%
ဘောင်,14,0.04%,EQUIP:14,EQUIP:100.00%
မလေးရှား,14,0.04%,LOC:14,LOC:100.00%
သကြား,14,0.04%,FOOD:11; VAR:2; CROP:1,FOOD:78.57%; VAR:14.29%; CROP:7.14%
ဟူးမစ်အက်စစ်,14,0.04%,FERT:14,FERT:100.00%
အညွန့်,14,0.04%,CROP_PART:14,CROP_PART:100.00%
အနည်းလိုအာဟာရ,14,0.04%,NUT:14,NUT:100.00%
အောက်တိုဘာလ,14,0.04%,TIME:14,TIME:100.00%
၂ဇွန်း,14,0.04%,QTY:14,QTY:100.00%
ကစီဓာတ်,13,0.04%,NUT:13,NUT:100.00%
ကုသ,13,0.04%,FARM_OP:13,FARM_OP:100.00%
ကြွက်,13,0.04%,PEST:13,PEST:100.00%
ကွန်ပေါင်း,13,0.04%,FERT:13,FERT:100.00%
ငှက်,13,0.04%,PEST:13,PEST:100.00%
ညနေပိုင်း,13,0.04%,TIME:13,TIME:100.00%
တစ်နှစ်ပတ်လုံး,13,0.04%,PERIOD:13,PERIOD:100.00%
ထောပတ်သီး,13,0.04%,CROP:13,CROP:100.00%
နံ့သာဖြူ,13,0.04%,CROP:13,CROP:100.00%
ပင်ပွား,13,0.04%,CROP_PART:13,CROP_PART:100.00%
ပူပြင်း,13,0.04%,WEATHER:13,WEATHER:100.00%
ပဲပိစပ်,13,0.04%,CROP:13,CROP:100.00%
ပျိုးခင်း,13,0.04%,SEED:7; LOC:6,SEED:53.85%; LOC:46.15%
ဖို့စတိုင်းအလူမီနီယမ်,13,0.04%,FUNG:13,FUNG:100.00%
မက်တလက်ဇီး,13,0.04%,FUNG:13,FUNG:100.00%
မာလကာပင်,13,0.04%,CROP:13,CROP:100.00%
မြေဆီလွှာ,13,0.04%,SOIL_TYPE:13,SOIL_TYPE:100.00%
မြေနီ,13,0.04%,SOIL_TYPE:13,SOIL_TYPE:100.00%
ယခု,13,0.04%,TIME:13,TIME:100.00%
ရေစိမ်,13,0.04%,FARM_OP:13,FARM_OP:100.00%
ရော်ဘာ,13,0.04%,CROP:13,CROP:100.00%
ရွှေဖရုံ,13,0.04%,CROP:13,CROP:100.00%
လယ်,13,0.04%,LOC:13,LOC:100.00%
အပူဒဏ်,13,0.04%,ABIOD:13,ABIOD:100.00%
အီမာမက်တင်,13,0.04%,PESTI:13,PESTI:100.00%
၁၂လက်မ,13,0.04%,DIST:13,DIST:100.00%
၃,13,0.04%,COUNT:13,COUNT:100.00%
၃ကြိမ်,13,0.04%,COUNT:13,COUNT:100.00%
၄၅ရက်,13,0.04%,PERIOD:13,PERIOD:100.00%
ကာကွယ်နှိမ်နင်း,12,0.03%,FARM_OP:12,FARM_OP:100.00%
ကာဗွန်,12,0.03%,NUT:12,NUT:100.00%
ငရုပ်,12,0.03%,CROP:12,CROP:100.00%
စပိုင်ရိုမီစီဖင်,12,0.03%,PESTI:12,PESTI:100.00%
ညနေခင်း,12,0.03%,TIME:12,TIME:100.00%
တစ်တန်း,12,0.03%,COUNT:12,COUNT:100.00%
ပင်စည်ပုပ်ရောဂါ,12,0.03%,DIS:12,DIS:100.00%
ပလတ်စတစ်အိတ်,12,0.03%,EQUIP:11; QTY:1,EQUIP:91.67%; QTY:8.33%
ပျိုးဘောင်,12,0.03%,EQUIP:9; SEED:3,EQUIP:75.00%; SEED:25.00%
ဖျက်ဆီး,12,0.03%,FARM_OP:12,FARM_OP:100.00%
မတ်လ,12,0.03%,TIME:12,TIME:100.00%
မနက်ခင်း,12,0.03%,TIME:12,TIME:100.00%
မိုးရေ,12,0.03%,WEATHER:12,WEATHER:100.00%
မုန်ညင်း,12,0.03%,CROP:12,CROP:100.00%
မြေစေး,12,0.03%,SOIL_TYPE:12,SOIL_TYPE:100.00%
မွှား,12,0.03%,PEST:12,PEST:100.00%
ရက်၉၀,12,0.03%,PERIOD:7; VAR:5,PERIOD:58.33%; VAR:41.67%
ရွက်ပြောက်ရောဂါ,12,0.03%,DIS:12,DIS:100.00%
ရွှေအပ်မှို,12,0.03%,CROP:12,CROP:100.00%
ရွှေ့ပြောင်းစိုက်ပျိုး,12,0.03%,FARM_OP:12,FARM_OP:100.00%
သဘာဝမြေသြဇာ,12,0.03%,FERT:12,FERT:100.00%
သုံးကြိမ်,12,0.03%,COUNT:9; PERIOD:3,COUNT:75.00%; PERIOD:25.00%
အညွှန့်,12,0.03%,CROP_PART:12,CROP_PART:100.00%
အမေရိကန်,12,0.03%,LOC:12,LOC:100.00%
အေဇိုတက်,12,0.03%,FUNG:12,FUNG:100.00%
ဧရာဝတီတိုင်း,12,0.03%,LOC:12,LOC:100.00%
၁ဆ,12,0.03%,QTY:12,QTY:100.00%
၂ခု,12,0.03%,COUNT:12,COUNT:100.00%
၅ပေ,12,0.03%,DIST:12,DIST:100.00%
ခုတ်သိမ်း,11,0.03%,FARM_OP:11,FARM_OP:100.00%
ခူးဆွတ်ခြင်း,11,0.03%,FARM_OP:11,FARM_OP:100.00%
ငရုတ်ချို,11,0.03%,CROP:11,CROP:100.00%
စတော်ဘယ်ရီ,11,0.03%,CROP:11,CROP:100.00%
ဇူလိုင်,11,0.03%,TIME:11,TIME:100.00%
တစ်ဆ,11,0.03%,QTY:11,QTY:100.00%
တစ်လီတာ,11,0.03%,QTY:11,QTY:100.00%
တညင်း,11,0.03%,CROP:11,CROP:100.00%
တမာပိုးသတ်ဆေး,11,0.03%,PESTI:11,PESTI:100.00%
တူးဖို့ဒီ,11,0.03%,HERB:11,HERB:100.00%
ဒိုင်ဖန်နိုကိုနာဇိုး,11,0.03%,FUNG:11,FUNG:100.00%
နံနံပင်,11,0.03%,CROP:11,CROP:100.00%
နှစ်ပတ်,11,0.03%,PERIOD:11,PERIOD:100.00%
ဗီတာမင်,11,0.03%,NUT:11,NUT:100.00%
ဘောင်တင်,11,0.03%,FARM_OP:11,FARM_OP:100.00%
ဘေးတက်,11,0.03%,CROP_PART:11,CROP_PART:100.00%
မက်မန်း,11,0.03%,CROP:11,CROP:100.00%
မန္တလေးတိုင်း,11,0.03%,LOC:11,LOC:100.00%
မြန်မာပြည်,11,0.03%,LOC:11,LOC:100.00%
မှည့်ပျောက်စွန်းရောဂါ,11,0.03%,DIS:11,DIS:100.00%
ရိတ်သိမ်းချိန်,11,0.03%,TIME:11,TIME:100.00%
ရုံးပတီ,11,0.03%,CROP:11,CROP:100.00%
ရေသွင်းခြင်း,11,0.03%,FARM_OP:11,FARM_OP:100.00%
လာမ်ဒါဆိုင်ဟေလိုသရင်,11,0.03%,PESTI:11,PESTI:100.00%
လေဝင်လေထွက်,11,0.03%,WEATHER:11,WEATHER:100.00%
လောင်း,11,0.03%,FARM_OP:11,FARM_OP:100.00%
လှီးဖြတ်,11,0.03%,FARM_OP:11,FARM_OP:100.00%
သလဲသီး,11,0.03%,CROP:11,CROP:100.00%
သိုင်အိုဖာနိတ်မီသိုင်း,11,0.03%,FUNG:11,FUNG:100.00%
အင်ဒိုနီးရှား,11,0.03%,LOC:11,LOC:100.00%
အမြစ်ပုပ်,11,0.03%,SYM:9; DIS:2,SYM:81.82%; DIS:18.18%
အမြစ်ပုပ်ရောဂါ,11,0.03%,DIS:11,DIS:100.00%
အသား,11,0.03%,CROP_PART:11,CROP_PART:100.00%
အသီးမတင်,11,0.03%,SYM:11,SYM:100.00%
အဟာရချို့တဲ့,11,0.03%,SYM:11,SYM:100.00%
ဩဂုတ်,11,0.03%,TIME:11,TIME:100.00%
၁ဇွန်း,11,0.03%,QTY:10; COUNT:1,QTY:90.91%; COUNT:9.09%
၁လက်မ,11,0.03%,DIST:11,DIST:100.00%
၂၀ရက်,11,0.03%,PERIOD:11,PERIOD:100.00%
(၁)ဆ,10,0.03%,QTY:10,QTY:100.00%
(၂)ပေ,10,0.03%,DIST:10,DIST:100.00%
ကလိုဖန်နပိုင်ယာ,10,0.03%,PESTI:10,PESTI:100.00%
ကာတပ်ဟိုက်ဒရိုကလိုရိုက်,10,0.03%,PESTI:10,PESTI:100.00%
ကိုင်းဖျားခြောက်ရောဂါ,10,0.03%,DIS:10,DIS:100.00%
ကျားလက်ဝါးပင်,10,0.03%,CROP:10,CROP:100.00%
ကွမ်းပင်,10,0.03%,CROP:10,CROP:100.00%
ကွမ်းရွက်,10,0.03%,CROP:10,CROP:100.00%
ချင်းတက်,10,0.03%,CROP:10,CROP:100.00%
ချင်းမျိုးတက်,10,0.03%,SEED:10,SEED:100.00%
ခြွေ,10,0.03%,FARM_OP:10,FARM_OP:100.00%
ဂန္ဓမာ,10,0.03%,CROP:10,CROP:100.00%
ဂန္ဓမာပန်း,10,0.03%,CROP:10,CROP:100.00%
ဂျီဒဗလျူ၁၁,10,0.03%,VAR:10,VAR:100.00%
စစ်ကိုင်းတိုင်း,10,0.03%,LOC:10,LOC:100.00%
စိုက်ခြင်း,10,0.03%,FARM_OP:10,FARM_OP:100.00%
တရုတ်,10,0.03%,LOC:10,LOC:100.00%
ထွန်စက်,10,0.03%,EQUIP:10,EQUIP:100.00%
နှောင်းပင်နာကျရောဂါ,10,0.03%,DIS:10,DIS:100.00%
နှံစုပ်ပိုး,10,0.03%,PEST:10,PEST:100.00%
ပန်းပွင့်ချိန်,10,0.03%,TIME:10,TIME:100.00%
ပိုင်မီထရိုဇင်း,10,0.03%,PESTI:10,PESTI:100.00%
ပုလဲမြေဩဇာ,10,0.03%,FERT:10,FERT:100.00%
ပြင်ဦးလွင်,10,0.03%,LOC:10,LOC:100.00%
ဖို့စတိုင်း,10,0.03%,FUNG:10,FUNG:100.00%
ဖြူး,10,0.03%,FARM_OP:5; LOC:5,FARM_OP:50.00%; LOC:50.00%
မိုးစပါး,10,0.03%,CROP:5; SEASON:3; VAR:2,CROP:50.00%; SEASON:30.00%; VAR:20.00%
မြေပြုပြင်ခြင်း,10,0.03%,FARM_OP:10,FARM_OP:100.00%
မြေဖုံးခြင်း,10,0.03%,FARM_OP:10,FARM_OP:100.00%
မွှားပင့်ကူနီ,10,0.03%,PEST:10,PEST:100.00%
ရေဖျန်း,10,0.03%,FARM_OP:10,FARM_OP:100.00%
ရွှေ့စိုက်,10,0.03%,FARM_OP:10,FARM_OP:100.00%
လက်ဖက်ခြောက်,10,0.03%,FOOD:10,FOOD:100.00%
လင်းတာ,10,0.03%,WEATHER:10,WEATHER:100.00%
လမ်ဒါဆိုက်ဟယ်လိုသရင်,10,0.03%,PESTI:10,PESTI:100.00%
သခွားပင်,10,0.03%,CROP:10,CROP:100.00%
သခွားမွှေး,10,0.03%,CROP:10,CROP:100.00%
သင်္ဘောသီး,10,0.03%,CROP:10,CROP:100.00%
သရက်ထည်ပန်း,10,0.03%,CROP:10,CROP:100.00%
သဲ,10,0.03%,SOIL_TYPE:8; FERT:2,SOIL_TYPE:80.00%; FERT:20.00%
ဟက်ဇာကိုနာဇိုး,10,0.03%,FUNG:10,FUNG:100.00%
အနာကွက်,10,0.03%,SYM:10,SYM:100.00%
အပင်မတက်,10,0.03%,SYM:10,SYM:100.00%
အရွက်နု,10,0.03%,CROP_PART:10,CROP_PART:100.00%
အရွက်ဝါ,10,0.03%,SYM:10,SYM:100.00%
ဧပြီ,10,0.03%,TIME:10,TIME:100.00%
၁ကြိမ်,10,0.03%,COUNT:10,COUNT:100.00%
၁နှစ်,10,0.03%,PERIOD:10,PERIOD:100.00%
၂-၃ရက်,10,0.03%,PERIOD:9; PEST:1,PERIOD:90.00%; PEST:10.00%
၂နှစ်,10,0.03%,PERIOD:10,PERIOD:100.00%
၂မျိုး,10,0.03%,COUNT:10,COUNT:100.00%
ကညွတ်,9,0.03%,CROP:9,CROP:100.00%
ကန်စွန်းရွက်,9,0.03%,CROP:9,CROP:100.00%
ကျိုင်း,9,0.03%,PEST:9,PEST:100.00%
ကျောက်မှုန့်,9,0.03%,FERT:9,FERT:100.00%
ခရမ်းပင်,9,0.03%,CROP:9,CROP:100.00%
ခေါင်နှိမ်,9,0.03%,FARM_OP:9,FARM_OP:100.00%
ဂျစ်ပဆန်,9,0.03%,FERT:9,FERT:100.00%
စက်ဖွဲပြာ,9,0.03%,FERT:9,FERT:100.00%
စပါးလင်ဆီမွှေး,9,0.03%,CROP:9,CROP:100.00%
ဇွန်လ,9,0.03%,TIME:9,TIME:100.00%
တစ်ဂါလံ,9,0.03%,QTY:9,QTY:100.00%
ထိုင်း,9,0.03%,LOC:9,LOC:100.00%
ထောပတ်,9,0.03%,CROP:8; FOOD:1,CROP:88.89%; FOOD:11.11%
ဒီနှစ်,9,0.03%,TIME:9,TIME:100.00%
ဒူးရင်း,9,0.03%,CROP:9,CROP:100.00%
ဓါတ်ဆား,9,0.03%,NUT:9,NUT:100.00%
နိုက်ထရိုဂျင်ဓာတ်,9,0.03%,NUT:9,NUT:100.00%
ပင်စိမ်း,9,0.03%,CROP:9,CROP:100.00%
ပိုတက်စီယံ,9,0.03%,NUT:9,NUT:100.00%
ပျိုးခွက်,9,0.03%,EQUIP:9,EQUIP:100.00%
ဖိလစ်ပိုင်,9,0.03%,LOC:9,LOC:100.00%
ဖော့စဖိတ်,9,0.03%,FERT:5; NUT:4,FERT:55.56%; NUT:44.44%
ဖြုတ်စိမ်း,9,0.03%,PEST:9,PEST:100.00%
ဘက်တီးရီးယားရွက်ခြောက်ရောဂါ,9,0.03%,DIS:9,DIS:100.00%
ဘက်တီးရီးယားရွက်ပြောက်ရောဂါ,9,0.03%,DIS:9,DIS:100.00%
ဘူးပင်,9,0.03%,CROP:9,CROP:100.00%
မိုးတွင်း,9,0.03%,SEASON:9,SEASON:100.00%
မျိုးပွားခြင်း,9,0.03%,FARM_OP:9,FARM_OP:100.00%
မြေထုပ်စည်းနည်း,9,0.03%,METHOD:9,METHOD:100.00%
မြေအောင်းပိုး,9,0.03%,PEST:9,PEST:100.00%
ရေလောင်းခြင်း,9,0.03%,FARM_OP:9,FARM_OP:100.00%
ရောမွှေ,9,0.03%,FARM_OP:9,FARM_OP:100.00%
ရွက်ခြောက်,9,0.03%,SYM:9,SYM:100.00%
ဝတ်မှုန်,9,0.03%,CROP_PART:9,CROP_PART:100.00%
သလဲ,9,0.03%,CROP:9,CROP:100.00%
သုံးမျိုး,9,0.03%,COUNT:9,COUNT:100.00%
သံပုရာ,9,0.03%,CROP:9,CROP:100.00%
ဟင်းခတ်အမွှေးအကြိုင်,9,0.03%,FOOD:9,FOOD:100.00%
ဟိုက်ဒရိုပေါနစ်,9,0.03%,METHOD:9,METHOD:100.00%
အခင်း,9,0.03%,LOC:9,LOC:100.00%
အင်ဒိုဇာကပ်,9,0.03%,PESTI:9,PESTI:100.00%
အစက်အပြောက်,9,0.03%,SYM:9,SYM:100.00%
အထွက်နှုန်း,9,0.03%,YIELD:9,YIELD:100.00%
အပင်သေ,9,0.03%,SYM:9,SYM:100.00%
အမိုင်နိုအက်ဆစ်,9,0.03%,NUT:6; FERT:3,NUT:66.67%; FERT:33.33%
အမြစ်ရစ်,9,0.03%,CROP_PART:9,CROP_PART:100.00%
အမြစ်လောင်း,9,0.03%,CROP_PART:9,CROP_PART:100.00%
အရွက်တွန့်,9,0.03%,SYM:9,SYM:100.00%
အဝါရောင်,9,0.03%,SYM:9,SYM:100.00%
အဝါရောင်မိုစေ့ဗိုင်းရပ်စ်ရောဂါ,9,0.03%,DIS:9,DIS:100.00%
အသီးကင်း,9,0.03%,CROP_PART:9,CROP_PART:100.00%
အသီးများ,9,0.03%,CROP_PART:9,CROP_PART:100.00%
အိတ်ဝက်,9,0.03%,QTY:9,QTY:100.00%
၁,9,0.03%,COUNT:9,COUNT:100.00%
၁၀,9,0.03%,COUNT:9,COUNT:100.00%
၁၅ရက်သား,9,0.03%,PERIOD:9,PERIOD:100.00%
၃ဇွန်း,9,0.03%,QTY:9,QTY:100.00%
၄လ,9,0.03%,PERIOD:9,PERIOD:100.00%
၅,9,0.03%,COUNT:9,COUNT:100.00%
၇ရက်ခြား,9,0.03%,PERIOD:9,PERIOD:100.00%
(၃)ပေ,8,0.02%,DIST:8,DIST:100.00%
(၆)လက်မ,8,0.02%,DIST:8,DIST:100.00%
15ပတ်လည်,8,0.02%,FERT:8,FERT:100.00%
15ရက်,8,0.02%,PERIOD:8,PERIOD:100.00%
1လ,8,0.02%,PERIOD:8,PERIOD:100.00%
45ရက်,8,0.02%,PERIOD:8,PERIOD:100.00%
ကောက်ရိုး,8,0.02%,EQUIP:4; FERT:4,EQUIP:50.00%; FERT:50.00%
ကျင်းတူး,8,0.02%,FARM_OP:8,FARM_OP:100.00%
ကြက်ဟင်းခါး,8,0.02%,CROP:8,CROP:100.00%
ခရမ်းချဥ်ပင်,8,0.02%,CROP:8,CROP:100.00%
စက်တင်ဘာလ,8,0.02%,TIME:8,TIME:100.00%
စပါးလင်,8,0.02%,CROP:8,CROP:100.00%
စိုက်ကျင်း,8,0.02%,FARM_OP:8,FARM_OP:100.00%
စိုက်ပျိုးရေးဦးစီးဌာန,8,0.02%,ORG:8,ORG:100.00%
စောင်းလျားသီး,8,0.02%,CROP:8,CROP:100.00%
တက်ဗျူကိုနာဇိုး,8,0.02%,FUNG:8,FUNG:100.00%
တစ်ရက်,8,0.02%,PERIOD:7; COUNT:1,PERIOD:87.50%; COUNT:12.50%
တရုတ်နိုင်ငံ,8,0.02%,LOC:8,LOC:100.00%
တောနစ်,8,0.02%,FERT:5; NUT:3,FERT:62.50%; NUT:37.50%
ဒိုင်နိုတီဖျူရန်,8,0.02%,PESTI:8,PESTI:100.00%
ဒေသမျိုး,8,0.02%,VAR:8,VAR:100.00%
နှစ်ခု,8,0.02%,COUNT:8,COUNT:100.00%
နှံစားပြောင်း,8,0.02%,CROP:8,CROP:100.00%
ပင်စည်ထိုးပိုး,8,0.02%,PEST:8,PEST:100.00%
ပန်းအာလူး,8,0.02%,CROP:8,CROP:100.00%
ပန်းဥ,8,0.02%,SEED:8,SEED:100.00%
ပဲစင်းငုံ,8,0.02%,CROP:8,CROP:100.00%
ပွင့်ထွေးပိုး,8,0.02%,PEST:8,PEST:100.00%
ဗိုင်းရပ်စ်ရောဂါ,8,0.02%,DIS:7; PATH:1,DIS:87.50%; PATH:12.50%
မက်ပဲ,8,0.02%,CROP:8,CROP:100.00%
မဂ္ဂနီစီယမ်,8,0.02%,NUT:8,NUT:100.00%
မနေ့က,8,0.02%,TIME:8,TIME:100.00%
မိုးခေါင်ဒဏ်,8,0.02%,ABIOD:8,ABIOD:100.00%
မျိုးစေ့များ,8,0.02%,SEED:8,SEED:100.00%
မျောက်ငိုသီး,8,0.02%,CROP:8,CROP:100.00%
မြေခံ,8,0.02%,FARM_OP:8,FARM_OP:100.00%
မြေဆီကျွေး,8,0.02%,FARM_OP:8,FARM_OP:100.00%
ရေသွင်းရေထုတ်,8,0.02%,FARM_OP:8,FARM_OP:100.00%
ရေအနည်းလိုစပါး,8,0.02%,CROP:8,CROP:100.00%
ရွက်မှန်စုံပျိုးပင်,8,0.02%,CROP:8,CROP:100.00%
ရွက်လိပ်ပိုး,8,0.02%,PEST:8,PEST:100.00%
ရွာငံမြို့နယ်,8,0.02%,LOC:8,LOC:100.00%
လောက်ကောင်,8,0.02%,PEST:8,PEST:100.00%
လောင်ဂန်,8,0.02%,CROP:8,CROP:100.00%
ဝတ်မှုန်ကူးခြင်း,8,0.02%,FARM_OP:8,FARM_OP:100.00%
သီးထိုးယင်,8,0.02%,PEST:8,PEST:100.00%
သုံးလ,8,0.02%,PERIOD:8,PERIOD:100.00%
သံချေးရောဂါ,8,0.02%,DIS:8,DIS:100.00%
အင်ဇိုင်း,8,0.02%,PATH:8,PATH:100.00%
အပူပိုင်း,8,0.02%,WEATHER:6; LOC:2,WEATHER:75.00%; LOC:25.00%
အဖူးကိုင်း,8,0.02%,SEED:5; CROP_PART:3,SEED:62.50%; CROP_PART:37.50%
အလှည့်ကျ,8,0.02%,METHOD:8,METHOD:100.00%
အဝါရောင်ပြောင်း,8,0.02%,SYM:8,SYM:100.00%
အာရှ,8,0.02%,LOC:8,LOC:100.00%
၁၀ဂရမ်,8,0.02%,QTY:8,QTY:100.00%
၂,8,0.02%,COUNT:8,COUNT:100.00%
၄ဂါလံ,8,0.02%,QTY:8,QTY:100.00%
၅နှစ်,8,0.02%,PERIOD:8,PERIOD:100.00%
50%,7,0.02%,QTY:7,QTY:100.00%
ကိုက်စားပိုး,7,0.02%,PEST:7,PEST:100.00%
ကိုက်လန်,7,0.02%,CROP:7,CROP:100.00%
ကောက်ရိုးမှို,7,0.02%,CROP:7,CROP:100.00%
ကြံချောင်း,7,0.02%,CROP_PART:7,CROP_PART:100.00%
ကြွေကျ,7,0.02%,SYM:7,SYM:100.00%
ခရု,7,0.02%,PEST:7,PEST:100.00%
ခုတ်,7,0.02%,FARM_OP:7,FARM_OP:100.00%
ခုတ်ချိန်,7,0.02%,TIME:7,TIME:100.00%
ချင်းပြည်နယ်,7,0.02%,LOC:7,LOC:100.00%
ငရုတ်ပင်,7,0.02%,CROP:7,CROP:100.00%
စိုက်ကွင်း,7,0.02%,LOC:7,LOC:100.00%
စံကားဝါ,7,0.02%,CROP:7,CROP:100.00%
ဆင်းသုခ,7,0.02%,VAR:7,VAR:100.00%
ဇော်စိမ်း,7,0.02%,CROP:7,CROP:100.00%
ဈေး,7,0.02%,PRICE:7,PRICE:100.00%
ဈေးကွက်,7,0.02%,PRICE:7,PRICE:100.00%
တင်လဲရည်,7,0.02%,NUT:6; FERT:1,NUT:85.71%; FERT:14.29%
တမာဆီ,7,0.02%,PESTI:7,PESTI:100.00%
တိုင်ထောင်ပဲ,7,0.02%,CROP:6; VAR:1,CROP:85.71%; VAR:14.29%
ဓာတ်မြေသြဇာ,7,0.02%,FERT:7,FERT:100.00%
နုတ်ယူ,7,0.02%,FARM_OP:7,FARM_OP:100.00%
နွေဦး,7,0.02%,SEASON:7,SEASON:100.00%
နှင်း,7,0.02%,WEATHER:7,WEATHER:100.00%
နှမ်းရွက်,7,0.02%,CROP:7,CROP:100.00%
ပင်ညှိုးရောဂါ,7,0.02%,DIS:7,DIS:100.00%
ပင်ဖျား,7,0.02%,CROP_PART:7,CROP_PART:100.00%
ပင့်ကူနီ,7,0.02%,PEST:7,PEST:100.00%
ပန်းအိုး,7,0.02%,EQUIP:7,EQUIP:100.00%
ပိုးကောင်,7,0.02%,PEST:7,PEST:100.00%
ပူဒီနာ,7,0.02%,CROP:7,CROP:100.00%
ပေါင်းလိုက်,7,0.02%,FARM_OP:7,FARM_OP:100.00%
ပဲခူးတိုင်း,7,0.02%,LOC:7,LOC:100.00%
ပျား,7,0.02%,PEST:7,PEST:100.00%
ပျိုးထောင်ခြင်း,7,0.02%,FARM_OP:7,FARM_OP:100.00%
ဖလူဘန်ဒီအမိုက်,7,0.02%,PESTI:7,PESTI:100.00%
ဖော့စဖရပ်စ်,7,0.02%,NUT:7,NUT:100.00%
ဖျူရာဒန်,7,0.02%,PESTI:7,PESTI:100.00%
ဖျော်ရည်,7,0.02%,FOOD:5; FERT:2,FOOD:71.43%; FERT:28.57%
ဖြုတ်,7,0.02%,PEST:7,PEST:100.00%
ဘက်တီးရီးယားရောဂါ,7,0.02%,DIS:7,DIS:100.00%
ဘစ်စပိုင်ရီဘက်ဆိုဒီယမ်,7,0.02%,HERB:7,HERB:100.00%
မတ်ပဲပင်,7,0.02%,CROP:7,CROP:100.00%
မိုးကြို,7,0.02%,SEASON:7,SEASON:100.00%
မိုးဦးကျ,7,0.02%,SEASON:4; TIME:3,SEASON:57.14%; TIME:42.86%
မျိုးပိုင်းဖြတ်,7,0.02%,SEED:7,SEED:100.00%
မျိုးဥ,7,0.02%,SEED:7,SEED:100.00%
မြက်မုန်ညင်း,7,0.02%,WEED:7,WEED:100.00%
မြစ်,7,0.02%,CROP_PART:7,CROP_PART:100.00%
မြန်မာ,7,0.02%,LOC:7,LOC:100.00%
မှိုပွင့်,7,0.02%,CROP_PART:6; CROP:1,CROP_PART:85.71%; CROP:14.29%
မှိုသတ်ဆေးဖျန်း,7,0.02%,FARM_OP:7,FARM_OP:100.00%
ယူနတီ,7,0.02%,FUNG:7,FUNG:100.00%
ရန်ကုန်,7,0.02%,LOC:7,LOC:100.00%
ရေကန်,7,0.02%,EQUIP:7,EQUIP:100.00%
ရေမွှေးပန်း,7,0.02%,CROP:7,CROP:100.00%
ရွက်ပြန့်ပေါင်း,7,0.02%,WEED:7,WEED:100.00%
လယ်မြေ,7,0.02%,SOIL_TYPE:7,SOIL_TYPE:100.00%
လိပ်,7,0.02%,SYM:7,SYM:100.00%
လေတိုက်,7,0.02%,WEATHER:7,WEATHER:100.00%
ဝတ်မှုံကူး,7,0.02%,FARM_OP:7,FARM_OP:100.00%
ဝိစာရ,7,0.02%,ORG:7,ORG:100.00%
ဝိုင်,7,0.02%,FOOD:7,FOOD:100.00%
သစ်ရွက်ဆွေး,7,0.02%,FERT:7,FERT:100.00%
သီးတောင့်,7,0.02%,CROP_PART:7,CROP_PART:100.00%
သုံးနှစ်,7,0.02%,PERIOD:7,PERIOD:100.00%
သံပုရာပင်,7,0.02%,CROP:7,CROP:100.00%
အကိုင်းဆက်ခြင်း,7,0.02%,FARM_OP:7,FARM_OP:100.00%
အစာကြောစည်း,7,0.02%,CROP_PART:7,CROP_PART:100.00%
အစို့,7,0.02%,CROP_PART:7,CROP_PART:100.00%
အစေ့ချ,7,0.02%,FARM_OP:7,FARM_OP:100.00%
အဇောက်စီစထရိုဘင်,7,0.02%,FUNG:7,FUNG:100.00%
အထွက်လျော့နည်း,7,0.02%,SYM:7,SYM:100.00%
အဖူးမြှုပ်,7,0.02%,FARM_OP:7,FARM_OP:100.00%
အရွက်လိပ်,7,0.02%,SYM:7,SYM:100.00%
အသီးပုပ်,7,0.02%,SYM:7,SYM:100.00%
အာမို,7,0.02%,ORG:5; FERT:2,ORG:71.43%; FERT:28.57%
အီမာမက်တင်ဘင်ဇိုးရိတ်,7,0.02%,PESTI:7,PESTI:100.00%
အီမာမက်တင်ဘန်ဇိုအိတ်,7,0.02%,PESTI:7,PESTI:100.00%
ဧပြီလ,7,0.02%,TIME:7,TIME:100.00%
ဧရာမင်း,7,0.02%,VAR:7,VAR:100.00%
၁၁၂ပေါင်,7,0.02%,QTY:7,QTY:100.00%
၁၄ရက်,7,0.02%,PERIOD:7,PERIOD:100.00%
၁၅ရက်ခြား,7,0.02%,PERIOD:7,PERIOD:100.00%
၂ဆ,7,0.02%,QTY:7,QTY:100.00%
၂၀ကီလိုဂရမ်,7,0.02%,QTY:7,QTY:100.00%
၂၄နာရီ,7,0.02%,PERIOD:6; TIME:1,PERIOD:85.71%; TIME:14.29%
၅လ,7,0.02%,PERIOD:7,PERIOD:100.00%
၅လက်မ,7,0.02%,DIST:7,DIST:100.00%
၇,7,0.02%,COUNT:7,COUNT:100.00%
(၁)အိတ်,6,0.02%,QTY:4; COUNT:2,QTY:66.67%; COUNT:33.33%
(၁၀)ရက်,6,0.02%,PERIOD:6,PERIOD:100.00%
(၆၀)ကျပ်သား,6,0.02%,QTY:6,QTY:100.00%
ကိုင်းချိုင်,6,0.02%,FARM_OP:6,FARM_OP:100.00%
ကိုင်းအခက်,6,0.02%,CROP_PART:6,CROP_PART:100.00%
ကော့ပါးဟိုက်ဒြောက်ဆိုဒ်,6,0.02%,FUNG:6,FUNG:100.00%
ကျိုင်းကောင်,6,0.02%,PEST:6,PEST:100.00%
ကြက်သွန်မြိတ်ကြီး,6,0.02%,CROP:6,CROP:100.00%
ကြွက်နားရွက်မှို,6,0.02%,CROP:6,CROP:100.00%
ခဲပါလိုက်မြေ,6,0.02%,SOIL_TYPE:6,SOIL_TYPE:100.00%
ဂလိုင်ဖိုဆိတ်,6,0.02%,HERB:6,HERB:100.00%
ဂေါ်ဖီထုပ်,6,0.02%,CROP:6,CROP:100.00%
ဂျင်းတက်,6,0.02%,CROP_PART:6,CROP_PART:100.00%
ငှက်ပျောပင်,6,0.02%,CROP:6,CROP:100.00%
စပါးခွံ,6,0.02%,FERT:6,FERT:100.00%
စပ်မျိုး,6,0.02%,VAR:6,VAR:100.00%
ဆောင်းဦး,6,0.02%,SEASON:6,SEASON:100.00%
ဆေးရွက်ကြီး,6,0.02%,CROP:6,CROP:100.00%
တစ်လသား,6,0.02%,PERIOD:6,PERIOD:100.00%
တစ်ဟက်တာ,6,0.02%,DIST:4; QTY:2,DIST:66.67%; QTY:33.33%
ထန်းလျှက်,6,0.02%,FOOD:6,FOOD:100.00%
ထိုင်းနိုင်ငံ,6,0.02%,LOC:6,LOC:100.00%
ထုတ်ပိုး,6,0.02%,FARM_OP:6,FARM_OP:100.00%
ထူးကောင်း,6,0.02%,FERT:6,FERT:100.00%
ထောပတ်ပင်,6,0.02%,CROP:6,CROP:100.00%
ဒန့်ဒလွန်,6,0.02%,CROP:6,CROP:100.00%
နယ်,6,0.02%,FARM_OP:6,FARM_OP:100.00%
နိုဝင်ဘာလ,6,0.02%,TIME:6,TIME:100.00%
နေပြည်တော်,6,0.02%,LOC:6,LOC:100.00%
နံနံ,6,0.02%,CROP:6,CROP:100.00%
နွားချေးမြေဆွေး,6,0.02%,FERT:6,FERT:100.00%
ပက်ကျိ,6,0.02%,PEST:6,PEST:100.00%
ပင်ကြားတန်းကြား,6,0.02%,METHOD:6,METHOD:100.00%
ပင်ခြေပုပ်ရောဂါ,6,0.02%,DIS:6,DIS:100.00%
ပညာရှင်,6,0.02%,ORG:6,ORG:100.00%
ပရိုမက်တင်,6,0.02%,PESTI:6,PESTI:100.00%
ပလတ်စတစ်စ,6,0.02%,EQUIP:6,EQUIP:100.00%
ပိန်းနဲသီး,6,0.02%,CROP:6,CROP:100.00%
ပိုက်ဆံလျှော်,6,0.02%,CROP:6,CROP:100.00%
ပိုင်ရီဒါဘင်,6,0.02%,PESTI:6,PESTI:100.00%
ပဲတောင့်ရှည်,6,0.02%,CROP:6,CROP:100.00%
ပျိုးဗန်း,6,0.02%,EQUIP:6,EQUIP:100.00%
ပျိုးအိုး,6,0.02%,EQUIP:6,EQUIP:100.00%
ပြောင်းပင်,6,0.02%,CROP:6,CROP:100.00%
ဖား,6,0.02%,PEST:6,PEST:100.00%
ဖော်ယူ,6,0.02%,PESTI:6,PESTI:100.00%
ဖျော်စပ်,6,0.02%,FARM_OP:6,FARM_OP:100.00%
ဖြန်း,6,0.02%,FARM_OP:6,FARM_OP:100.00%
ဖွဲပြာ,6,0.02%,FERT:6,FERT:100.00%
ဗန်း,6,0.02%,EQUIP:6,EQUIP:100.00%
ဗိုင်းရပ်ရောဂါ,6,0.02%,DIS:6,DIS:100.00%
ဘူးသီး,6,0.02%,CROP:6,CROP:100.00%
ဘေဘီဂရင်း,6,0.02%,CROP:6,CROP:100.00%
ဘော်ဒိုဆေးရည်,6,0.02%,FUNG:6,FUNG:100.00%
မာလကာ,6,0.02%,CROP:6,CROP:100.00%
မိုက်ကိုရိုင်ဇာမှို,6,0.02%,PATH:6,PATH:100.00%
မြေချဉ်,6,0.02%,SOIL_TYPE:6,SOIL_TYPE:100.00%
မြေပြန့်,6,0.02%,SOIL_TYPE:6,SOIL_TYPE:100.00%
မြှုပ်,6,0.02%,FARM_OP:6,FARM_OP:100.00%
ရက်၉၀စပါး,6,0.02%,VAR:6,VAR:100.00%
ရာသီဥတုအေး,6,0.02%,WEATHER:6,WEATHER:100.00%
ရေသောက်မြစ်,6,0.02%,CROP_PART:6,CROP_PART:100.00%
ရွက်ပြား,6,0.02%,CROP_PART:6,CROP_PART:100.00%
ရွက်ဖျား,6,0.02%,CROP_PART:6,CROP_PART:100.00%
ရွေးချယ်,6,0.02%,FARM_OP:6,FARM_OP:100.00%
ရှမ်းပြည်,6,0.02%,LOC:6,LOC:100.00%
လက်ပေါင်းလိုက်,6,0.02%,FARM_OP:6,FARM_OP:100.00%
လက်ဖက်စိမ်းခြောက်,6,0.02%,FOOD:6,FOOD:100.00%
လူး,6,0.02%,CROP:6,CROP:100.00%
သခွားသီး,6,0.02%,CROP:6,CROP:100.00%
သစ်စိမ်းမြေဩဇာ,6,0.02%,FERT:6,FERT:100.00%
သစ်မွှေး,6,0.02%,CROP:6,CROP:100.00%
သန့်စင်,6,0.02%,FARM_OP:6,FARM_OP:100.00%
သပ်သွင်းပင်ထောက်ကိုင်းဆက်နည်း,6,0.02%,METHOD:6,METHOD:100.00%
သရက်သီး,6,0.02%,CROP:6,CROP:100.00%
သားခွဲ,6,0.02%,FARM_OP:6,FARM_OP:100.00%
သိမ်းဆည်း,6,0.02%,FARM_OP:6,FARM_OP:100.00%
သဲဆန်မြေ,6,0.02%,SOIL_TYPE:6,SOIL_TYPE:100.00%
ဟိုင်မက်ဇော,6,0.02%,FUNG:6,FUNG:100.00%
အချဉ်ဖောက်,6,0.02%,FARM_OP:6,FARM_OP:100.00%
အစားအစာ,6,0.02%,FOOD:6,FOOD:100.00%
အတွင်းသား,6,0.02%,CROP_PART:6,CROP_PART:100.00%
အနှစ်,6,0.02%,CROP_PART:6,CROP_PART:100.00%
အပေါက်,6,0.02%,SYM:6,SYM:100.00%
အဖျားခြောက်,6,0.02%,SYM:6,SYM:100.00%
အဘာမက်တင်,6,0.02%,PESTI:6,PESTI:100.00%
အရွက်များ,6,0.02%,CROP_PART:6,CROP_PART:100.00%
အသားတိုးလွှာ,6,0.02%,CROP_PART:6,CROP_PART:100.00%
အုန်းသီး,6,0.02%,CROP_PART:5; CROP:1,CROP_PART:83.33%; CROP:16.67%
အောက်ခံပင်,6,0.02%,SEED:6,SEED:100.00%
အောက်ဆိုလင်းနစ်အက်စစ်,6,0.02%,FUNG:5; PESTI:1,FUNG:83.33%; PESTI:16.67%
၀,6,0.02%,COUNT:6,COUNT:100.00%
၁အိတ်,6,0.02%,QTY:4; COUNT:2,QTY:66.67%; COUNT:33.33%
၁၀ဆ,6,0.02%,QTY:6,QTY:100.00%
၁၀သိန်း,6,0.02%,PRICE:6,PRICE:100.00%
၁၂လ,6,0.02%,PERIOD:6,PERIOD:100.00%
၁၃ဒီဂရီစင်တီဂရိတ်,6,0.02%,TEMP:5; QTY:1,TEMP:83.33%; QTY:16.67%
၁၅,6,0.02%,COUNT:6,COUNT:100.00%
၂-၃ပတ်,6,0.02%,PERIOD:6,PERIOD:100.00%
၂-၃လက်မ,6,0.02%,DIST:6,DIST:100.00%
၃ဆ,6,0.02%,QTY:6,QTY:100.00%
၃ရက်ခြား,6,0.02%,PERIOD:6,PERIOD:100.00%
၃လ,6,0.02%,PERIOD:6,PERIOD:100.00%
၃၀ဒီဂရီစင်တီဂရိတ်,6,0.02%,TEMP:6,TEMP:100.00%
၃၅ရက်,6,0.02%,PERIOD:6,PERIOD:100.00%
၄,6,0.02%,COUNT:6,COUNT:100.00%
၄ပတ်,6,0.02%,PERIOD:6,PERIOD:100.00%
၄ရက်,6,0.02%,PERIOD:6,PERIOD:100.00%
၄၅ရက်သား,6,0.02%,PERIOD:6,PERIOD:100.00%
၇လ,6,0.02%,PERIOD:6,PERIOD:100.00%
၇၅ရက်,6,0.02%,PERIOD:6,PERIOD:100.00%
၈လ,6,0.02%,PERIOD:6,PERIOD:100.00%
၉လက်မ,6,0.02%,DIST:6,DIST:100.00%
(၁)ပေ,5,0.01%,DIST:5,DIST:100.00%
(၂)ဆ,5,0.01%,QTY:5,QTY:100.00%
(၂)ပတ်,5,0.01%,PERIOD:5,PERIOD:100.00%
(၄)ဂါလံ,5,0.01%,QTY:5,QTY:100.00%
0:52:34,5,0.01%,FERT:5,FERT:100.00%
14ရက်,5,0.01%,PERIOD:5,PERIOD:100.00%
35ရက်,5,0.01%,PERIOD:5,PERIOD:100.00%
3ရက်,5,0.01%,PERIOD:5,PERIOD:100.00%
7ရက်,5,0.01%,PERIOD:5,PERIOD:100.00%
ကန့်,5,0.01%,NUT:5,NUT:100.00%
ကယ်ဆီယမ်,5,0.01%,NUT:5,NUT:100.00%
ကယ်မက်ဟက်,5,0.01%,NUT:3; FERT:2,NUT:60.00%; FERT:40.00%
ကလိုရင်း,5,0.01%,FUNG:4; NUT:1,FUNG:80.00%; NUT:20.00%
ကာဘိုဆာလဖန်,5,0.01%,PESTI:5,PESTI:100.00%
ကိုင်းကူးကိုင်းဆက်,5,0.01%,FARM_OP:5,FARM_OP:100.00%
ကိုင်းဖြတ်ပိုင်း,5,0.01%,CROP_PART:5,CROP_PART:100.00%
ကျောက်မှုန့်,5,0.01%,FERT:5,FERT:100.00%
ကွီဇာလိုဖော့,5,0.01%,HERB:5,HERB:100.00%
ခရမ်းသီး,5,0.01%,CROP:5,CROP:100.00%
ခဝဲ,5,0.01%,CROP:5,CROP:100.00%
ခုတ်ဖုံး,5,0.01%,FARM_OP:5,FARM_OP:100.00%
ဂျစ်ဘရယ်လင်,5,0.01%,FERT:3; NUT:2,FERT:60.00%; NUT:40.00%
ငမြှောင်တောင်,5,0.01%,PEST:5,PEST:100.00%
စက်,5,0.01%,EQUIP:5,EQUIP:100.00%
စပါးစေ့,5,0.01%,SEED:5,SEED:100.00%
စပျစ်,5,0.01%,CROP:5,CROP:100.00%
စိုက်ပျိုးထုတ်လုပ်ခြင်း,5,0.01%,FARM_OP:5,FARM_OP:100.00%
စိုက်ပျိုးမှု,5,0.01%,FARM_OP:5,FARM_OP:100.00%
စိုက်ပျိုးရေးသုတေသနဦးစီးဌာန,5,0.01%,ORG:5,ORG:100.00%
စွယ်,5,0.01%,CROP_PART:5,CROP_PART:100.00%
ဆန်ကွဲ,5,0.01%,FOOD:5,FOOD:100.00%
ဆလပ်,5,0.01%,CROP:5,CROP:100.00%
ဆိုင်မိုဇနေး,5,0.01%,FUNG:5,FUNG:100.00%
ဆိုင်မောက်ဆနီလ်,5,0.01%,FUNG:5,FUNG:100.00%
ဆိုင်လာ,5,0.01%,PESTI:5,PESTI:100.00%
ဆီထွက်မုန်ညှင်း,5,0.01%,CROP:5,CROP:100.00%
ဆီးသီး,5,0.01%,CROP:5,CROP:100.00%
ဆူးကရို့စ်,5,0.01%,NUT:5,NUT:100.00%
ညိုး,5,0.01%,SYM:5,SYM:100.00%
တစ်ခါ,5,0.01%,COUNT:5,COUNT:100.00%
တစ်စိတ်,5,0.01%,QTY:5,QTY:100.00%
တစ်နေ့,5,0.01%,PERIOD:5,PERIOD:100.00%
တစ်လက်မ,5,0.01%,DIST:5,DIST:100.00%
တအိတ်,5,0.01%,COUNT:4; QTY:1,COUNT:80.00%; QTY:20.00%
တာချီလန်,5,0.01%,CROP:5,CROP:100.00%
တိုင်ထောင်,5,0.01%,FARM_OP:5,FARM_OP:100.00%
ထယ်ရေး,5,0.01%,FARM_OP:5,FARM_OP:100.00%
ထရိုင်ဂိုဒါးမား,5,0.01%,FUNG:5,FUNG:100.00%
ထိုင်ဝမ်,5,0.01%,LOC:5,LOC:100.00%
ထွန်ရေး,5,0.01%,FARM_OP:5,FARM_OP:100.00%
ဒိုင်ဖီနိုကိုနာဇော,5,0.01%,FUNG:5,FUNG:100.00%
ဒေါင်းနီးရွက်ခြောက်ရောဂါ,5,0.01%,DIS:5,DIS:100.00%
နနွင်းရောဂါ,5,0.01%,DIS:5,DIS:100.00%
နိုက်ထရိုဖီနော,5,0.01%,FERT:3; NUT:2,FERT:60.00%; NUT:40.00%
နံနက်ပိုင်း,5,0.01%,TIME:5,TIME:100.00%
နှစ်စဉ်,5,0.01%,PERIOD:5,PERIOD:100.00%
နှစ်ဆ,5,0.01%,QTY:5,QTY:100.00%
နှစ်လ,5,0.01%,PERIOD:5,PERIOD:100.00%
နှမ်းပင်,5,0.01%,CROP:5,CROP:100.00%
နှမ်းဖတ်ပုပ်ရည်,5,0.01%,FERT:5,FERT:100.00%
ပန်းဂေါ်ဖီ,5,0.01%,CROP:5,CROP:100.00%
ပလပ်စတစ်ကွင်း,5,0.01%,EQUIP:5,EQUIP:100.00%
ပလပ်စတစ်အိတ်,5,0.01%,EQUIP:5,EQUIP:100.00%
ပိုးစေးနှဲ,5,0.01%,PEST:5,PEST:100.00%
ပိုးလောက်ကောင်,5,0.01%,PEST:5,PEST:100.00%
ပုံသွင်း,5,0.01%,FARM_OP:5,FARM_OP:100.00%
ပေါက်ပြား,5,0.01%,EQUIP:5,EQUIP:100.00%
ပဲဖြူကလေး,5,0.01%,CROP:5,CROP:100.00%
ပဲသီး,5,0.01%,CROP:3; CROP_PART:2,CROP:60.00%; CROP_PART:40.00%
ပျိုးခြင်း,5,0.01%,FARM_OP:5,FARM_OP:100.00%
ပြောင်းရွေ့စိုက်,5,0.01%,FARM_OP:5,FARM_OP:100.00%
ပွင့်သီးရှယ်,5,0.01%,FERT:5,FERT:100.00%
ပွင့်ထွေးပိုး,5,0.01%,PEST:5,PEST:100.00%
ပွင့်သီးရှယ်,5,0.01%,FERT:5,FERT:100.00%
ဖက်ဖယ်,5,0.01%,CROP:5,CROP:100.00%
ဖားဥမှို,5,0.01%,DIS:4; PATH:1,DIS:80.00%; PATH:20.00%
ဖိစီးမှု,5,0.01%,SYM:5,SYM:100.00%
ဖိုမီဆာဖန်,5,0.01%,HERB:5,HERB:100.00%
ဖို့စတိုင်းအလူမီနီယံ,5,0.01%,FUNG:5,FUNG:100.00%
ဖော့စပရပ်,5,0.01%,NUT:5,NUT:100.00%
ဗိုင်းရပ်စ်,5,0.01%,PATH:5,PATH:100.00%
ဘင်္ဂလားဒေ့ရှ်,5,0.01%,LOC:5,LOC:100.00%
ဘရာဇီး,5,0.01%,LOC:5,LOC:100.00%
မာဂျိုးရမ်,5,0.01%,CROP:5,CROP:100.00%
မိုးမရွာ,5,0.01%,WEATHER:5,WEATHER:100.00%
မျိုးကောင်း,5,0.01%,SEED:5,SEED:100.00%
မျိုးစပါး,5,0.01%,SEED:5,SEED:100.00%
မျိုးစေ့ချ,5,0.01%,FARM_OP:5,FARM_OP:100.00%
မျိုးစေ့ထုတ်လုပ်,5,0.01%,FARM_OP:5,FARM_OP:100.00%
မျိုးသန့်,5,0.01%,SEED:5,SEED:100.00%
မြန်မာနိုင်ငံဆန်စပါးအသင်းချုပ်,5,0.01%,ORG:5,ORG:100.00%
မြေဆီ,5,0.01%,FERT:3; SOIL_TYPE:2,FERT:60.00%; SOIL_TYPE:40.00%
မြေဆောင်မှို,5,0.01%,PATH:5,PATH:100.00%
မြေဆွခြင်း,5,0.01%,FARM_OP:5,FARM_OP:100.00%
မြေနိမ့်ကော်ဖီ,5,0.01%,CROP:5,CROP:100.00%
မြေပဲပင်,5,0.01%,CROP:5,CROP:100.00%
မြေမြှုပ်,5,0.01%,FARM_OP:5,FARM_OP:100.00%
မြေဩဇာကျွေးခြင်း,5,0.01%,FARM_OP:5,FARM_OP:100.00%
မှိုကပ်,5,0.01%,SYM:5,SYM:100.00%
မှိုအဖူး,5,0.01%,CROP_PART:5,CROP_PART:100.00%
ယင်ကောင်,5,0.01%,PEST:5,PEST:100.00%
ရိုးပြတ်,5,0.01%,CROP_PART:5,CROP_PART:100.00%
ရေမြုပ်,5,0.01%,ABIOD:5,ABIOD:100.00%
ရောဖျန်း,5,0.01%,FARM_OP:5,FARM_OP:100.00%
ရွက်ဖုံးခြောက်ရောဂါ,5,0.01%,DIS:5,DIS:100.00%
ရွာငံ,5,0.01%,LOC:5,LOC:100.00%
လောင်ဂန်သီး,5,0.01%,CROP:5,CROP:100.00%
သစ်ခွပင်,5,0.01%,CROP:5,CROP:100.00%
သစ်သားခြင်း,5,0.01%,EQUIP:4; VAR:1,EQUIP:80.00%; VAR:20.00%
သနပ်ဖက်,5,0.01%,CROP:5,CROP:100.00%
သပ်သွင်းကိုင်းဆက်နည်း,5,0.01%,METHOD:5,METHOD:100.00%
သဲဆန်သောမြေ,5,0.01%,SOIL_TYPE:5,SOIL_TYPE:100.00%
သြဇာသီး,5,0.01%,CROP:5,CROP:100.00%
ဟော်မုန်း,5,0.01%,NUT:5,NUT:100.00%
အင်းဆက်ပိုးမွှား,5,0.01%,PEST:5,PEST:100.00%
အစာကျွေး,5,0.01%,FARM_OP:5,FARM_OP:100.00%
အညိုရောင်,5,0.01%,SYM:5,SYM:100.00%
အမေရိက,5,0.01%,LOC:5,LOC:100.00%
အမျှင်ဓာတ်,5,0.01%,NUT:5,NUT:100.00%
အမြစ်ဥ,5,0.01%,CROP_PART:5,CROP_PART:100.00%
အရိုးမှုန့်,5,0.01%,FERT:5,FERT:100.00%
အရွက်ခြောက်,5,0.01%,SYM:5,SYM:100.00%
အလံရွက်,5,0.01%,CROP_PART:5,CROP_PART:100.00%
အီးအမ်5,5,0.01%,PESTI:5,PESTI:100.00%
အောက်စလင်းနစ်အက်စစ်,5,0.01%,FUNG:5,FUNG:100.00%
အောက်မြန်မာပြည်,5,0.01%,LOC:5,LOC:100.00%
အော်ဂဲနစ်မြေဩဇာ,5,0.01%,FERT:5,FERT:100.00%
အေး,5,0.01%,WEATHER:5,WEATHER:100.00%
အေးသော,5,0.01%,WEATHER:5,WEATHER:100.00%
ဧည့်မထ,5,0.01%,VAR:5,VAR:100.00%
၀.၂%,5,0.01%,QTY:5,QTY:100.00%
၁ကီလိုဂရမ်,5,0.01%,QTY:5,QTY:100.00%
၁၀ပေ,5,0.01%,DIST:5,DIST:100.00%
၁၀ရက်ခြား,5,0.01%,PERIOD:5,PERIOD:100.00%
၁၀လ,5,0.01%,PERIOD:5,PERIOD:100.00%
၁၅ပတ်,5,0.01%,PERIOD:5,PERIOD:100.00%
၁၈လက်မ,5,0.01%,DIST:5,DIST:100.00%
၂၀၀ဂရမ်,5,0.01%,QTY:5,QTY:100.00%
၃ပတ်,5,0.01%,PERIOD:5,PERIOD:100.00%
၃မျိုး,5,0.01%,COUNT:5,COUNT:100.00%
၃၀ရက်,5,0.01%,PERIOD:5,PERIOD:100.00%
၅-၇ရက်,5,0.01%,PERIOD:5,PERIOD:100.00%
၅ကီလိုဂရမ်,5,0.01%,QTY:5,QTY:100.00%
၅၀ဂရမ်,5,0.01%,QTY:5,QTY:100.00%
၅၀စီစီ,5,0.01%,QTY:5,QTY:100.00%
၅၀ရာခိုင်နှုန်း,5,0.01%,QTY:5,QTY:100.00%
၆,5,0.01%,COUNT:5,COUNT:100.00%
၆၅ရက်,5,0.01%,PERIOD:5,PERIOD:100.00%
၇-၁၀ရက်,5,0.01%,PERIOD:5,PERIOD:100.00%
၈,5,0.01%,COUNT:5,COUNT:100.00%
၈ပေ,5,0.01%,DIST:5,DIST:100.00%
(၁၅)ရက်,4,0.01%,PERIOD:4,PERIOD:100.00%
(၁၈)ကီလိုဂရမ်,4,0.01%,QTY:4,QTY:100.00%
(၃)ရွက်,4,0.01%,COUNT:4,COUNT:100.00%
(၄)လက်မ,4,0.01%,DIST:4,DIST:100.00%
10ရက်,4,0.01%,PERIOD:4,PERIOD:100.00%
2လ,4,0.01%,PERIOD:4,PERIOD:100.00%
2အိတ်,4,0.01%,COUNT:2; QTY:2,COUNT:50.00%; QTY:50.00%
5,4,0.01%,COUNT:4,COUNT:100.00%
5%,4,0.01%,QTY:4,QTY:100.00%
50ကီလိုဂရမ်,4,0.01%,QTY:4,QTY:100.00%
7,4,0.01%,COUNT:4,COUNT:100.00%
8ရက်,4,0.01%,PERIOD:4,PERIOD:100.00%
9,4,0.01%,COUNT:4,COUNT:100.00%
ကာဗင်ဒါဇင်,4,0.01%,FUNG:4,FUNG:100.00%
ကိုင်းဖျား,4,0.01%,CROP_PART:4,CROP_PART:100.00%
ကိုင်းဖြတ်မျိုးပွားနည်း,4,0.01%,METHOD:4,METHOD:100.00%
ကုန်းမြင့်ကော်ဖီ,4,0.01%,CROP:4,CROP:100.00%
ကောင်းသုခ,4,0.01%,ORG:3; FERT:1,ORG:75.00%; FERT:25.00%
ကော့ပါးဟိုက်ဒြောက်ဆိုက်,4,0.01%,FUNG:4,FUNG:100.00%
ကော့ပါးအောက်ဆီကလိုရိုဒ်,4,0.01%,FUNG:4,FUNG:100.00%
ကျပ်သား,4,0.01%,QTY:4,QTY:100.00%
ကျောက်ဖရုံ,4,0.01%,CROP:4,CROP:100.00%
ကျွဲကော,4,0.01%,CROP:4,CROP:100.00%
ကြမ်းတုံးရိုက်,4,0.01%,FARM_OP:4,FARM_OP:100.00%
ကြားတိုက်,4,0.01%,FARM_OP:4,FARM_OP:100.00%
ကြိတ်ဝါး,4,0.01%,FARM_OP:4,FARM_OP:100.00%
ကြောင်လျှာ,4,0.01%,CROP:4,CROP:100.00%
ကြဲပက်စိုက်ပျိုး,4,0.01%,FARM_OP:4,FARM_OP:100.00%
ကြံဆစ်,4,0.01%,CROP_PART:4,CROP_PART:100.00%
ကြံဖြတ်ပိုင်း,4,0.01%,SEED:4,SEED:100.00%
ကြံရည်,4,0.01%,CROP_PART:4,CROP_PART:100.00%
ကြံရိုး,4,0.01%,CROP_PART:4,CROP_PART:100.00%
ခြ,4,0.01%,PEST:4,PEST:100.00%
ခြောက်သွေ့သော,4,0.01%,WEATHER:4,WEATHER:100.00%
ခြောက်သွေ့သောရာသီဥတု,4,0.01%,WEATHER:4,WEATHER:100.00%
ဂလူးကိုစ့်ဓာတ်,4,0.01%,NUT:4,NUT:100.00%
ဂလူးကို့စ်,4,0.01%,NUT:4,NUT:100.00%
ဂျစ်ဘရယ်လစ်အက်စစ်,4,0.01%,FERT:4,FERT:100.00%
ဂွေးတောက်,4,0.01%,CROP:4,CROP:100.00%
ငွေပန်း,4,0.01%,CROP:4,CROP:100.00%
စည်ပိုင်း,4,0.01%,CROP_PART:3; EQUIP:1,CROP_PART:75.00%; EQUIP:25.00%
စပါးဆစ်ပိုး,4,0.01%,PEST:4,PEST:100.00%
စပိုင်ရိုမီစီဖန်,4,0.01%,PESTI:4,PESTI:100.00%
စမုန်စပါး,4,0.01%,CROP:4,CROP:100.00%
စိန်တလုံး,4,0.01%,VAR:4,VAR:100.00%
စွတ်စို,4,0.01%,WEATHER:4,WEATHER:100.00%
ဆပ်,4,0.01%,CROP:4,CROP:100.00%
ဆာကိုစပိုးရားရွက်ပြောက်ရောဂါ,4,0.01%,DIS:4,DIS:100.00%
ဆာလ်ဖာ,4,0.01%,NUT:3; FERT:1,NUT:75.00%; FERT:25.00%
ဆီး,4,0.01%,CROP:4,CROP:100.00%
ဆောင်းတွင်း,4,0.01%,SEASON:4,SEASON:100.00%
ဆေးကြော,4,0.01%,FARM_OP:4,FARM_OP:100.00%
ဆွတ်ခူးခြင်း,4,0.01%,FARM_OP:4,FARM_OP:100.00%
ဆွေးမြေ့,4,0.01%,FARM_OP:3; SYM:1,FARM_OP:75.00%; SYM:25.00%
ဈေးနှုန်း,4,0.01%,PRICE:4,PRICE:100.00%
တစ်တန်,4,0.01%,QTY:4,QTY:100.00%
တစ်ထုပ်,4,0.01%,COUNT:4,COUNT:100.00%
တစ်ပတ်လျှင်,4,0.01%,PERIOD:4,PERIOD:100.00%
တစ်ပိဿာ,4,0.01%,QTY:4,QTY:100.00%
တစ်ပေါင်,4,0.01%,COUNT:2; QTY:2,COUNT:50.00%; QTY:50.00%
တစ်ဝက်,4,0.01%,QTY:4,QTY:100.00%
တပင်,4,0.01%,COUNT:4,COUNT:100.00%
တမျိုး,4,0.01%,COUNT:4,COUNT:100.00%
တလ,4,0.01%,PERIOD:4,PERIOD:100.00%
တီမြေဆွေး,4,0.01%,FERT:4,FERT:100.00%
တောင်ပျံ,4,0.01%,VAR:4,VAR:100.00%
ထင်းပြာ,4,0.01%,FERT:4,FERT:100.00%
ထည့်သွင်း,4,0.01%,FARM_OP:4,FARM_OP:100.00%
ထန်းလျက်,4,0.01%,FOOD:4,FOOD:100.00%
ထမင်း,4,0.01%,FOOD:4,FOOD:100.00%
ဒန်းစင်းလေဒီ,4,0.01%,CROP:4,CROP:100.00%
ဒိုင်ဇီ,4,0.01%,FUNG:4,FUNG:100.00%
ဒိုင်မီသိုအိတ်,4,0.01%,PESTI:4,PESTI:100.00%
ဒူးရင်းသြဇာ,4,0.01%,CROP:4,CROP:100.00%
ဒေါက်ခွရွက်ပင်,4,0.01%,CROP:4,CROP:100.00%
နာနတ်,4,0.01%,CROP:4,CROP:100.00%
နေရောင်,4,0.01%,WEATHER:4,WEATHER:100.00%
နေလောင်,4,0.01%,SYM:4,SYM:100.00%
နောက်နှစ်,4,0.01%,TIME:4,TIME:100.00%
နောင်ချို,4,0.01%,LOC:4,LOC:100.00%
နွေဦးပေါက်,4,0.01%,SEASON:4,SEASON:100.00%
နှစ်ပင်,4,0.01%,COUNT:4,COUNT:100.00%
ပင်စည်ထိုးယင်,4,0.01%,PEST:4,PEST:100.00%
ပင်နာကျရောဂါ,4,0.01%,DIS:4,DIS:100.00%
ပန်းပွင့်ခြင်း,4,0.01%,FARM_OP:3; SYM:1,FARM_OP:75.00%; SYM:25.00%
ပန်းဖူး,4,0.01%,CROP_PART:4,CROP_PART:100.00%
ပါ,4,0.01%,FARM_OP:4,FARM_OP:100.00%
ပိုးသတ်ဆေးဖျန်း,4,0.01%,FARM_OP:4,FARM_OP:100.00%
ပိုးသန့်,4,0.01%,FARM_OP:4,FARM_OP:100.00%
ပုပ်ခြင်း,4,0.01%,SYM:4,SYM:100.00%
ပုလဲမြေသြဇာ,4,0.01%,FERT:4,FERT:100.00%
ပူအိုက်စွတ်စို,4,0.01%,WEATHER:4,WEATHER:100.00%
ပေါင်းနှိမ်,4,0.01%,FARM_OP:4,FARM_OP:100.00%
ပေါင်းမြက်နှိမ်နင်းခြင်း,4,0.01%,FARM_OP:4,FARM_OP:100.00%
ပေါင်းမြက်များ,4,0.01%,WEED:4,WEED:100.00%
ပေါင်းသင်,4,0.01%,FARM_OP:4,FARM_OP:100.00%
ပေါ်ဆန်း,4,0.01%,VAR:4,VAR:100.00%
ပဲကြီး,4,0.01%,CROP:4,CROP:100.00%
ပဲခူး,4,0.01%,LOC:4,LOC:100.00%
ပျိုးကိုင်း,4,0.01%,CROP_PART:3; SEED:1,CROP_PART:75.00%; SEED:25.00%
ပွင့်ထွေး,4,0.01%,PEST:4,PEST:100.00%
ပွင့်ထွေး,4,0.01%,PEST:4,PEST:100.00%
ပွင့်သီးတင်,4,0.01%,FERT:4,FERT:100.00%
ပွား,4,0.01%,CROP_PART:4,CROP_PART:100.00%
ဖစ်ပရိုနီလ်,4,0.01%,PESTI:4,PESTI:100.00%
ဖရဲပင်,4,0.01%,CROP:4,CROP:100.00%
ဖိုးလမင်းကျိုင်း,4,0.01%,PEST:4,PEST:100.00%
ဖျူစေရီယမ်,4,0.01%,PATH:4,PATH:100.00%
ဖျူစေရီယမ်ပင်ညှိုးရောဂါ,4,0.01%,DIS:4,DIS:100.00%
ဖွတ်,4,0.01%,FARM_OP:4,FARM_OP:100.00%
ဗီယက်နမ်,4,0.01%,LOC:3; VAR:1,LOC:75.00%; VAR:25.00%
ဘစ်စ်မာသိုင်ယာဇိုး,4,0.01%,FUNG:4,FUNG:100.00%
ဘိုကာရှီ,4,0.01%,FERT:4,FERT:100.00%
ဘောင်တင်ခြင်း,4,0.01%,FARM_OP:4,FARM_OP:100.00%
ဘေးကြား,4,0.01%,VAR:4,VAR:100.00%
မက္ကဆီကို,4,0.01%,LOC:4,LOC:100.00%
မက်တယ်လဇီး,4,0.01%,FUNG:4,FUNG:100.00%
မကွေးတိုင်း,4,0.01%,LOC:4,LOC:100.00%
မင်းကွတ်သီး,4,0.01%,CROP:4,CROP:100.00%
မင်းရဲ,4,0.01%,PESTI:4,PESTI:100.00%
မန္တလေး,4,0.01%,LOC:4,LOC:100.00%
မိုးခေါင်မှုဒဏ်,4,0.01%,ABIOD:4,ABIOD:100.00%
မိုးနှမ်း,4,0.01%,CROP:2; SEASON:2,CROP:50.00%; SEASON:50.00%
မိုးပုလဲမြေသြဇာ,4,0.01%,FERT:4,FERT:100.00%
မိုးမြေပဲ,4,0.01%,CROP:4,CROP:100.00%
မုန်လာဥ,4,0.01%,CROP:4,CROP:100.00%
မျိုးကောင်းမျိုးသန့်,4,0.01%,SEED:4,SEED:100.00%
မျိုးစေ့ထုတ်လုပ်ခြင်း,4,0.01%,FARM_OP:3; SEED:1,FARM_OP:75.00%; SEED:25.00%
မျိုးစေ့ပင်ပေါက်,4,0.01%,SEED:4,SEED:100.00%
မျိုးတက်,4,0.01%,SEED:4,SEED:100.00%
မြေကောင်း,4,0.01%,SOIL_TYPE:4,SOIL_TYPE:100.00%
မြေချစိုက်,4,0.01%,FARM_OP:4,FARM_OP:100.00%
မြေဆောင်ရောဂါ,4,0.01%,DIS:4,DIS:100.00%
မြေထုပ်စည်းခြင်း,4,0.01%,FARM_OP:4,FARM_OP:100.00%
မြေနက်,4,0.01%,SOIL_TYPE:4,SOIL_TYPE:100.00%
မြေပွ,4,0.01%,SOIL_TYPE:4,SOIL_TYPE:100.00%
မြေသား,4,0.01%,SOIL_TYPE:4,SOIL_TYPE:100.00%
မြေအောင်းပိုးသတ်ဆေး,4,0.01%,PESTI:4,PESTI:100.00%
မြောင်းမြ,4,0.01%,LOC:4,LOC:100.00%
မှိုဆေးဖျန်း,4,0.01%,FARM_OP:4,FARM_OP:100.00%
မှိုသီးရောဂါ,4,0.01%,DIS:4,DIS:100.00%
ယင်,4,0.01%,PEST:4,PEST:100.00%
ယနေ့,4,0.01%,TIME:4,TIME:100.00%
ရာဘာ,4,0.01%,CROP:4,CROP:100.00%
ရေကြောစည်း,4,0.01%,CROP_PART:4,CROP_PART:100.00%
ရေခဲမုန့်,4,0.01%,FOOD:4,FOOD:100.00%
ရေခဲသေတ္တာ,4,0.01%,EQUIP:4,EQUIP:100.00%
ရေငွေ့စိုထိုင်းဆ,4,0.01%,WEATHER:4,WEATHER:100.00%
ရေဆင်းဂျုံ-၁,4,0.01%,VAR:4,VAR:100.00%
ရေဆင်းဂျုံ-၁၂,4,0.01%,VAR:4,VAR:100.00%
ရေထုတ်မြောင်း,4,0.01%,EQUIP:4,EQUIP:100.00%
ရေပိုက်,4,0.01%,EQUIP:4,EQUIP:100.00%
ရေဖျန်းခြင်း,4,0.01%,FARM_OP:4,FARM_OP:100.00%
ရောစပ်ပက်ဖျန်း,4,0.01%,FARM_OP:4,FARM_OP:100.00%
ရွက်စားပိုး,4,0.01%,PEST:4,PEST:100.00%
ရွက်ဖြန်းမြေဩဇာ,4,0.01%,FERT:4,FERT:100.00%
ရွက်ဝါ,4,0.01%,SYM:4,SYM:100.00%
ရှမ်းပြည်မြောက်ပိုင်း,4,0.01%,LOC:4,LOC:100.00%
လမ်းဒါဆိုင်ဟေလိုသရင်,4,0.01%,PESTI:4,PESTI:100.00%
လေးမျက်နှာ,4,0.01%,LOC:4,LOC:100.00%
သခွါး,4,0.01%,CROP:4,CROP:100.00%
သစ်စိမ်းမြေသြဇာ,4,0.01%,FERT:4,FERT:100.00%
သစ်ဆွေးမြေသြဇာ,4,0.01%,FERT:4,FERT:100.00%
သနပ်ဖက်ပင်,4,0.01%,CROP:4,CROP:100.00%
သန္ဓေအိမ်,4,0.01%,CROP_PART:4,CROP_PART:100.00%
သဘာဝပိုးသတ်ဆေး,4,0.01%,PESTI:4,PESTI:100.00%
သိုလှောင်ခြင်း,4,0.01%,FARM_OP:4,FARM_OP:100.00%
သုံးခု,4,0.01%,COUNT:4,COUNT:100.00%
သဲဆန်,4,0.01%,SOIL_TYPE:4,SOIL_TYPE:100.00%
သြဂုတ်လ,4,0.01%,TIME:4,TIME:100.00%
ဟက်ဇာဂွန်,4,0.01%,FUNG:4,FUNG:100.00%
ဟင်းလျာ,4,0.01%,FOOD:4,FOOD:100.00%
ဟင်္သာတ,4,0.01%,LOC:4,LOC:100.00%
ဟိုက်ဒရိုဂျင်,4,0.01%,NUT:4,NUT:100.00%
ဟော့ပေါ့,4,0.01%,FOOD:4,FOOD:100.00%
အက်ဆီဖိတ်,4,0.01%,PESTI:4,PESTI:100.00%
အညာဒေသ,4,0.01%,LOC:4,LOC:100.00%
အညိုရောင်ပြောင်း,4,0.01%,SYM:4,SYM:100.00%
အပင်မပေါက်,4,0.01%,SYM:4,SYM:100.00%
အပူလောင်,4,0.01%,SYM:4,SYM:100.00%
အဖူးကူးခြင်း,4,0.01%,FARM_OP:4,FARM_OP:100.00%
အမိုးနီးယား,4,0.01%,FERT:2; NUT:2,FERT:50.00%; NUT:50.00%
အရိုး,4,0.01%,CROP_PART:4,CROP_PART:100.00%
အရွက်ကြွေ,4,0.01%,SYM:4,SYM:100.00%
အရွက်ဖျား,4,0.01%,CROP_PART:4,CROP_PART:100.00%
အသီးညှာ,4,0.01%,CROP_PART:4,CROP_PART:100.00%
အသီးပုပ်ရောဂါ,4,0.01%,DIS:4,DIS:100.00%
အအေးလောင်,4,0.01%,SYM:4,SYM:100.00%
အာဟာရဖျော်ရည်,4,0.01%,FERT:4,FERT:100.00%
အိုင်ပရိုဒိုင်ယွန်,4,0.01%,FUNG:4,FUNG:100.00%
အီမာမက်တင်ဘင်ဇိုအိတ်,4,0.01%,PESTI:4,PESTI:100.00%
အောက်ဆီဂျင်,4,0.01%,NUT:4,NUT:100.00%
ဧရာပဒေသာ,4,0.01%,VAR:4,VAR:100.00%
ဩဘာ,4,0.01%,ORG:4,ORG:100.00%
၁ထုပ်,4,0.01%,COUNT:3; QTY:1,COUNT:75.00%; QTY:25.00%
၁ပေခွဲ,4,0.01%,DIST:4,DIST:100.00%
၁လီတာ,4,0.01%,QTY:4,QTY:100.00%
၁၀-၁၅ရက်,4,0.01%,PERIOD:4,PERIOD:100.00%
၁၀ဒီဂရီစင်တီဂရိတ်,4,0.01%,TEMP:4,TEMP:100.00%
၁၀၀ဂရမ်,4,0.01%,QTY:4,QTY:100.00%
၁၀၀၀,4,0.01%,COUNT:4,COUNT:100.00%
၁၂သိန်း,4,0.01%,PRICE:3; QTY:1,PRICE:75.00%; QTY:25.00%
၁၃ပေ,4,0.01%,DIST:4,DIST:100.00%
၁၅-၂၀ရက်,4,0.01%,PERIOD:4,PERIOD:100.00%
၁၈ဒီဂရီစင်တီဂရိတ်,4,0.01%,TEMP:4,TEMP:100.00%
၂-၃ရွက်,4,0.01%,COUNT:4,COUNT:100.00%
၂နာရီ,4,0.01%,PERIOD:4,PERIOD:100.00%
၂ပင်,4,0.01%,COUNT:4,COUNT:100.00%
၂သိန်း,4,0.01%,PRICE:4,PRICE:100.00%
၂၀ဒီဂရီစင်တီဂရိတ်,4,0.01%,TEMP:4,TEMP:100.00%
၂၃လက်မ,4,0.01%,DIST:4,DIST:100.00%
၂၅ရက်သား,4,0.01%,PERIOD:4,PERIOD:100.00%
၂၅၀ဂရမ်,4,0.01%,QTY:4,QTY:100.00%
၂၇ရက်,4,0.01%,PERIOD:4,PERIOD:100.00%
၃လကြာ,4,0.01%,PERIOD:4,PERIOD:100.00%
၄နာရီ,4,0.01%,PERIOD:4,PERIOD:100.00%
၄နှစ်,4,0.01%,PERIOD:4,PERIOD:100.00%
၄မျိုး,4,0.01%,COUNT:4,COUNT:100.00%
၄၀ရက်,4,0.01%,PERIOD:4,PERIOD:100.00%
၅ဂရမ်,4,0.01%,QTY:4,QTY:100.00%
၆နာရီ,4,0.01%,PERIOD:3; TIME:1,PERIOD:75.00%; TIME:25.00%
၆၀%,4,0.01%,QTY:4,QTY:100.00%
၆၀ကျပ်သား,4,0.01%,QTY:4,QTY:100.00%
၆၈လက်မ,4,0.01%,DIST:4,DIST:100.00%
၇-၁၀ရက်ခြား,4,0.01%,PERIOD:4,PERIOD:100.00%
၇၀ဒီဂရီဖာရင်ဟိုက်,4,0.01%,TEMP:4,TEMP:100.00%
၇၀ရာခိုင်နှုန်း,4,0.01%,QTY:4,QTY:100.00%
၈၀%,4,0.01%,QTY:4,QTY:100.00%
၈၀ရာခိုင်နှုန်း,4,0.01%,QTY:4,QTY:100.00%
(၁)ဂါလံ,3,0.01%,QTY:3,QTY:100.00%
(၁၀)ဂရမ်,3,0.01%,QTY:3,QTY:100.00%
(၁၄)ရက်,3,0.01%,PERIOD:3,PERIOD:100.00%
(၁၆)ပြည်,3,0.01%,QTY:3,QTY:100.00%
(၂)ကြိမ်,3,0.01%,COUNT:3,COUNT:100.00%
(၂)ဇွန်း,3,0.01%,QTY:3,QTY:100.00%
(၂)ပင်,3,0.01%,COUNT:3,COUNT:100.00%
(၂)အိတ်,3,0.01%,QTY:2; COUNT:1,QTY:66.67%; COUNT:33.33%
(၂-၃)ကြိမ်,3,0.01%,COUNT:3,COUNT:100.00%
(၂၄)နာရီ,3,0.01%,PERIOD:3,PERIOD:100.00%
(၃)ကြိမ်,3,0.01%,COUNT:3,COUNT:100.00%
(၃)ရက်,3,0.01%,PERIOD:3,PERIOD:100.00%
(၃၀)ရက်,3,0.01%,PERIOD:3,PERIOD:100.00%
(၄)လီတာ,3,0.01%,QTY:3,QTY:100.00%
(၄၀)ဂရမ်,3,0.01%,QTY:3,QTY:100.00%
(၅)ပေ,3,0.01%,DIST:3,DIST:100.00%
10,3,0.01%,COUNT:3,COUNT:100.00%
20,3,0.01%,COUNT:3,COUNT:100.00%
40ရက်,3,0.01%,PERIOD:3,PERIOD:100.00%
ကက်ပ်တန်,3,0.01%,FUNG:3,FUNG:100.00%
ကချင်ပြည်နယ်,3,0.01%,LOC:3,LOC:100.00%
ကပ်တန်,3,0.01%,FUNG:3,FUNG:100.00%
ကယ်လစီယံ,3,0.01%,NUT:3,NUT:100.00%
ကလိုသာလိုနေး,3,0.01%,FUNG:3,FUNG:100.00%
ကာဘာရယ်,3,0.01%,PESTI:3,PESTI:100.00%
ကာဘိုဆာလ်ဖန်,3,0.01%,PESTI:3,PESTI:100.00%
ကားကြီး,3,0.01%,EQUIP:3,EQUIP:100.00%
ကိုင်းဖြတ်ကူးရန်,3,0.01%,FARM_OP:3,FARM_OP:100.00%
ကိုင်းများ,3,0.01%,CROP_PART:3,CROP_PART:100.00%
ကေဟူးမိတ်,3,0.01%,FERT:3,FERT:100.00%
ကော်ဖီပင်,3,0.01%,CROP:3,CROP:100.00%
ကျော်ဆန်းမာ,3,0.01%,PER:3,PER:100.00%
ကြက်ချေးဆွေး,3,0.01%,FERT:3,FERT:100.00%
ကြဲ,3,0.01%,FARM_OP:3,FARM_OP:100.00%
ကြံဖူး,3,0.01%,CROP_PART:3,CROP_PART:100.00%
ကွင်းမြေ,3,0.01%,SOIL_TYPE:3,SOIL_TYPE:100.00%
ကွန်ကရစ်တိုင်,3,0.01%,EQUIP:3,EQUIP:100.00%
ခုတ်ဖုံးစနစ်,3,0.01%,METHOD:3,METHOD:100.00%
ခေါင်နှိမ်ခြင်း,3,0.01%,FARM_OP:3,FARM_OP:100.00%
ခဲမြေ,3,0.01%,SOIL_TYPE:3,SOIL_TYPE:100.00%
ချင်းပင်,3,0.01%,CROP:3,CROP:100.00%
ဂလူးကိုစ့်,3,0.01%,NUT:3,NUT:100.00%
ဂဝံမြေ,3,0.01%,SOIL_TYPE:3,SOIL_TYPE:100.00%
ဂုတ်ကျိုးရောဂါ,3,0.01%,DIS:3,DIS:100.00%
ဂုံနီအိတ်,3,0.01%,EQUIP:3,EQUIP:100.00%
ဂျပန်နိုင်ငံ,3,0.01%,LOC:3,LOC:100.00%
ငမြောင်တောင်,3,0.01%,PEST:3,PEST:100.00%
ငရုတ်သီး,3,0.01%,CROP:3,CROP:100.00%
ငါးရက်ခန့်,3,0.01%,PERIOD:3,PERIOD:100.00%
ငွေတိုး,3,0.01%,VAR:3,VAR:100.00%
ငှက်ကြီးတောင်,3,0.01%,PESTI:3,PESTI:100.00%
ငှက်ပျောသီး,3,0.01%,CROP:3,CROP:100.00%
စစ်ကိုင်း,3,0.01%,LOC:3,LOC:100.00%
စစ်ထုတ်,3,0.01%,FARM_OP:3,FARM_OP:100.00%
စပါးခွံပြာ,3,0.01%,FERT:3,FERT:100.00%
စပါးနှံ,3,0.01%,CROP_PART:3,CROP_PART:100.00%
စပါးမျိုးစေ့,3,0.01%,SEED:3,SEED:100.00%
စပါးရွက်လိပ်အိမ်ပိုး,3,0.01%,PEST:3,PEST:100.00%
စိမ်းစားဥ,3,0.01%,CROP:3,CROP:100.00%
စိုက်ကွက်,3,0.01%,LOC:3,LOC:100.00%
စိုက်ပျိုးရာသီ,3,0.01%,SEASON:3,SEASON:100.00%
စိုက်ဘောင်,3,0.01%,METHOD:3,METHOD:100.00%
ဆန်ခါ,3,0.01%,EQUIP:3,EQUIP:100.00%
ဆန်ဆေးရည်,3,0.01%,FERT:3,FERT:100.00%
ဆန်နီစေ့,3,0.01%,WEED:3,WEED:100.00%
ဆူး,3,0.01%,CROP_PART:3,CROP_PART:100.00%
ဆူးပန်းပင်,3,0.01%,CROP:3,CROP:100.00%
ဆောင်းနှမ်း,3,0.01%,CROP:3,CROP:100.00%
ဆေးတပုံး,3,0.01%,EQUIP:3,EQUIP:100.00%
ဆေးဖျန်းခြင်း,3,0.01%,FARM_OP:3,FARM_OP:100.00%
ဆေးလောင်ခြင်း,3,0.01%,SYM:3,SYM:100.00%
ဇိုင်းကလုံး,3,0.01%,PESTI:3,PESTI:100.00%
ဇိုလာ,3,0.01%,FUNG:3,FUNG:100.00%
ဇီဝမြေဩဇာ,3,0.01%,FERT:3,FERT:100.00%
ဇေယျာသီရိ,3,0.01%,LOC:3,LOC:100.00%
ဇော်ကြား,3,0.01%,CROP:3,CROP:100.00%
ညပိုင်း,3,0.01%,TIME:3,TIME:100.00%
ညဘက်,3,0.01%,TIME:3,TIME:100.00%
ညအချိန်,3,0.01%,TIME:3,TIME:100.00%
ညှပ်စိုက်,3,0.01%,METHOD:3,METHOD:100.00%
ညှိုးခြောက်,3,0.01%,SYM:3,SYM:100.00%
တစ်ကွက်,3,0.01%,COUNT:3,COUNT:100.00%
တစ်ခိုင်,3,0.01%,COUNT:3,COUNT:100.00%
တစ်ဆစ်,3,0.01%,COUNT:3,COUNT:100.00%
တစ်တင်း,3,0.01%,QTY:2; COUNT:1,QTY:66.67%; COUNT:33.33%
တစ်ထွာ,3,0.01%,DIST:2; DIS:1,DIST:66.67%; DIS:33.33%
တစ်နှစ်သား,3,0.01%,PERIOD:3,PERIOD:100.00%
တစ်နှံ,3,0.01%,COUNT:3,COUNT:100.00%
တစ်ပေ,3,0.01%,DIST:3,DIST:100.00%
တစ်မီတာ,3,0.01%,DIST:3,DIST:100.00%
တစ်ရွက်,3,0.01%,COUNT:3,COUNT:100.00%
တနင်္သာရီ,3,0.01%,LOC:3,LOC:100.00%
တပုံး,3,0.01%,COUNT:3,COUNT:100.00%
တမန်းနှိုးပေါင်းထိုးကိရိယာ,3,0.01%,EQUIP:3,EQUIP:100.00%
တမာ,3,0.01%,PESTI:2; CROP:1,PESTI:66.67%; CROP:33.33%
တရုတ်မျိုး,3,0.01%,VAR:3,VAR:100.00%
တိုက်ရိုက်အစေ့ချ,3,0.01%,FARM_OP:3,FARM_OP:100.00%
တိုင်းတာ,3,0.01%,FARM_OP:3,FARM_OP:100.00%
တီကျစ်မြေ,3,0.01%,FERT:3,FERT:100.00%
တီဆူပါ,3,0.01%,FERT:3,FERT:100.00%
တူးထုတ်,3,0.01%,FARM_OP:3,FARM_OP:100.00%
တူးဖော်,3,0.01%,FARM_OP:3,FARM_OP:100.00%
တောင်ကြီး,3,0.01%,LOC:3,LOC:100.00%
ထည့်သွင်းပေးခြင်း,3,0.01%,FARM_OP:3,FARM_OP:100.00%
ထိပ်ညွှန့်,3,0.01%,CROP_PART:3,CROP_PART:100.00%
ထိုင်းမျိုး,3,0.01%,VAR:3,VAR:100.00%
ထောပတ်ပဲ,3,0.01%,CROP:3,CROP:100.00%
ထွန်စက်ငယ်,3,0.01%,EQUIP:3,EQUIP:100.00%
ထွန်ယက်ခြင်း,3,0.01%,FARM_OP:3,FARM_OP:100.00%
ထွန်ရေးထယ်ရေး,3,0.01%,FARM_OP:3,FARM_OP:100.00%
ဒိုင်ဖီနိုကိုနာဇိုး,3,0.01%,FUNG:3,FUNG:100.00%
ဒိုင်ယာဇီနွန်,3,0.01%,PESTI:3,PESTI:100.00%
ဒိုလိုမိုဒ်ကျောက်မှုန့်,3,0.01%,FERT:3,FERT:100.00%
ဒီဇင်ဘာလ,3,0.01%,TIME:3,TIME:100.00%
ဒီနေ့,3,0.01%,TIME:3,TIME:100.00%
ဒုတ္ထာ,3,0.01%,FUNG:3,FUNG:100.00%
ဒူးရင်းပင်,3,0.01%,CROP:3,CROP:100.00%
ဒေါင်းနည်း,3,0.01%,DIS:3,DIS:100.00%
ဒေါင်းနီး,3,0.01%,DIS:3,DIS:100.00%
ဓာတ်ဆား,3,0.01%,NUT:2; FERT:1,NUT:66.67%; FERT:33.33%
နနွင်း,3,0.01%,CROP:3,CROP:100.00%
နနွင်းနက်,3,0.01%,CROP:3,CROP:100.00%
နိုက်တမ်ပိုင်ရန်,3,0.01%,PESTI:3,PESTI:100.00%
နီမတုတ်ရောဂါ,3,0.01%,DIS:2; PATH:1,DIS:66.67%; PATH:33.33%
နုံးမြေ,3,0.01%,SOIL_TYPE:3,SOIL_TYPE:100.00%
နေပြင်း,3,0.01%,WEATHER:3,WEATHER:100.00%
နေလှန်း,3,0.01%,FARM_OP:3,FARM_OP:100.00%
နေလှမ်း,3,0.01%,FARM_OP:3,FARM_OP:100.00%
နွန်း,3,0.01%,SYM:3,SYM:100.00%
နွေးသော,3,0.01%,WEATHER:3,WEATHER:100.00%
နှင်းဆီ,3,0.01%,CROP:3,CROP:100.00%
နှစ်နှစ်,3,0.01%,PERIOD:3,PERIOD:100.00%
နှစ်ရက်,3,0.01%,PERIOD:3,PERIOD:100.00%
နှမ်းဖိုရောဂါ,3,0.01%,DIS:3,DIS:100.00%
နှံကောင်,3,0.01%,PEST:3,PEST:100.00%
ပက်ကျွေး,3,0.01%,FARM_OP:3,FARM_OP:100.00%
ပက်ဖျန်းခြင်း,3,0.01%,FARM_OP:3,FARM_OP:100.00%
ပင်ခြားဝတ်မှုန်ကူးခြင်း,3,0.01%,METHOD:2; FARM_OP:1,METHOD:66.67%; FARM_OP:33.33%
ပင်စည်ပုပ်,3,0.01%,DIS:3,DIS:100.00%
ပင်စည်အစေးထွက်ရောဂါ,3,0.01%,DIS:3,DIS:100.00%
ပင်ဒီမီသလင်,3,0.01%,HERB:3,HERB:100.00%
ပင်ပိုင်းဆိုင်ရာလိင်မဲ့နည်း,3,0.01%,METHOD:3,METHOD:100.00%
ပင်ရင်းပုပ်ရောဂါ,3,0.01%,DIS:3,DIS:100.00%
ပင်လုံး,3,0.01%,CROP_PART:3,CROP_PART:100.00%
ပန်းဂေါ်ဖီစိမ်း,3,0.01%,CROP:3,CROP:100.00%
ပန်းစပွင့်ချိန်,3,0.01%,TIME:3,TIME:100.00%
ပန်းသီး,3,0.01%,CROP:3,CROP:100.00%
ပရိုတင်း,3,0.01%,NUT:3,NUT:100.00%
ပိန္နဲသီး,3,0.01%,CROP:3,CROP:100.00%
ပိန်းပန်း,3,0.01%,CROP:3,CROP:100.00%
ပိန်းဥ,3,0.01%,CROP:3,CROP:100.00%
ပိုင်ရာကလိုစထရိုဘင်,3,0.01%,FUNG:3,FUNG:100.00%
ပိုးမွှားကျရောက်မှု,3,0.01%,BIOD:3,BIOD:100.00%
ပိုးရောဂါ,3,0.01%,DIS:3,DIS:100.00%
ပီဖိုလန်,3,0.01%,FERT:3,FERT:100.00%
ပုရွက်ဆိတ်နီ,3,0.01%,PEST:3,PEST:100.00%
ပုလင်းဘူး,3,0.01%,EQUIP:3,EQUIP:100.00%
ပူစီနံ,3,0.01%,CROP:3,CROP:100.00%
ပူနွေးစိုစွတ်,3,0.01%,WEATHER:3,WEATHER:100.00%
ပူပြင်းခြောက်သွေ့,3,0.01%,WEATHER:3,WEATHER:100.00%
ပေါင်းရှင်းခြင်း,3,0.01%,FARM_OP:3,FARM_OP:100.00%
ပဲငပိ,3,0.01%,CROP:3,CROP:100.00%
ပဲမျိုးစုံ,3,0.01%,CROP:3,CROP:100.00%
ပဲလွမ်း,3,0.01%,CROP:3,CROP:100.00%
ပျဉ်းမနား,3,0.01%,LOC:3,LOC:100.00%
ပျိုးပင်များ,3,0.01%,SEED:3,SEED:100.00%
ပျိုးသက်,3,0.01%,SEED:3,SEED:100.00%
ပြောင်းဖူးပင်,3,0.01%,CROP:3,CROP:100.00%
ပြောင်းရွှေ့စိုက်ပျိုးခြင်း,3,0.01%,FARM_OP:3,FARM_OP:100.00%
ပွင့်,3,0.01%,CROP_PART:3,CROP_PART:100.00%
ပွင့်ဖတ်,3,0.01%,CROP_PART:3,CROP_PART:100.00%
ဖန်လုံအိမ်,3,0.01%,EQUIP:3,EQUIP:100.00%
ဖရဲစေ့,3,0.01%,SEED:3,SEED:100.00%
ဖူးစားပြောင်း,3,0.01%,CROP:3,CROP:100.00%
ဖူးပြောင်း,3,0.01%,CROP:3,CROP:100.00%
ဖူးလိပ်,3,0.01%,CROP_PART:3,CROP_PART:100.00%
ဖော့စ်ဖိတ်,3,0.01%,NUT:2; FERT:1,NUT:66.67%; FERT:33.33%
ဖေ့စ်ပိုးသတ်ဆေး,3,0.01%,PESTI:3,PESTI:100.00%
ဖျူစေရီယမ်ပင်ညှိုး,3,0.01%,DIS:3,DIS:100.00%
ဖြည့်စွက်စာ,3,0.01%,FERT:2; NUT:1,FERT:66.67%; NUT:33.33%
ဘက်စ်ကေ,3,0.01%,FERT:3,FERT:100.00%
ဘက်တီးရီးယားပင်ညှိုး,3,0.01%,DIS:3,DIS:100.00%
ဘင်ဇိုကာ,3,0.01%,FUNG:3,FUNG:100.00%
ဘတ်တီးရီးယား,3,0.01%,PATH:3,PATH:100.00%
ဘရိုကိုလီ,3,0.01%,CROP:3,CROP:100.00%
ဘိုကိတ်,3,0.01%,CROP:3,CROP:100.00%
ဘော်ဒိုမစ်ချား,3,0.01%,FUNG:3,FUNG:100.00%
ဘေးတိုက်ပါးချင်းအပ်ကိုင်းဆက်နည်း,3,0.01%,METHOD:3,METHOD:100.00%
မက်ပဲပင်,3,0.01%,CROP:3,CROP:100.00%
မကျည်း,3,0.01%,CROP:3,CROP:100.00%
မကွေး,3,0.01%,LOC:3,LOC:100.00%
မင်းကွတ်,3,0.01%,CROP:3,CROP:100.00%
မင်းမဟော်,3,0.01%,FERT:3,FERT:100.00%
မနက်စောစော,3,0.01%,TIME:3,TIME:100.00%
မနက်ပိုင်း,3,0.01%,TIME:3,TIME:100.00%
မနက်ဖြန်,3,0.01%,TIME:3,TIME:100.00%
မနောသုခ,3,0.01%,VAR:3,VAR:100.00%
မနှစ်,3,0.01%,TIME:3,TIME:100.00%
မာလာသီယွန်,3,0.01%,PESTI:3,PESTI:100.00%
မိုလစ်ဒီနန်,3,0.01%,NUT:3,NUT:100.00%
မိုးကင်း,3,0.01%,WEATHER:3,WEATHER:100.00%
မိုးကုန်,3,0.01%,SEASON:3,SEASON:100.00%
မိုးခေါင်,3,0.01%,ABIOD:3,ABIOD:100.00%
မိုးလယ်,3,0.01%,SEASON:3,SEASON:100.00%
မီးထောင်ချောက်,3,0.01%,METHOD:3,METHOD:100.00%
မီးရှို့ဖျက်ဆီး,3,0.01%,FARM_OP:3,FARM_OP:100.00%
မုန်ညှင်း,3,0.01%,CROP:3,CROP:100.00%
မုန်လာဥဝါ,3,0.01%,CROP:3,CROP:100.00%
မုံရွာ,3,0.01%,LOC:3,LOC:100.00%
မျိုးကူး,3,0.01%,FARM_OP:3,FARM_OP:100.00%
မျိုးကောင်းမျိုးသန့်,3,0.01%,SEED:3,SEED:100.00%
မျိုးဆံ,3,0.01%,SEED:3,SEED:100.00%
မျောက်ငို,3,0.01%,CROP:3,CROP:100.00%
မြိတ်,3,0.01%,LOC:3,LOC:100.00%
မြေဆီသြဇာ,3,0.01%,FERT:3,FERT:100.00%
မြေဆွပေးခြင်း,3,0.01%,FARM_OP:3,FARM_OP:100.00%
မြေတွင်ချစိုက်,3,0.01%,FARM_OP:3,FARM_OP:100.00%
မြေဩဇာအရည်,3,0.01%,FERT:3,FERT:100.00%
မွန်ပြည်နယ်,3,0.01%,LOC:3,LOC:100.00%
မွန်းလွဲပိုင်း,3,0.01%,TIME:3,TIME:100.00%
မှည့်ပြောက်စွန်းရောဂါ,3,0.01%,DIS:3,DIS:100.00%
မှဲ့ပြောက်စွန်းရောဂါ,3,0.01%,DIS:3,DIS:100.00%
ယင်ဖြူစုပ်စားပိုး,3,0.01%,PEST:3,PEST:100.00%
ရင့်မှည့်ချိန်,3,0.01%,TIME:3,TIME:100.00%
ရတနာတိုး,3,0.01%,VAR:3,VAR:100.00%
ရန်ကုန်တိုင်း,3,0.01%,LOC:3,LOC:100.00%
ရိတ်,3,0.01%,FARM_OP:3,FARM_OP:100.00%
ရေကန်စွန်း,3,0.01%,CROP:3,CROP:100.00%
ရေငတ်ခြင်း,3,0.01%,ABIOD:3,ABIOD:100.00%
ရေစိုနာ,3,0.01%,DIS:3,DIS:100.00%
ရေဆင်း,3,0.01%,LOC:3,LOC:100.00%
ရေဆင်းဂျုံ-၉,3,0.01%,VAR:3,VAR:100.00%
ရေညှိမျိုးစိတ်,3,0.01%,PATH:3,PATH:100.00%
ရေပန်းခရား,3,0.01%,EQUIP:3,EQUIP:100.00%
ရေဝတ်,3,0.01%,ABIOD:3,ABIOD:100.00%
ရွက်ကြော,3,0.01%,CROP_PART:3,CROP_PART:100.00%
ရွက်စားခူ,3,0.01%,PEST:3,PEST:100.00%
ရွက်ထွင်းယင်,3,0.01%,PEST:3,PEST:100.00%
ရွက်ပျောက်ရောဂါ,3,0.01%,DIS:3,DIS:100.00%
ရွက်ဖုံး,3,0.01%,CROP_PART:3,CROP_PART:100.00%
ရွေးချယ်စိုက်ပျိုး,3,0.01%,FARM_OP:3,FARM_OP:100.00%
ရွှေ,3,0.01%,FERT:3,FERT:100.00%
ရွှေနဂါး,3,0.01%,ORG:3,ORG:100.00%
ရွှေ့ပြောင်းစိုက်ပျိုးခြင်း,3,0.01%,FARM_OP:3,FARM_OP:100.00%
လက်ပေါင်းလိုက်ခြင်း,3,0.01%,FARM_OP:3,FARM_OP:100.00%
လက်အိတ်,3,0.01%,EQUIP:3,EQUIP:100.00%
လည်လိမ်ရောဂါ,3,0.01%,DIS:3,DIS:100.00%
လိပ်ခုံးကျိုင်း,3,0.01%,PEST:3,PEST:100.00%
လီမွန်ဗာဘင်းနားပင်,3,0.01%,CROP:3,CROP:100.00%
လီလီပန်း,3,0.01%,CROP:3,CROP:100.00%
လူးနယ်စိုက်ပျိုး,3,0.01%,FARM_OP:3,FARM_OP:100.00%
လေကြောင်းခွဲ,3,0.01%,METHOD:3,METHOD:100.00%
လေပြင်း,3,0.01%,WEATHER:3,WEATHER:100.00%
လောင်,3,0.01%,SYM:3,SYM:100.00%
လောင်မည်းရောဂါ,3,0.01%,DIS:3,DIS:100.00%
လေးကြိမ်,3,0.01%,COUNT:3,COUNT:100.00%
လေးဖက်,3,0.01%,COUNT:3,COUNT:100.00%
လှည်းကူး,3,0.01%,LOC:3,LOC:100.00%
ဝတ်မှုန်ကူးပေးခြင်း,3,0.01%,FARM_OP:3,FARM_OP:100.00%
ဝတ်မှုံ,3,0.01%,CROP_PART:3,CROP_PART:100.00%
ဝါခြောက်,3,0.01%,SYM:3,SYM:100.00%
ဝါလာ,3,0.01%,SYM:3,SYM:100.00%
သကာရည်,3,0.01%,FOOD:3,FOOD:100.00%
သင်္ဘောသဖန်း,3,0.01%,CROP:3,CROP:100.00%
သန့်စင်,3,0.01%,FARM_OP:3,FARM_OP:100.00%
သဖန်း,3,0.01%,CROP:3,CROP:100.00%
သဘာ၀မြေဆွေး,3,0.01%,FERT:3,FERT:100.00%
သမပိုင်းဒေသ,3,0.01%,LOC:3,LOC:100.00%
သရက်ပင်,3,0.01%,CROP:3,CROP:100.00%
သားတက်ဖဲ့,3,0.01%,FARM_OP:3,FARM_OP:100.00%
သီးညှပ်စိုက်ပျိုး,3,0.01%,METHOD:3,METHOD:100.00%
သီးညှပ်စိုက်ပျိုးခြင်း,3,0.01%,METHOD:3,METHOD:100.00%
သီးလှည့်စိုက်ပျိုးခြင်း,3,0.01%,METHOD:2; FARM_OP:1,METHOD:66.67%; FARM_OP:33.33%
သုံးချိုးတစ်ချိုး,3,0.01%,QTY:3,QTY:100.00%
သုံးဆ,3,0.01%,QTY:3,QTY:100.00%
သေစေ,3,0.01%,SYM:3,SYM:100.00%
သဲဆန်တဲ့မြေ,3,0.01%,SOIL_TYPE:3,SOIL_TYPE:100.00%
သွပ်ဓာတ်,3,0.01%,NUT:3,NUT:100.00%
ဟက်ဆာကိုနာဇော,3,0.01%,FUNG:3,FUNG:100.00%
ဟင်းနုနွယ်,3,0.01%,CROP:3,CROP:100.00%
ဟိုင်မက်ဇာဇိုး,3,0.01%,FUNG:3,FUNG:100.00%
ဟူးမစ်အက်ဆစ်,3,0.01%,NUT:2; FERT:1,NUT:66.67%; FERT:33.33%
အကိုင်းဆက်,3,0.01%,FARM_OP:3,FARM_OP:100.00%
အကိုင်းများ,3,0.01%,CROP_PART:3,CROP_PART:100.00%
အက်ကွဲ,3,0.01%,SYM:3,SYM:100.00%
အခက်,3,0.01%,CROP_PART:3,CROP_PART:100.00%
အင်ဗားတေ့စ်,3,0.01%,PATH:3,PATH:100.00%
အစားထိုး,3,0.01%,FARM_OP:3,FARM_OP:100.00%
အစေ့စိုက်,3,0.01%,FARM_OP:3,FARM_OP:100.00%
အစေးထွက်,3,0.01%,SYM:3,SYM:100.00%
အညှောက်ဖောက်,3,0.01%,FARM_OP:3,FARM_OP:100.00%
အတက်ဖဲ့,3,0.01%,FARM_OP:3,FARM_OP:100.00%
အပင်ကျစ်,3,0.01%,SYM:3,SYM:100.00%
အပင်ထနှေး,3,0.01%,SYM:3,SYM:100.00%
အပင်ပြုစုခြင်း,3,0.01%,FARM_OP:3,FARM_OP:100.00%
အဖူးစိမ်းကူးနည်း,3,0.01%,METHOD:3,METHOD:100.00%
အမေရိကတိုက်,3,0.01%,LOC:3,LOC:100.00%
အမဲစက်,3,0.01%,SYM:3,SYM:100.00%
အမြစ်နာ,3,0.01%,SYM:3,SYM:100.00%
အမြစ်များ,3,0.01%,CROP_PART:3,CROP_PART:100.00%
အရောင်ပြောင်း,3,0.01%,SYM:3,SYM:100.00%
အရွက်သစ်,3,0.01%,CROP_PART:3,CROP_PART:100.00%
အလဲဗင်း,3,0.01%,VAR:3,VAR:100.00%
အဝါရောင်မိုစေ့ရောဂါ,3,0.01%,DIS:3,DIS:100.00%
အသီးကြီးထွားချိန်,3,0.01%,TIME:3,TIME:100.00%
အအေးလှိုင်း,3,0.01%,WEATHER:3,WEATHER:100.00%
အာဖရိက,3,0.01%,LOC:3,LOC:100.00%
အိုင်မာဇက်သပိုင်ယာ,3,0.01%,HERB:3,HERB:100.00%
အီးအမ်ဘိုကာရှီ,3,0.01%,FERT:3,FERT:100.00%
အုန်းပျိုးပင်,3,0.01%,SEED:3,SEED:100.00%
အုပ်,3,0.01%,FARM_OP:3,FARM_OP:100.00%
အော်ဂန်နိုဖော့စဖိတ်,3,0.01%,PESTI:3,PESTI:100.00%
အော်ဂဲနစ်ပစ္စည်း,3,0.01%,FERT:3,FERT:100.00%
အေးမြခြောက်သွေ့,3,0.01%,WEATHER:3,WEATHER:100.00%
ဥထိပ်,3,0.01%,CROP_PART:3,CROP_PART:100.00%
ဥရောပ,3,0.01%,LOC:3,LOC:100.00%
ဥအတက်,3,0.01%,CROP_PART:3,CROP_PART:100.00%
ဦးဝင်းအောင်ကျော်,3,0.01%,PER:3,PER:100.00%
ဧပရယ်,3,0.01%,TIME:3,TIME:100.00%
၁ဂါလံ,3,0.01%,QTY:3,QTY:100.00%
၁တင်း,3,0.01%,QTY:3,QTY:100.00%
၁ပင်,3,0.01%,COUNT:3,COUNT:100.00%
၁ပတ်,3,0.01%,PERIOD:3,PERIOD:100.00%
၁ပိဿာ,3,0.01%,QTY:3,QTY:100.00%
၁ဗူး,3,0.01%,COUNT:2; QTY:1,COUNT:66.67%; QTY:33.33%
၁လသား,3,0.01%,PERIOD:3,PERIOD:100.00%
၁လအကြာ,3,0.01%,PERIOD:3,PERIOD:100.00%
၁၀-၁၅စင်တီမီတာ,3,0.01%,DIST:3,DIST:100.00%
၁၀ကီလိုဂရမ်,3,0.01%,QTY:3,QTY:100.00%
၁၀နှစ်,3,0.01%,PERIOD:3,PERIOD:100.00%
၁၀လက်မ,3,0.01%,DIST:3,DIST:100.00%
၁၀၀လ,3,0.01%,PERIOD:3,PERIOD:100.00%
၁၃၅ရက်,3,0.01%,PERIOD:3,PERIOD:100.00%
၁၅ဒီဂရီစင်တီဂရိတ်,3,0.01%,TEMP:2; QTY:1,TEMP:66.67%; QTY:33.33%
၁၅ရာခိုင်နှုန်း,3,0.01%,QTY:3,QTY:100.00%
၁၅လက်မ,3,0.01%,DIST:3,DIST:100.00%
၂-၃ကြိမ်,3,0.01%,COUNT:3,COUNT:100.00%
၂ကီလိုဂရမ်,3,0.01%,QTY:3,QTY:100.00%
၂ပိဿာ,3,0.01%,QTY:3,QTY:100.00%
၂၀ပေ,3,0.01%,DIST:3,DIST:100.00%
၂၁ရက်,3,0.01%,PERIOD:3,PERIOD:100.00%
၂၅ဒီဂရီစင်တီဂရိတ်,3,0.01%,TEMP:3,TEMP:100.00%
၂၈ရက်,3,0.01%,PERIOD:3,PERIOD:100.00%
၃နာရီ,3,0.01%,PERIOD:3,PERIOD:100.00%
၃ပိဿာ,3,0.01%,QTY:3,QTY:100.00%
၃၀စင်တီမီတာ,3,0.01%,DIST:3,DIST:100.00%
၃၅ဒီဂရီစင်တီဂရိတ်,3,0.01%,TEMP:3,TEMP:100.00%
၃၅ရက်သား,3,0.01%,PERIOD:3,PERIOD:100.00%
၄-၅နှစ်,3,0.01%,PERIOD:3,PERIOD:100.00%
၄-၆လက်မ,3,0.01%,DIST:3,DIST:100.00%
၄/၅အိတ်,3,0.01%,QTY:3,QTY:100.00%
၄ဆ,3,0.01%,QTY:3,QTY:100.00%
၄ပင်,3,0.01%,COUNT:3,COUNT:100.00%
၅%,3,0.01%,QTY:3,QTY:100.00%
၅ကီလို,3,0.01%,QTY:3,QTY:100.00%
၅ဂါလံ,3,0.01%,QTY:3,QTY:100.00%
၅ဆ,3,0.01%,QTY:3,QTY:100.00%
၅ရက်ကြာ,3,0.01%,PERIOD:3,PERIOD:100.00%
၅ရက်ခြား,3,0.01%,PERIOD:3,PERIOD:100.00%
၅ဧက,3,0.01%,DIST:3,DIST:100.00%
၅၀ကီလိုဂရမ်,3,0.01%,QTY:3,QTY:100.00%
၆ရာခိုင်နှုန်း,3,0.01%,QTY:2; COUNT:1,QTY:66.67%; COUNT:33.33%
၆လတစ်ကြိမ်,3,0.01%,PERIOD:3,PERIOD:100.00%
၆၀,3,0.01%,COUNT:2; PERIOD:1,COUNT:66.67%; PERIOD:33.33%
၆၀ရက်,3,0.01%,PERIOD:3,PERIOD:100.00%
၆၀ရက်သား,3,0.01%,PERIOD:3,PERIOD:100.00%
၇၅ရာခိုင်နှုန်း,3,0.01%,QTY:3,QTY:100.00%
၈ပြည်,3,0.01%,QTY:3,QTY:100.00%
၉ပေ,3,0.01%,DIST:3,DIST:100.00%
၉၅%,3,0.01%,QTY:3,QTY:100.00%
၉၅ဒီဂရီဖာရင်ဟိုက်,3,0.01%,TEMP:3,TEMP:100.00%
(၁)ကီလိုဂရမ်,2,0.01%,QTY:2,QTY:100.00%
(၁)ပင်,2,0.01%,COUNT:2,COUNT:100.00%
(၁)ပြည်,2,0.01%,QTY:2,QTY:100.00%
(၁)လက်မ,2,0.01%,DIST:2,DIST:100.00%
(၁-၂)ရက်,2,0.01%,PERIOD:2,PERIOD:100.00%
(၁.၅)အိတ်,2,0.01%,QTY:2,QTY:100.00%
(၁၀)လီတာ,2,0.01%,QTY:2,QTY:100.00%
(၁၀-၁၅)ရက်,2,0.01%,PERIOD:2,PERIOD:100.00%
(၁၂)လက်မ,2,0.01%,DIST:2,DIST:100.00%
(၁၂လက်မ,2,0.01%,DIST:2,DIST:100.00%
(၁၃)ဂရမ်,2,0.01%,QTY:2,QTY:100.00%
(၁၅)ပြည်,2,0.01%,QTY:2,QTY:100.00%
(၂)ကီလိုဂရမ်ခွဲ,2,0.01%,QTY:2,QTY:100.00%
(၂)စေ့,2,0.01%,COUNT:2,COUNT:100.00%
(၂)ရက်,2,0.01%,PERIOD:2,PERIOD:100.00%
(၂.၅)ဆ,2,0.01%,QTY:2,QTY:100.00%
(၂၀)လီတာ,2,0.01%,QTY:2,QTY:100.00%
(၂၀-၃၀)ရက်,2,0.01%,PERIOD:2,PERIOD:100.00%
(၂၄ပိဿာ),2,0.01%,QTY:2,QTY:100.00%
(၂၅မှ၃၀)ရက်,2,0.01%,PERIOD:2,PERIOD:100.00%
(၃)ဆ,2,0.01%,QTY:2,QTY:100.00%
(၃)ဖူး,2,0.01%,COUNT:1; CROP_PART:1,COUNT:50.00%; CROP_PART:50.00%
(၃)လ,2,0.01%,PERIOD:2,PERIOD:100.00%
(၃-၄)ရက်,2,0.01%,PERIOD:2,PERIOD:100.00%
(၃၇ပိဿာ),2,0.01%,QTY:2,QTY:100.00%
(၄)ကြိမ်,2,0.01%,COUNT:2,COUNT:100.00%
(၄)ဆ,2,0.01%,QTY:2,QTY:100.00%
(၄)ဆစ်,2,0.01%,COUNT:2,COUNT:100.00%
(၄)ပေ,2,0.01%,DIST:2,DIST:100.00%
(၄-၅)ရက်,2,0.01%,PERIOD:2,PERIOD:100.00%
(၄မှ၆)ရွက်,2,0.01%,COUNT:2,COUNT:100.00%
(၄၅)ရက်,2,0.01%,PERIOD:2,PERIOD:100.00%
(၄၈ပိဿာ),2,0.01%,QTY:2,QTY:100.00%
(၅)ပတ်,2,0.01%,PERIOD:2,PERIOD:100.00%
(၅)ရက်,2,0.01%,PERIOD:2,PERIOD:100.00%
(၇)ရက်,2,0.01%,PERIOD:2,PERIOD:100.00%
(၉၉)ပေါင်,2,0.01%,QTY:2,QTY:100.00%
10%,2,0.01%,QTY:2,QTY:100.00%
10ပင်,2,0.01%,COUNT:2,COUNT:100.00%
10လပိုင်း,2,0.01%,PERIOD:1; TIME:1,PERIOD:50.00%; TIME:50.00%
115ရက်,2,0.01%,PERIOD:2,PERIOD:100.00%
15%,2,0.01%,QTY:2,QTY:100.00%
15ရက်သား,2,0.01%,PERIOD:2,PERIOD:100.00%
16လီတာ,2,0.01%,QTY:2,QTY:100.00%
1ထုပ်,2,0.01%,QTY:2,QTY:100.00%
20%,2,0.01%,QTY:2,QTY:100.00%
23ရက်,2,0.01%,PERIOD:2,PERIOD:100.00%
24နာရီ,2,0.01%,PERIOD:2,PERIOD:100.00%
25ကီလို,2,0.01%,QTY:2,QTY:100.00%
25ရက်,2,0.01%,PERIOD:2,PERIOD:100.00%
2ပတ်,2,0.01%,PERIOD:2,PERIOD:100.00%
2ရက်,2,0.01%,PERIOD:2,PERIOD:100.00%
3,2,0.01%,COUNT:2,COUNT:100.00%
35%,2,0.01%,QTY:2,QTY:100.00%
36ရက်,2,0.01%,PERIOD:2,PERIOD:100.00%
3ဇွန်း,2,0.01%,QTY:2,QTY:100.00%
3နှစ်,2,0.01%,PERIOD:2,PERIOD:100.00%
40%,2,0.01%,QTY:2,QTY:100.00%
40စီစီ,2,0.01%,QTY:2,QTY:100.00%
46%,2,0.01%,QTY:2,QTY:100.00%
4ရက်,2,0.01%,PERIOD:2,PERIOD:100.00%
4လ,2,0.01%,PERIOD:2,PERIOD:100.00%
5.0,2,0.01%,COUNT:2,COUNT:100.00%
60,2,0.01%,COUNT:2,COUNT:100.00%
75ရက်,2,0.01%,PERIOD:2,PERIOD:100.00%
80%,2,0.01%,QTY:2,QTY:100.00%
90ဂရမ်,2,0.01%,QTY:2,QTY:100.00%
ကက်တန်,2,0.01%,FUNG:2,FUNG:100.00%
ကင်ပွန်းချဉ်,2,0.01%,CROP:2,CROP:100.00%
ကတ်ကြေး,2,0.01%,EQUIP:2,EQUIP:100.00%
ကတ်လီယာ,2,0.01%,VAR:2,VAR:100.00%
ကန်ကလေး၁,2,0.01%,VAR:2,VAR:100.00%
ကန်ကလေး၂,2,0.01%,VAR:2,VAR:100.00%
ကန်စွန်းပင်,2,0.01%,CROP:2,CROP:100.00%
ကန်ဇွန်း,2,0.01%,QTY:2,QTY:100.00%
ကန်ဇွန်းဥ,2,0.01%,CROP:2,CROP:100.00%
ကပ်ပါးပင်,2,0.01%,PATH:2,PATH:100.00%
ကယ်လ်စီပလပ်,2,0.01%,FERT:2,FERT:100.00%
ကလယ်သိုဒင်,2,0.01%,HERB:2,HERB:100.00%
ကလိုပိုင်ရီဖော့,2,0.01%,PESTI:2,PESTI:100.00%
ကလိုဖန်နပျာ,2,0.01%,PESTI:2,PESTI:100.00%
ကလိုရိုက်,2,0.01%,NUT:2,NUT:100.00%
ကာကွယ်ခြင်း,2,0.01%,FARM_OP:2,FARM_OP:100.00%
ကာကွယ်နိုင်ခြင်း,2,0.01%,FARM_OP:2,FARM_OP:100.00%
ကာကွယ်နှိမ်နင်းခြင်း,2,0.01%,FARM_OP:2,FARM_OP:100.00%
ကာဆူကာ,2,0.01%,FUNG:2,FUNG:100.00%
ကာဆူကာမိုင်စင်,2,0.01%,FUNG:2,FUNG:100.00%
ကာဆူမင်,2,0.01%,FUNG:2,FUNG:100.00%
ကာဗိုဖျူရန်,2,0.01%,PESTI:2,PESTI:100.00%
ကာဗွန်ဒိုင်အောက်ဆိုဒ်,2,0.01%,NUT:2,NUT:100.00%
ကာဘိုဖျူရန်,2,0.01%,PESTI:2,PESTI:100.00%
ကာဘိုဟိုက်ဒြိတ်,2,0.01%,NUT:2,NUT:100.00%
ကိုင်းခွဲသပ်ထိုးဆက်နည်း,2,0.01%,METHOD:2,METHOD:100.00%
ကိုဘော့,2,0.01%,NUT:2,NUT:100.00%
ကိုး,2,0.01%,PESTI:2,PESTI:100.00%
ကုပ်,2,0.01%,SYM:2,SYM:100.00%
ကုလားဆပ်,2,0.01%,VAR:2,VAR:100.00%
ကောက်ပင်,2,0.01%,CROP:2,CROP:100.00%
ကော့ပါးဆေး,2,0.01%,FUNG:2,FUNG:100.00%
ကော့ပါးဟိုက်ဒရောက်ဆိုဒ်,2,0.01%,FUNG:2,FUNG:100.00%
ကော့ပါးအောက်ဆီကလိုရိုက်,2,0.01%,FUNG:2,FUNG:100.00%
ကော်ဖီစေ့,2,0.01%,SEED:2,SEED:100.00%
ကျိုင်းနက်ကောင်,2,0.01%,PEST:2,PEST:100.00%
ကျူပရိုမက်,2,0.01%,FUNG:2,FUNG:100.00%
ကျောက်ပန်းတောင်း,2,0.01%,LOC:2,LOC:100.00%
ကျောက်ဖရုံသီး,2,0.01%,CROP:2,CROP:100.00%
ကျောက်မှုန့်မြေဩဇာ,2,0.01%,FERT:2,FERT:100.00%
ကျဲပက်,2,0.01%,FARM_OP:2,FARM_OP:100.00%
ကျွေးခြင်း,2,0.01%,FARM_OP:2,FARM_OP:100.00%
ကြက်မောက်,2,0.01%,CROP:2,CROP:100.00%
ကြက်သွန်မြိတ်,2,0.01%,CROP:2,CROP:100.00%
ကြက်သွန်ဥ,2,0.01%,CROP:1; CROP_PART:1,CROP:50.00%; CROP_PART:50.00%
ကြက်ဥမရမ်း,2,0.01%,CROP:2,CROP:100.00%
ကြမ်းပိုး,2,0.01%,PEST:2,PEST:100.00%
ကြမ်းရိုက်မြေညှိ,2,0.01%,FARM_OP:2,FARM_OP:100.00%
ကြားထွန်,2,0.01%,EQUIP:1; FARM_OP:1,EQUIP:50.00%; FARM_OP:50.00%
ကြုံလှီ,2,0.01%,SYM:2,SYM:100.00%
ကြေးနီ,2,0.01%,NUT:2,NUT:100.00%
ကြွေး,2,0.01%,FARM_OP:2,FARM_OP:100.00%
ကွန်ပေါင်းဓာတ်မြေသြဇာ,2,0.01%,FERT:2,FERT:100.00%
ခဏတာညှိုးခြင်း,2,0.01%,SYM:2,SYM:100.00%
ခရမ်းချဉ်သီး,2,0.01%,CROP:2,CROP:100.00%
ခရမ်းချည်,2,0.01%,CROP:2,CROP:100.00%
ခရမ်းသီးပင်,2,0.01%,CROP:2,CROP:100.00%
ခါးရိ,2,0.01%,DIS:1; SYM:1,DIS:50.00%; SYM:50.00%
ခိုင်တိုစန်,2,0.01%,FERT:2,FERT:100.00%
ခုတ်ဖုံးနည်းစနစ်,2,0.01%,METHOD:2,METHOD:100.00%
ခေတ်သစ်စိုက်စနစ်,2,0.01%,METHOD:2,METHOD:100.00%
ခေါက်ဆွဲ,2,0.01%,FOOD:2,FOOD:100.00%
ခေါင်ညွန့်,2,0.01%,CROP_PART:2,CROP_PART:100.00%
ခေါင်ညွန့်,2,0.01%,CROP_PART:2,CROP_PART:100.00%
ခေါင်ညွှန့်,2,0.01%,CROP_PART:2,CROP_PART:100.00%
ခေါင်ညွှန့်ထိုးပိုး,2,0.01%,PEST:2,PEST:100.00%
ခေါင်ပုပ်ရောဂါ,2,0.01%,DIS:2,DIS:100.00%
ခေါင်းပုတ်,2,0.01%,DIS:2,DIS:100.00%
ချည်ပေါင်,2,0.01%,CROP:2,CROP:100.00%
ချို့တဲ့,2,0.01%,SYM:2,SYM:100.00%
ချွေလှေ့,2,0.01%,FARM_OP:2,FARM_OP:100.00%
ခြေပုပ်ရောဂါ,2,0.01%,DIS:2,DIS:100.00%
ခြောက်လ,2,0.01%,PERIOD:2,PERIOD:100.00%
ခြောက်လက်မ,2,0.01%,DIST:2,DIST:100.00%
ခြောက်လာ,2,0.01%,SYM:2,SYM:100.00%
ခြောက်သွေ့မှုဒဏ်,2,0.01%,ABIOD:2,ABIOD:100.00%
ခြောက်သွေ့သောရာသီ,2,0.01%,WEATHER:2,WEATHER:100.00%
ခွေးမြီးဖြူ,2,0.01%,VAR:2,VAR:100.00%
ခွဲယူ,2,0.01%,FARM_OP:2,FARM_OP:100.00%
ဂန္ဓမာပန်းပင်,2,0.01%,CROP:2,CROP:100.00%
ဂန္ဓာမာပန်းပင်,2,0.01%,CROP:2,CROP:100.00%
ဂရုတစိုက်ဖယ်ရှား,2,0.01%,FARM_OP:2,FARM_OP:100.00%
ဂါလံ၂၀,2,0.01%,QTY:2,QTY:100.00%
ဂုတ်ကျိုး,2,0.01%,DIS:1; SYM:1,DIS:50.00%; SYM:50.00%
ဂေါ်ဖီ,2,0.01%,CROP:2,CROP:100.00%
ဂေါ်ရခါး,2,0.01%,CROP:2,CROP:100.00%
ဂျင်းပင်,2,0.01%,CROP:2,CROP:100.00%
ဂျစ်ပဆမ်,2,0.01%,FERT:2,FERT:100.00%
ဂျာဗားကျွန်း,2,0.01%,LOC:2,LOC:100.00%
ဂျာမနီ,2,0.01%,LOC:2,LOC:100.00%
ဂျီအိုင်ဇက်,2,0.01%,ORG:2,ORG:100.00%
ဂျူလိုင်,2,0.01%,TIME:2,TIME:100.00%
ဂွေးသီး,2,0.01%,CROP:2,CROP:100.00%
ငစိန်,2,0.01%,VAR:2,VAR:100.00%
ငါးနှစ်,2,0.01%,PERIOD:2,PERIOD:100.00%
ငါးရက်,2,0.01%,PERIOD:2,PERIOD:100.00%
စင်တင်စနစ်,2,0.01%,METHOD:2,METHOD:100.00%
စစိုက်ချိန်,2,0.01%,TIME:2,TIME:100.00%
စတားလက်,2,0.01%,FUNG:2,FUNG:100.00%
စနယ်မြေ,2,0.01%,SOIL_TYPE:2,SOIL_TYPE:100.00%
စပါးဘီလူး,2,0.01%,WEED:2,WEED:100.00%
စပါးမျိုးညှောင့်,2,0.01%,SEED:2,SEED:100.00%
စပါးရိုင်း,2,0.01%,WEED:2,WEED:100.00%
စပါးရွက်ခေါက်ပိုး,2,0.01%,PEST:2,PEST:100.00%
စပါးလင်ဆီမွှေးပင်,2,0.01%,CROP:2,CROP:100.00%
စမုံနက်နှမ်း,2,0.01%,CROP:2,CROP:100.00%
စားတော်ပဲ,2,0.01%,CROP:2,CROP:100.00%
စားဖိုပြာ,2,0.01%,FERT:2,FERT:100.00%
စိမ်ထား,2,0.01%,FARM_OP:2,FARM_OP:100.00%
စိုက်စနစ်,2,0.01%,METHOD:2,METHOD:100.00%
စိုက်ပျိုးထုတ်လုပ်မှု,2,0.01%,FARM_OP:2,FARM_OP:100.00%
စိုက်ပျိုးနည်း,2,0.01%,METHOD:2,METHOD:100.00%
စိုက်ပျိုးမြေပြုပြင်ခြင်း,2,0.01%,FARM_OP:2,FARM_OP:100.00%
စိုက်ပျိုးရေးသုတေသနခြံ,2,0.01%,ORG:2,ORG:100.00%
စိုက်ပျိုးရေးသုတေသနဌာန,2,0.01%,ORG:2,ORG:100.00%
စိုက်ဘောင်ပြုလုပ်,2,0.01%,FARM_OP:2,FARM_OP:100.00%
စိုက်ဘောင်များပြုလုပ်,2,0.01%,FARM_OP:2,FARM_OP:100.00%
စိုထိုင်း,2,0.01%,WEATHER:2,WEATHER:100.00%
စုပ်ဖွား,2,0.01%,FERT:1; NUT:1,FERT:50.00%; NUT:50.00%
စူပါစတား,2,0.01%,HERB:2,HERB:100.00%
စောင်း၍စိုက်ပျိုးခြင်း,2,0.01%,METHOD:2,METHOD:100.00%
စောပင်နာကျရောဂါ,2,0.01%,DIS:2,DIS:100.00%
ဆက်ပ်တိုရီးယား,2,0.01%,PATH:2,PATH:100.00%
ဆင်ငိုမြက်,2,0.01%,WEED:2,WEED:100.00%
ဆင်ပိုဒီယယ်သစ်ခွ,2,0.01%,VAR:2,VAR:100.00%
ဆင်းရွှေကြာ-၂,2,0.01%,VAR:2,VAR:100.00%
ဆန်ကာ,2,0.01%,EQUIP:2,EQUIP:100.00%
ဆန်ပိုး,2,0.01%,PEST:2,PEST:100.00%
ဆပ်ကလေး,2,0.01%,VAR:2,VAR:100.00%
ဆပ်နီ,2,0.01%,VAR:2,VAR:100.00%
ဆရာကြီးဦးဘဟိန်း,2,0.01%,PER:2,PER:100.00%
ဆာကိုစပိုး,2,0.01%,PEST:2,PEST:100.00%
ဆာဖာ,2,0.01%,NUT:2,NUT:100.00%
ဆားပေါက်,2,0.01%,ABIOD:2,ABIOD:100.00%
ဆားပေါက်တဲ့မြေ,2,0.01%,SOIL_TYPE:2,SOIL_TYPE:100.00%
ဆိတ်,2,0.01%,PEST:2,PEST:100.00%
ဆိုက်မိုဇာနေး,2,0.01%,FUNG:2,FUNG:100.00%
ဆိုင်ယန်ထရာနီလီပရိုး,2,0.01%,PESTI:2,PESTI:100.00%
ဆီကွက်,2,0.01%,SYM:2,SYM:100.00%
ဆီစွန်းရောဂါ,2,0.01%,DIS:2,DIS:100.00%
ဆီအုန်း,2,0.01%,CROP:2,CROP:100.00%
ဆီးနှင်း,2,0.01%,WEATHER:2,WEATHER:100.00%
ဆူးကရိုးစ်,2,0.01%,NUT:2,NUT:100.00%
ဆူးပန်း,2,0.01%,CROP:2,CROP:100.00%
ဆူးပုတ်,2,0.01%,CROP:2,CROP:100.00%
ဆေးကျွေး,2,0.01%,FARM_OP:2,FARM_OP:100.00%
ဆေးပုံး,2,0.01%,EQUIP:2,EQUIP:100.00%
ဆေးဖျန်းဗုံး,2,0.01%,EQUIP:2,EQUIP:100.00%
ဆေးဖျန်းးပုံး,2,0.01%,EQUIP:2,EQUIP:100.00%
ဆေးဖြန်းပုံး,2,0.01%,EQUIP:2,EQUIP:100.00%
ဆေးရွက်ကြီးပိုးသတ်ဆေး,2,0.01%,PESTI:2,PESTI:100.00%
ဆေးလူး,2,0.01%,FARM_OP:2,FARM_OP:100.00%
ဆေးသကြားဓာတ်,2,0.01%,NUT:2,NUT:100.00%
ဆွဲနုတ်,2,0.01%,FARM_OP:2,FARM_OP:100.00%
ဇီယာစေ့,2,0.01%,CROP:2,CROP:100.00%
ဇီဝနည်း,2,0.01%,METHOD:2,METHOD:100.00%
ဇူလိုင်လ,2,0.01%,TIME:2,TIME:100.00%
ဇော်ဘုရင်,2,0.01%,CROP:2,CROP:100.00%
ဇော်လုံး,2,0.01%,CROP:2,CROP:100.00%
ဇွန်ဘီ,2,0.01%,PESTI:2,PESTI:100.00%
ညောင်,2,0.01%,CROP:2,CROP:100.00%
တစ်ကိုင်း,2,0.01%,COUNT:2,COUNT:100.00%
တစ်ကောင်,2,0.01%,COUNT:2,COUNT:100.00%
တစ်ကြိမ်နှုန်း,2,0.01%,COUNT:2,COUNT:100.00%
တစ်ချက်,2,0.01%,COUNT:2,COUNT:100.00%
တစ်ခြင်း,2,0.01%,COUNT:2,COUNT:100.00%
တစ်ခွက်,2,0.01%,COUNT:2,COUNT:100.00%
တစ်နာရီအတွင်း,2,0.01%,PERIOD:2,PERIOD:100.00%
တစ်ပိသာ,2,0.01%,QTY:2,QTY:100.00%
တစ်ပြည်,2,0.01%,QTY:2,QTY:100.00%
တစ်ဗူး,2,0.01%,COUNT:1; QTY:1,COUNT:50.00%; QTY:50.00%
တစ်မြောင်း,2,0.01%,COUNT:2,COUNT:100.00%
တစ်ရက်ခြား,2,0.01%,PERIOD:2,PERIOD:100.00%
တစ်ရှုးငှက်ပျော,2,0.01%,VAR:2,VAR:100.00%
တစ်လအကြာ,2,0.01%,PERIOD:2,PERIOD:100.00%
တစ်လုံး,2,0.01%,COUNT:2,COUNT:100.00%
တစ်လှည့်,2,0.01%,COUNT:2,COUNT:100.00%
တစ်သီး,2,0.01%,COUNT:2,COUNT:100.00%
တစ်သျှူးငှက်ပျော,2,0.01%,CROP:1; VAR:1,CROP:50.00%; VAR:50.00%
တဇွန်း,2,0.01%,QTY:2,QTY:100.00%
တနင်္သာရီတိုင်း,2,0.01%,LOC:2,LOC:100.00%
တန်ဆောင်မုန်းလ,2,0.01%,TIME:2,TIME:100.00%
တန်းကြားပင်ကြား,2,0.01%,METHOD:2,METHOD:100.00%
တရုတ်နံနံ,2,0.01%,CROP:2,CROP:100.00%
တာရာဖစ်,2,0.01%,FERT:2,FERT:100.00%
တိုက်ရိုက်စိုက်ပျိုးခြင်း,2,0.01%,FARM_OP:2,FARM_OP:100.00%
တိုက်ရိုက်မျိုးစေ့ချစိုက်ပျိုးနည်းစနစ်,2,0.01%,METHOD:2,METHOD:100.00%
တီးတိန်,2,0.01%,LOC:2,LOC:100.00%
တူရွင်း,2,0.01%,EQUIP:2,EQUIP:100.00%
တူးဖိုးဒီ,2,0.01%,HERB:2,HERB:100.00%
တောင်စောင်း,2,0.01%,SOIL_TYPE:2,SOIL_TYPE:100.00%
တောင်တန်းဒေသ,2,0.01%,LOC:2,LOC:100.00%
တောနှမ်း,2,0.01%,WEED:2,WEED:100.00%
တော်ပီဒို,2,0.01%,PESTI:2,PESTI:100.00%
တံစဉ်,2,0.01%,EQUIP:2,EQUIP:100.00%
ထပ်ဆင့်ပွား,2,0.01%,FERT:2,FERT:100.00%
ထပ်တစ်ရာပန်း,2,0.01%,CROP:2,CROP:100.00%
ထယ်ထိုးထွန်မွှေ,2,0.01%,FARM_OP:2,FARM_OP:100.00%
ထယ်ထိုးထွန်မွှေခြင်း,2,0.01%,FARM_OP:2,FARM_OP:100.00%
ထရိုင်ဂိုဒါးမားဗရီဒေ,2,0.01%,PATH:2,PATH:100.00%
ထိုးပိုး,2,0.01%,PEST:2,PEST:100.00%
ထီးမှို,2,0.01%,PATH:2,PATH:100.00%
ထောပတ်သီးပင်,2,0.01%,CROP:2,CROP:100.00%
ထွန်ခြစ်,2,0.01%,EQUIP:1; FARM_OP:1,EQUIP:50.00%; FARM_OP:50.00%
ထွန်ရေးပြင်,2,0.01%,FARM_OP:2,FARM_OP:100.00%
ထွန်လှန်,2,0.01%,FARM_OP:2,FARM_OP:100.00%
ဒန့်သလွန်,2,0.01%,CROP:2,CROP:100.00%
ဒယ်တာမီသရင်,2,0.01%,PESTI:2,PESTI:100.00%
ဒါဆာတော့,2,0.01%,HERB:2,HERB:100.00%
ဒိုချက်ကင်,2,0.01%,FERT:2,FERT:100.00%
ဒိုင်ဖန်နာကိုနာဇိုး,2,0.01%,FUNG:2,FUNG:100.00%
ဒိုင်ဘင်,2,0.01%,FUNG:2,FUNG:100.00%
ဒီဖီနိုကိုနာဇိုး,2,0.01%,FUNG:2,FUNG:100.00%
ဒီအေပီ,2,0.01%,FERT:2,FERT:100.00%
ဒေါက်ခွရွက်,2,0.01%,CROP:2,CROP:100.00%
ဒေါင်လိုက်စိုက်ပျိုး,2,0.01%,METHOD:2,METHOD:100.00%
ဒေါင်လိုက်စိုက်ပျိုးခြင်း,2,0.01%,METHOD:2,METHOD:100.00%
ဒေါင်းနည်းရွက်ခြောက်ရောဂါ,2,0.01%,DIS:2,DIS:100.00%
ဒေါင်းမြီးကွက်ရွက်ခြောက်ရောဂါ,2,0.01%,DIS:2,DIS:100.00%
ဓာတုပေါင်းသတ်ဆေး,2,0.01%,HERB:2,HERB:100.00%
ဓာတ်ခွဲခန်း,2,0.01%,EQUIP:2,EQUIP:100.00%
ဓာတ်ပျက်သကြား,2,0.01%,NUT:2,NUT:100.00%
ဓာတ်မြေဩဇာကျွေး,2,0.01%,FARM_OP:2,FARM_OP:100.00%
ဓာတ်မြေဩဇာကြဲပက်,2,0.01%,FARM_OP:2,FARM_OP:100.00%
ဓားခုတ်ကောင်,2,0.01%,PEST:2,PEST:100.00%
နဂါးမောက်ပျိုးပင်,2,0.01%,SEED:2,SEED:100.00%
နတ်တော်လ,2,0.01%,TIME:2,TIME:100.00%
နီကိုဥ,2,0.01%,CROP:2,CROP:100.00%
နီကိုဥပင်,2,0.01%,CROP:2,CROP:100.00%
နီမတုပ်,2,0.01%,PEST:2,PEST:100.00%
နုန်းတင်မြေနု,2,0.01%,SOIL_TYPE:2,SOIL_TYPE:100.00%
နုန်းမြေစေး,2,0.01%,SOIL_TYPE:2,SOIL_TYPE:100.00%
နုံးမြေစေး,2,0.01%,SOIL_TYPE:2,SOIL_TYPE:100.00%
နေကြာပန်း,2,0.01%,CROP:2,CROP:100.00%
နေပူဒဏ်,2,0.01%,ABIOD:2,ABIOD:100.00%
နေပူပြင်း,2,0.01%,WEATHER:2,WEATHER:100.00%
နံနက်,2,0.01%,TIME:2,TIME:100.00%
နွား,2,0.01%,PEST:2,PEST:100.00%
နှင့်ည,2,0.01%,TIME:2,TIME:100.00%
နှင့်အနည်းလိုအာဟာရပါ,2,0.01%,FARM_OP:2,FARM_OP:100.00%
နှင်းခါး,2,0.01%,WEATHER:2,WEATHER:100.00%
နှင်းဆီပင်,2,0.01%,CROP:2,CROP:100.00%
နှစ်စေ့,2,0.01%,COUNT:2,COUNT:100.00%
နှစ်ရက်သား,2,0.01%,PERIOD:2,PERIOD:100.00%
နှစ်ရွက်,2,0.01%,COUNT:2,COUNT:100.00%
နှစ်သီး,2,0.01%,COUNT:2,COUNT:100.00%
နှစ်ဧက,2,0.01%,DIST:2,DIST:100.00%
နှမ်းကြီး,2,0.01%,CROP:2,CROP:100.00%
နှုတ်ယူ,2,0.01%,FARM_OP:2,FARM_OP:100.00%
ပက်ဖျန်းပေးခြင်း,2,0.01%,FARM_OP:2,FARM_OP:100.00%
ပင့်ကူ,2,0.01%,PEST:2,PEST:100.00%
ပင့်ကူနီ,2,0.01%,PEST:2,PEST:100.00%
ပင်စည်ပိုး,2,0.01%,PEST:2,PEST:100.00%
ပင်ညိုး,2,0.01%,SYM:2,SYM:100.00%
ပင်ညှိုး,2,0.01%,DIS:2,DIS:100.00%
ပင်ပိုင်း,2,0.01%,CROP_PART:2,CROP_PART:100.00%
ပင်မ,2,0.01%,CROP_PART:2,CROP_PART:100.00%
ပင်လုံးပြန့်ဆေး,2,0.01%,FERT:2,FERT:100.00%
ပင်လုံးပြန့်ပိုးသတ်ဆေး,2,0.01%,PEST:1; PESTI:1,PEST:50.00%; PESTI:50.00%
ပတ်ဖြန်း,2,0.01%,FARM_OP:2,FARM_OP:100.00%
ပန်ဒီမီသလင်း,2,0.01%,HERB:2,HERB:100.00%
ပန်းထိမ်ငို,2,0.01%,CROP:2,CROP:100.00%
ပရိုတင်းဓာတ်,2,0.01%,NUT:2,NUT:100.00%
ပရိုဖိနိုဖော့,2,0.01%,PESTI:2,PESTI:100.00%
ပလတ်စတစ်ပုံး,2,0.01%,EQUIP:2,EQUIP:100.00%
ပလတ်စတစ်အိုး,2,0.01%,EQUIP:2,EQUIP:100.00%
ပိန္နဲပင်,2,0.01%,CROP:2,CROP:100.00%
ပိုက်ကွန်,2,0.01%,EQUIP:2,EQUIP:100.00%
ပိုတက်စီယမ်ကလိုရိုဒ်,2,0.01%,FERT:2,FERT:100.00%
ပိုတက်ဆီယမ်မြေဩဇာ,2,0.01%,FERT:2,FERT:100.00%
ပိုတက်မြေဩဇာ,2,0.01%,FERT:2,FERT:100.00%
ပိုတတ်,2,0.01%,FERT:1; NUT:1,FERT:50.00%; NUT:50.00%
ပိုရိတ်,2,0.01%,PESTI:2,PESTI:100.00%
ပိဿာ၁၀၀,2,0.01%,QTY:2,QTY:100.00%
ပုပ္ပါး,2,0.01%,LOC:2,LOC:100.00%
ပုပ်ရိ,2,0.01%,SYM:2,SYM:100.00%
ပုလဲဆပ်,2,0.01%,VAR:2,VAR:100.00%
ပုလဲ၄၆,2,0.01%,FERT:2,FERT:100.00%
ပုံစံမမှန်,2,0.01%,SYM:2,SYM:100.00%
ပူနွေးသော,2,0.01%,WEATHER:2,WEATHER:100.00%
ပေါက်တူး,2,0.01%,EQUIP:2,EQUIP:100.00%
ပေါင်ဒါမှုန်ကဲ့သို့ဖြူဖွေးသောရောဂါ,2,0.01%,DIS:2,DIS:100.00%
ပေါင်မုန့်,2,0.01%,FOOD:2,FOOD:100.00%
ပေါင်းစည်းလယ်ယာစနစ်,2,0.01%,METHOD:2,METHOD:100.00%
ပေါင်းလိုက်ခြင်း,2,0.01%,FARM_OP:2,FARM_OP:100.00%
ပေါင်းသတ်ဆေးဖျန်း,2,0.01%,FARM_OP:2,FARM_OP:100.00%
ပေါ်ဆန်းရင်,2,0.01%,VAR:2,VAR:100.00%
ပေါ်တတ်,2,0.01%,PESTI:2,PESTI:100.00%
ပဲခူးမြို့,2,0.01%,LOC:2,LOC:100.00%
ပဲစေ့,2,0.01%,SEED:2,SEED:100.00%
ပဲတိုင်ထောင်,2,0.01%,CROP:2,CROP:100.00%
ပဲတီစိမ်းပင်,2,0.01%,CROP:2,CROP:100.00%
ပဲပုစွန်,2,0.01%,CROP:2,CROP:100.00%
ပဲပုပ်ပင်,2,0.01%,CROP:2,CROP:100.00%
ပဲရင်း,2,0.01%,CROP:2,CROP:100.00%
ပဲလွမ်းဖြူ,2,0.01%,CROP:2,CROP:100.00%
ပျိုးပင်ထုတ်လုပ်,2,0.01%,FARM_OP:2,FARM_OP:100.00%
ပျိုးပင်ထုတ်လုပ်မှု,2,0.01%,FARM_OP:2,FARM_OP:100.00%
ပျိုးပန်း,2,0.01%,EQUIP:2,EQUIP:100.00%
ပျိုးဘောင်ပြုလုပ်,2,0.01%,FARM_OP:2,FARM_OP:100.00%
ပြာဓာတ်,2,0.01%,NUT:2,NUT:100.00%
ပြုတ်ကျ,2,0.01%,SYM:2,SYM:100.00%
ပြောင်းချို,2,0.01%,CROP:2,CROP:100.00%
ပြောင်းစိုက်,2,0.01%,FARM_OP:2,FARM_OP:100.00%
ပွင့်တံ,2,0.01%,CROP_PART:2,CROP_PART:100.00%
ဖက်တီးအယ်လ်ကိုဟော,2,0.01%,FERT:2,FERT:100.00%
ဖစ်ပရိုနေးလ်3,2,0.01%,PESTI:2,PESTI:100.00%
ဖန်ပုလင်း,2,0.01%,EQUIP:2,EQUIP:100.00%
ဖယ်ရှားခြင်း,2,0.01%,FARM_OP:2,FARM_OP:100.00%
ဖရုံသီး,2,0.01%,CROP:2,CROP:100.00%
ဖလူဘန်ဒိုင်ယာမိုက်,2,0.01%,PESTI:2,PESTI:100.00%
ဖလံ,2,0.01%,PEST:2,PEST:100.00%
ဖိုက်တော့သရာ,2,0.01%,DIS:1; PATH:1,DIS:50.00%; PATH:50.00%
ဖိုးစတိုင်း,2,0.01%,FUNG:2,FUNG:100.00%
ဖိုးသာ,2,0.01%,VAR:2,VAR:100.00%
ဖော့စဖောရပ်,2,0.01%,NUT:2,NUT:100.00%
ဖော့စဖော့ရပ်,2,0.01%,NUT:2,NUT:100.00%
ဖော့စ်ဖရပ်,2,0.01%,NUT:2,NUT:100.00%
ဖော်မလင်,2,0.01%,FUNG:2,FUNG:100.00%
ဖေ့စ်,2,0.01%,PESTI:2,PESTI:100.00%
ဖျန်းခြင်း,2,0.01%,FARM_OP:2,FARM_OP:100.00%
ဖျူစေရီယမ်မှို,2,0.01%,PATH:2,PATH:100.00%
ဖွဲနု,2,0.01%,FERT:2,FERT:100.00%
ဗင်းဆင့်ချွိုက်စ်,2,0.01%,VAR:2,VAR:100.00%
ဗမာနံနံ,2,0.01%,CROP:2,CROP:100.00%
ဗာတီစီလီယမ်ပင်ညှိုးရောဂါ,2,0.01%,DIS:2,DIS:100.00%
ဗိုင်းရပ်,2,0.01%,PATH:2,PATH:100.00%
ဗိုင်းရပ်(စ်),2,0.01%,PATH:2,PATH:100.00%
ဗီတာမင်စီ,2,0.01%,NUT:2,NUT:100.00%
ဗီတာမင်ဘီ-ကွန်ပလက်စ်,2,0.01%,NUT:2,NUT:100.00%
ဗျူနိုမိုင်း,2,0.01%,FUNG:2,FUNG:100.00%
ဘက်စုံပိုးမွှားကာကွယ်နှိမ်နင်းနည်း,2,0.01%,METHOD:2,METHOD:100.00%
ဘက်တီးရီးယားဆီစွန်း,2,0.01%,DIS:2,DIS:100.00%
ဘက်တီးရီးယားပင်ညှိုးရောဂါ,2,0.01%,DIS:2,DIS:100.00%
ဘက်တီးရီးယားအနက်စက်ပြောက်ရောဂါ,2,0.01%,DIS:2,DIS:100.00%
ဘာဗစ်စတင်,2,0.01%,FUNG:2,FUNG:100.00%
ဘာလီဆိုဒ်,2,0.01%,FUNG:2,FUNG:100.00%
ဘိုင်းရပ်ရောဂါ,2,0.01%,DIS:2,DIS:100.00%
ဘိုမက်,2,0.01%,FERT:2,FERT:100.00%
ဘီတာစီပိုးသတ်ဆေး,2,0.01%,PESTI:2,PESTI:100.00%
ဘီနိုမိုင်း,2,0.01%,FUNG:2,FUNG:100.00%
ဘူးစေ့,2,0.01%,SEED:2,SEED:100.00%
ဘူးဖရုံကျိုင်း,2,0.01%,PEST:2,PEST:100.00%
ဘူးရေမှုတ်,2,0.01%,VAR:2,VAR:100.00%
ဘူးရှည်,2,0.01%,VAR:2,VAR:100.00%
ဘူးလည်လှ,2,0.01%,VAR:2,VAR:100.00%
ဘူးသပိတ်,2,0.01%,VAR:2,VAR:100.00%
မက်တလဇီး,2,0.01%,FUNG:2,FUNG:100.00%
မတလဇီး,2,0.01%,FUNG:2,FUNG:100.00%
မန်ဂနိစ်,2,0.01%,NUT:2,NUT:100.00%
မန်းဂနိစ်,2,0.01%,NUT:2,NUT:100.00%
မာလာမြိုင်,2,0.01%,ORG:2,ORG:100.00%
မိုစိတ်ရောဂါ,2,0.01%,DIS:2,DIS:100.00%
မိုနိုပိုဒီယယ်သစ်ခွ,2,0.01%,VAR:2,VAR:100.00%
မိုးကင်းစင်,2,0.01%,WEATHER:2,WEATHER:100.00%
မိုးခေါင်ခြင်း,2,0.01%,ABIOD:2,ABIOD:100.00%
မိုးနည်း,2,0.01%,WEATHER:2,WEATHER:100.00%
မိုးရေချိန်(၈)လက်မ,2,0.01%,WEATHER:2,WEATHER:100.00%
မိုးလွတ်,2,0.01%,WEATHER:2,WEATHER:100.00%
မိုးသည်းထန်,2,0.01%,WEATHER:2,WEATHER:100.00%
မိုးအရမ်းရွာ,2,0.01%,WEATHER:2,WEATHER:100.00%
မိုးအုံ့,2,0.01%,WEATHER:2,WEATHER:100.00%
မုန်တိုင်း,2,0.01%,ABIOD:1; WEATHER:1,ABIOD:50.00%; WEATHER:50.00%
မုန်လာ,2,0.01%,CROP:2,CROP:100.00%
မုံရွာဂျုံဖြူ,2,0.01%,VAR:2,VAR:100.00%
မောင်းညို,2,0.01%,SYM:2,SYM:100.00%
မျက်စိ,2,0.01%,CROP_PART:2,CROP_PART:100.00%
များ,2,0.01%,HUM:1; WEATHER:1,HUM:50.00%; WEATHER:50.00%
မျိုးကိုင်းရွေးချယ်ခြင်း,2,0.01%,FARM_OP:2,FARM_OP:100.00%
မျိုးစေ့ထုတ်ခြင်း,2,0.01%,FARM_OP:2,FARM_OP:100.00%
မျိုးစေ့လူး,2,0.01%,FARM_OP:2,FARM_OP:100.00%
မျိုးစေ့လူးနယ်,2,0.01%,FARM_OP:2,FARM_OP:100.00%
မျိုးညှောင့်ဖောက်,2,0.01%,FARM_OP:2,FARM_OP:100.00%
မျိုးသန့်,2,0.01%,SEED:2,SEED:100.00%
မြက်ယားငယ်,2,0.01%,WEED:2,WEED:100.00%
မြင်း,2,0.01%,LOC:2,LOC:100.00%
မြန်မာ့စိုက်ပျိုးရေးလုပ်ငန်း,2,0.01%,ORG:2,ORG:100.00%
မြေဆောင်မှိုရောဂါ,2,0.01%,DIS:2,DIS:100.00%
မြေဆွေးပြုလုပ်,2,0.01%,FARM_OP:2,FARM_OP:100.00%
မြေဆွေးမှုန့်,2,0.01%,FERT:2,FERT:100.00%
မြေညံ့,2,0.01%,SOIL_TYPE:2,SOIL_TYPE:100.00%
မြေဖို့,2,0.01%,FARM_OP:2,FARM_OP:100.00%
မြေဖို့ခြင်း,2,0.01%,FARM_OP:2,FARM_OP:100.00%
မြေလွှတ်စနစ်,2,0.01%,METHOD:2,METHOD:100.00%
မြေသြဇာကျွေးခြင်း,2,0.01%,FARM_OP:2,FARM_OP:100.00%
မြေအိုး,2,0.01%,EQUIP:2,EQUIP:100.00%
မြေအောက်ပင်စည်,2,0.01%,CROP_PART:2,CROP_PART:100.00%
မြေအောင်းရောဂါ,2,0.01%,DIS:2,DIS:100.00%
မွှားပင့်ကူ,2,0.01%,PEST:2,PEST:100.00%
မှော်ဘီ,2,0.01%,LOC:1; VAR:1,LOC:50.00%; VAR:50.00%
ယာ-၂,2,0.01%,VAR:2,VAR:100.00%
ယာမြေ,2,0.01%,SOIL_TYPE:2,SOIL_TYPE:100.00%
ယို,2,0.01%,FOOD:2,FOOD:100.00%
ရက်50,2,0.01%,PERIOD:2,PERIOD:100.00%
ရက်90,2,0.01%,PERIOD:2,PERIOD:100.00%
ရက်ပေါင်း၃၀,2,0.01%,PERIOD:2,PERIOD:100.00%
ရက်၄၀,2,0.01%,PERIOD:2,PERIOD:100.00%
ရက်၈၀,2,0.01%,PERIOD:2,PERIOD:100.00%
ရစ်ပတ်ချည်နှောင်,2,0.01%,FARM_OP:2,FARM_OP:100.00%
ရပ်စောက်,2,0.01%,LOC:2,LOC:100.00%
ရာသီဥတုဒဏ်,2,0.01%,ABIOD:2,ABIOD:100.00%
ရိတ်ကျွေး,2,0.01%,FARM_OP:2,FARM_OP:100.00%
ရိပုပ်,2,0.01%,SYM:2,SYM:100.00%
ရိုးနီမျိုး,2,0.01%,VAR:2,VAR:100.00%
ရိုးပုတ်,2,0.01%,DIS:2,DIS:100.00%
ရီဗိုက်,2,0.01%,FUNG:2,FUNG:100.00%
ရေကြီး,2,0.01%,ABIOD:2,ABIOD:100.00%
ရေဆင်းဂျုံ-၁၁,2,0.01%,VAR:2,VAR:100.00%
ရေဆင်းဂျုံ-၇,2,0.01%,VAR:2,VAR:100.00%
ရေဆင်းလုံးသွယ်,2,0.01%,VAR:2,VAR:100.00%
ရေညှိ,2,0.01%,NUT:1; PATH:1,NUT:50.00%; PATH:50.00%
ရေနစ်,2,0.01%,ABIOD:1; SYM:1,ABIOD:50.00%; SYM:50.00%
ရေနာ,2,0.01%,SYM:2,SYM:100.00%
ရေပန်းကရား,2,0.01%,EQUIP:2,EQUIP:100.00%
ရေပန်းစနစ်,2,0.01%,METHOD:2,METHOD:100.00%
ရေပေးသွင်းခြင်း,2,0.01%,FARM_OP:2,FARM_OP:100.00%
ရေပြတ်ခြင်း,2,0.01%,ABIOD:2,ABIOD:100.00%
ရေဖြတ်,2,0.01%,FARM_OP:2,FARM_OP:100.00%
ရေလိုက်ပဲ,2,0.01%,METHOD:2,METHOD:100.00%
ရေသွင်းပေးခြင်း,2,0.01%,FARM_OP:2,FARM_OP:100.00%
ရောကျွေး,2,0.01%,FARM_OP:2,FARM_OP:100.00%
ရောဂါပိုးမွှား,2,0.01%,PEST:2,PEST:100.00%
ရောစပ်အသုံးပြုခြင်း,2,0.01%,FARM_OP:2,FARM_OP:100.00%
ရော်ဘာပင်,2,0.01%,CROP:2,CROP:100.00%
ရွက်ချွန်းပေါင်းသတ်ဆေး,2,0.01%,HERB:2,HERB:100.00%
ရွက်စားယင်,2,0.01%,PEST:2,PEST:100.00%
ရွက်ညှာ,2,0.01%,CROP_PART:2,CROP_PART:100.00%
ရွက်ထွင်း,2,0.01%,PEST:1; SYM:1,PEST:50.00%; SYM:50.00%
ရွက်ထွင်းယင်ကောင်,2,0.01%,PEST:2,PEST:100.00%
ရွက်ဖျန်းမြေသြဇာ,2,0.01%,FERT:2,FERT:100.00%
ရွက်လိပ်ရွက်စားပိုး,2,0.01%,PEST:2,PEST:100.00%
ရွက်လှ,2,0.01%,CROP:2,CROP:100.00%
ရွက်လှပင်,2,0.01%,CROP:2,CROP:100.00%
ရွှေပန်းငွေပန်း,2,0.01%,CROP:2,CROP:100.00%
ရွှေဖရုံသီး,2,0.01%,CROP:2,CROP:100.00%
ရွှေဘိုပေါ်ဆန်း,2,0.01%,VAR:2,VAR:100.00%
ရွှံ့စေးမြေ,2,0.01%,SOIL_TYPE:2,SOIL_TYPE:100.00%
ရှဉ့်,2,0.01%,PEST:2,PEST:100.00%
ရှမ်းမျိုး,2,0.01%,VAR:2,VAR:100.00%
ရှာလကာရည်,2,0.01%,FOOD:2,FOOD:100.00%
ရှုံ့တွ,2,0.01%,SYM:2,SYM:100.00%
လက်တွန်းထွန်စက်,2,0.01%,EQUIP:2,EQUIP:100.00%
လင်းနို့,2,0.01%,PEST:2,PEST:100.00%
လမ်ဘဒါဆိုင်ဟယ်လိုသရင်,2,0.01%,PESTI:2,PESTI:100.00%
လိပ်နေတာ,2,0.01%,SYM:2,SYM:100.00%
လိပ်နေလို့,2,0.01%,SYM:2,SYM:100.00%
လိုရာပုံသွင်းခြင်း,2,0.01%,FARM_OP:2,FARM_OP:100.00%
လူဖန်ယူရွန်,2,0.01%,PESTI:2,PESTI:100.00%
လေထုစိုထိုင်းဆ,2,0.01%,HUM:2,HUM:100.00%
လေးဆ,2,0.01%,QTY:2,QTY:100.00%
လေးတန်,2,0.01%,QTY:2,QTY:100.00%
ဝင်းရော့အင်တာနေရှင်နယ်,2,0.01%,ORG:2,ORG:100.00%
ဝဥ,2,0.01%,CROP:2,CROP:100.00%
ဝါခေါင်,2,0.01%,TIME:2,TIME:100.00%
ဝါခြင်း,2,0.01%,SYM:2,SYM:100.00%
ဝါနေတာ,2,0.01%,SYM:2,SYM:100.00%
ဝါပြီးကြွေ,2,0.01%,SYM:2,SYM:100.00%
ဝါသွား,2,0.01%,SYM:2,SYM:100.00%
ဝါးတန်း,2,0.01%,EQUIP:2,EQUIP:100.00%
ဝိုင်ယာကြိုး,2,0.01%,EQUIP:2,EQUIP:100.00%
သကြားပြောင်း,2,0.01%,VAR:2,VAR:100.00%
သခွားချဉ်,2,0.01%,VAR:2,VAR:100.00%
သတ္တုရည်,2,0.01%,NUT:2,NUT:100.00%
သပြေပင်,2,0.01%,CROP:2,CROP:100.00%
သမင်,2,0.01%,PEST:2,PEST:100.00%
သမန်းပြင်,2,0.01%,FARM_OP:2,FARM_OP:100.00%
သမန်းလောင်,2,0.01%,DIS:2,DIS:100.00%
သားတက်အမြစ်,2,0.01%,CROP_PART:2,CROP_PART:100.00%
သိုင်အိုဖိနိတ်မီသိုင်း,2,0.01%,FUNG:2,FUNG:100.00%
သီရန်,2,0.01%,FUNG:2,FUNG:100.00%
သီးကင်း,2,0.01%,CROP_PART:2,CROP_PART:100.00%
သီးကင်းဝင်ချိန်,2,0.01%,TIME:2,TIME:100.00%
သီးခိုင်,2,0.01%,CROP_PART:2,CROP_PART:100.00%
သီးလှည့်စိုက်,2,0.01%,FARM_OP:2,FARM_OP:100.00%
သီးလှည့်စိုက်ပျိုး,2,0.01%,METHOD:2,METHOD:100.00%
သုခရင်,2,0.01%,VAR:2,VAR:100.00%
သုံးကျပ်သား,2,0.01%,QTY:2,QTY:100.00%
သုံးခွ,2,0.01%,LOC:2,LOC:100.00%
သုံးဇွန်း,2,0.01%,QTY:2,QTY:100.00%
သုံးပတ်,2,0.01%,PERIOD:2,PERIOD:100.00%
သုံးပုံတစ်ပုံ,2,0.01%,QTY:2,QTY:100.00%
သုံးရက်,2,0.01%,PERIOD:2,PERIOD:100.00%
သဲနှုန်းမြေ,2,0.01%,SOIL_TYPE:2,SOIL_TYPE:100.00%
သံချေးတက်ရောဂါ,2,0.01%,DIS:2,DIS:100.00%
သံနန်းကြိုး,2,0.01%,EQUIP:2,EQUIP:100.00%
သံပုယို,2,0.01%,CROP:2,CROP:100.00%
သြဂုတ်,2,0.01%,TIME:2,TIME:100.00%
သြဇာ,2,0.01%,CROP:2,CROP:100.00%
သြဇာဓာတ်,2,0.01%,NUT:2,NUT:100.00%
သွပ်ပြား,2,0.01%,EQUIP:2,EQUIP:100.00%
ဟားခါး,2,0.01%,LOC:2,LOC:100.00%
ဟော်မုန်းဆေး,2,0.01%,FERT:2,FERT:100.00%
အကိုင်းအခက်,2,0.01%,CROP_PART:2,CROP_PART:100.00%
အကြေးဖတ်ရောဂါ,2,0.01%,DIS:2,DIS:100.00%
အခိုင်,2,0.01%,CROP_PART:2,CROP_PART:100.00%
အချိုင့်,2,0.01%,SYM:2,SYM:100.00%
အချိုရည်,2,0.01%,FOOD:2,FOOD:100.00%
အချိုးများ,2,0.01%,FARM_OP:2,FARM_OP:100.00%
အခြောက်ခံခြင်း,2,0.01%,FARM_OP:2,FARM_OP:100.00%
အဂရီမိုင်ဆင်း,2,0.01%,FUNG:2,FUNG:100.00%
အင်ဒရင်း,2,0.01%,PESTI:2,PESTI:100.00%
အင်းဆက်ပိုး,2,0.01%,PEST:2,PEST:100.00%
အစက်,2,0.01%,SYM:2,SYM:100.00%
အစက်ချ,2,0.01%,FARM_OP:2,FARM_OP:100.00%
အစက်ပြောက်ရောဂါ,2,0.01%,DIS:2,DIS:100.00%
အစက်အပျောက်,2,0.01%,SYM:2,SYM:100.00%
အစက်အပြောက်ရောဂါ,2,0.01%,DIS:2,DIS:100.00%
အစာစပ်ပြောင်း,2,0.01%,CROP:2,CROP:100.00%
အစိမ်းရောင်ပျက်ပြယ်,2,0.01%,SYM:2,SYM:100.00%
အစေ့ချစိုက်,2,0.01%,FARM_OP:1; METHOD:1,FARM_OP:50.00%; METHOD:50.00%
အစေ့ထုတ်ခြင်း,2,0.01%,FARM_OP:2,FARM_OP:100.00%
အစေ့ပင်ပေါက်,2,0.01%,CROP:2,CROP:100.00%
အစေ့အဆန်,2,0.01%,CROP_PART:2,CROP_PART:100.00%
အစ္စရေး,2,0.01%,LOC:2,LOC:100.00%
အဆံ,2,0.01%,CROP_PART:2,CROP_PART:100.00%
အဇိုဆီစထရိုဘင်,2,0.01%,FUNG:2,FUNG:100.00%
အညိုအရှည်မျိုး,2,0.01%,VAR:2,VAR:100.00%
အညွန့်နှင့်သီးလုံးဖောက်ပိုး,2,0.01%,PEST:2,PEST:100.00%
အညှာ,2,0.01%,CROP_PART:2,CROP_PART:100.00%
အညှောင့်,2,0.01%,CROP_PART:2,CROP_PART:100.00%
အဏုဇီဝ,2,0.01%,PATH:2,PATH:100.00%
အဏုဇီဝပိုး,2,0.01%,PATH:2,PATH:100.00%
အတောင့်,2,0.01%,CROP_PART:2,CROP_PART:100.00%
အထက်မြန်မာပြည်,2,0.01%,LOC:2,LOC:100.00%
အထနှေး,2,0.01%,SYM:2,SYM:100.00%
အထွက်နည်း,2,0.01%,SYM:2,SYM:100.00%
အနက်စက်ပြောက်ရောဂါ,2,0.01%,DIS:2,DIS:100.00%
အနီရောင်ပြောင်း,2,0.01%,SYM:2,SYM:100.00%
အနှံထွက်ချိန်,2,0.01%,TIME:2,TIME:100.00%
အပင်,2,0.01%,FARM_OP:1; FERT:1,FARM_OP:50.00%; FERT:50.00%
အပင်မထ,2,0.01%,SYM:2,SYM:100.00%
အပူပိုင်းဒေသ,2,0.01%,LOC:2,LOC:100.00%
အပူရှိန်,2,0.01%,WEATHER:2,WEATHER:100.00%
အပြောက်,2,0.01%,SYM:2,SYM:100.00%
အဖိုပင်,2,0.01%,CROP_PART:2,CROP_PART:100.00%
အဖူးညိုကူးနည်း,2,0.01%,METHOD:2,METHOD:100.00%
အဖူးထိုးနှာတံရှည်ကျိုင်း,2,0.01%,PEST:2,PEST:100.00%
အဖူးမြုပ်,2,0.01%,FARM_OP:2,FARM_OP:100.00%
အဖြူရောင်,2,0.01%,SYM:2,SYM:100.00%
အမပင်,2,0.01%,CROP_PART:2,CROP_PART:100.00%
အမိုနီယံဆာလဖိတ်,2,0.01%,FERT:2,FERT:100.00%
အမြစ်ခြောက်ဆွေးရောဂါ,2,0.01%,DIS:2,DIS:100.00%
အမြစ်ဆွေး,2,0.01%,SYM:2,SYM:100.00%
အမြစ်နှင့်ပင်စည်ပုပ်ရောဂါ,2,0.01%,DIS:2,DIS:100.00%
အမြစ်ဥအတက်,2,0.01%,CROP_PART:2,CROP_PART:100.00%
အရမ်းဝါ,2,0.01%,SYM:2,SYM:100.00%
အရောင်ပျက်,2,0.01%,SYM:2,SYM:100.00%
အရွက်တွန့်ဗိုင်းရပ်စ်ရောဂါ,2,0.01%,DIS:2,DIS:100.00%
အရွက်ဖျားခြောက်,2,0.01%,SYM:2,SYM:100.00%
အရွက်ဖြူ,2,0.01%,SYM:2,SYM:100.00%
အရွက်ဝါကြွေ,2,0.01%,SYM:2,SYM:100.00%
အရွက်အလိပ်,2,0.01%,SYM:2,SYM:100.00%
အရှေ့တောင်အာရှ,2,0.01%,LOC:2,LOC:100.00%
အလန်း,2,0.01%,PESTI:2,PESTI:100.00%
အသီးခွံ,2,0.01%,CROP_PART:2,CROP_PART:100.00%
အသီးနွမ်း,2,0.01%,SYM:2,SYM:100.00%
အသီးအပွင့်,2,0.01%,CROP_PART:1; FERT:1,CROP_PART:50.00%; FERT:50.00%
အသီးအပွင့်,2,0.01%,CROP_PART:2,CROP_PART:100.00%
အဟာရချို့တဲ့ခြင်း,2,0.01%,SYM:2,SYM:100.00%
အာဖရိကတိုက်,2,0.01%,LOC:2,LOC:100.00%
အိတ်စွပ်,2,0.01%,FARM_OP:2,FARM_OP:100.00%
အိုပီ,2,0.01%,VAR:2,VAR:100.00%
အီပီဘရာဆီနိုလိုက်,2,0.01%,FERT:2,FERT:100.00%
အီဗိုပီလီ,2,0.01%,PESTI:2,PESTI:100.00%
အီမာမက်တင်ဘန်ဇိုရိတ်,2,0.01%,PESTI:2,PESTI:100.00%
အီမာမတ်တင်,2,0.01%,PESTI:2,PESTI:100.00%
အီသာပလပ်,2,0.01%,PESTI:2,PESTI:100.00%
အီးအမ်ဖိုက်,2,0.01%,FERT:2,FERT:100.00%
အီးအမ်၅,2,0.01%,PESTI:2,PESTI:100.00%
အုတ်တိုင်,2,0.01%,EQUIP:2,EQUIP:100.00%
အုန်းဆံမှုန့်,2,0.01%,FERT:2,FERT:100.00%
အုန်းဆံမှုန့်,2,0.01%,FERT:2,FERT:100.00%
အုန်းပိုး,2,0.01%,PEST:2,PEST:100.00%
အူနီမျိုး,2,0.01%,VAR:2,VAR:100.00%
အူဖြူမျိုး,2,0.01%,VAR:2,VAR:100.00%
အေစီဖိတ်,2,0.01%,PESTI:2,PESTI:100.00%
အော်ဂင်နိုဖော့စဖိတ်,2,0.01%,PESTI:2,PESTI:100.00%
အော်ဂဲနစ်,2,0.01%,METHOD:2,METHOD:100.00%
အော်ဂဲနစ်မြေသြဇာ,2,0.01%,FERT:2,FERT:100.00%
အော်ရီဂန်နို,2,0.01%,CROP:2,CROP:100.00%
အွန်စီဒီယမ်,2,0.01%,CROP:2,CROP:100.00%
ဦးကျော်မျိုးသန့်,2,0.01%,PER:2,PER:100.00%
ဦးအေးကို,2,0.01%,PER:2,PER:100.00%
၀.၅လက်မ,2,0.01%,DIST:2,DIST:100.00%
၀:၅၂:၃၄,2,0.01%,FERT:2,FERT:100.00%
၀၀၀,2,0.01%,COUNT:2,COUNT:100.00%
၀၅ရာခိုင်နှုန်း,2,0.01%,QTY:2,QTY:100.00%
၁-၁.၅လက်မ,2,0.01%,DIST:2,DIST:100.00%
၁-၂လ,2,0.01%,PERIOD:2,PERIOD:100.00%
၁-၂လက်မ,2,0.01%,DIST:2,DIST:100.00%
၁.၂လက်မ,2,0.01%,DIST:2,DIST:100.00%
၁.၅ပိဿာ,2,0.01%,QTY:2,QTY:100.00%
၁ကီလို,2,0.01%,QTY:2,QTY:100.00%
၁ကျင်း,2,0.01%,COUNT:2,COUNT:100.00%
၁စေ့,2,0.01%,COUNT:2,COUNT:100.00%
၁နှစ်သား,2,0.01%,PERIOD:2,PERIOD:100.00%
၁ပုံ,2,0.01%,QTY:2,QTY:100.00%
၁မီတာ,2,0.01%,DIST:2,DIST:100.00%
၁လက်မခန့်,2,0.01%,DIST:2,DIST:100.00%
၁လက်မခန့်,2,0.01%,DIST:2,DIST:100.00%
၁လပိုင်း,2,0.01%,PERIOD:2,PERIOD:100.00%
၁ဝလီတာ,2,0.01%,QTY:2,QTY:100.00%
၁၀%,2,0.01%,QTY:2,QTY:100.00%
၁၀-၁၂မီတာ,2,0.01%,DIST:2,DIST:100.00%
၁၀-၁၄ရက်,2,0.01%,PERIOD:2,PERIOD:100.00%
၁၀နာရီ,2,0.01%,PERIOD:1; TIME:1,PERIOD:50.00%; TIME:50.00%
၁၀အိတ်,2,0.01%,COUNT:2,COUNT:100.00%
၁၀၀စီ,2,0.01%,QTY:2,QTY:100.00%
၁၂ဒီဂရီစင်တီဂရိတ်,2,0.01%,TEMP:2,TEMP:100.00%
၁၂နာရီ,2,0.01%,PERIOD:2,PERIOD:100.00%
၁၂ပိဿ,2,0.01%,QTY:2,QTY:100.00%
၁၂ပိဿာ,2,0.01%,QTY:2,QTY:100.00%
၁၂ပြည်,2,0.01%,QTY:2,QTY:100.00%
၁၂ရက်,2,0.01%,PERIOD:2,PERIOD:100.00%
၁၂ရက်အတွင်း,2,0.01%,PERIOD:2,PERIOD:100.00%
၁၃ရက်,2,0.01%,PERIOD:2,PERIOD:100.00%
၁၃ရက်သား,2,0.01%,PERIOD:2,PERIOD:100.00%
၁၄ရက်သား,2,0.01%,PERIOD:2,PERIOD:100.00%
၁၄လက်မ,2,0.01%,DIST:2,DIST:100.00%
၁၅စင်တီမီတာ,2,0.01%,DIST:2,DIST:100.00%
၁၅နှစ်,2,0.01%,PERIOD:2,PERIOD:100.00%
၁၅မိနစ်,2,0.01%,PERIOD:2,PERIOD:100.00%
၁၅လီတာ,2,0.01%,QTY:2,QTY:100.00%
၁၅၀ဂရမ်,2,0.01%,QTY:2,QTY:100.00%
၁၆ဇွန်း,2,0.01%,QTY:2,QTY:100.00%
၁၆ရက်,2,0.01%,PERIOD:2,PERIOD:100.00%
၁၆လီတာ,2,0.01%,QTY:2,QTY:100.00%
၁၈လ,2,0.01%,PERIOD:2,PERIOD:100.00%
၁၉:၇:၈,2,0.01%,FERT:2,FERT:100.00%
၂.၅ပေ,2,0.01%,DIST:2,DIST:100.00%
၂ကျပ်သား,2,0.01%,QTY:2,QTY:100.00%
၂ဂါလံ,2,0.01%,QTY:2,QTY:100.00%
၂ထုပ်,2,0.01%,COUNT:1; QTY:1,COUNT:50.00%; QTY:50.00%
၂ပြည်,2,0.01%,QTY:2,QTY:100.00%
၂ရက်ခန့်,2,0.01%,PERIOD:2,PERIOD:100.00%
၂ရာခိုင်နှုန်း,2,0.01%,QTY:2,QTY:100.00%
၂လက်မခန့်,2,0.01%,DIST:2,DIST:100.00%
၂လသား,2,0.01%,PERIOD:2,PERIOD:100.00%
၂အိတ်,2,0.01%,COUNT:2,COUNT:100.00%
၂၀,2,0.01%,COUNT:2,COUNT:100.00%
၂၀-၂၈ဒီဂရီဆဲလ်ဆီးယပ်,2,0.01%,TEMP:2,TEMP:100.00%
၂၀-၃၀စီစီ,2,0.01%,QTY:2,QTY:100.00%
၂၀ဂရမ်,2,0.01%,QTY:2,QTY:100.00%
၂၀စီစီ,2,0.01%,QTY:2,QTY:100.00%
၂၀ဇွန်း,2,0.01%,QTY:2,QTY:100.00%
၂၀ရက်သား,2,0.01%,PERIOD:2,PERIOD:100.00%
၂၀၀ကီလိုဂရမ်,2,0.01%,QTY:2,QTY:100.00%
၂၀၀လီတာ,2,0.01%,QTY:2,QTY:100.00%
၂၀၀၀မီတာ,2,0.01%,DIST:2,DIST:100.00%
၂၀၁၆ခု,2,0.01%,COUNT:2,COUNT:100.00%
၂၀၂၂ခုနှစ်,2,0.01%,TIME:2,TIME:100.00%
၂၁ရက်သား,2,0.01%,PERIOD:2,PERIOD:100.00%
၂၃ရက်,2,0.01%,PERIOD:2,PERIOD:100.00%
၂၅,2,0.01%,COUNT:2,COUNT:100.00%
၂၅ဂရမ်,2,0.01%,QTY:2,QTY:100.00%
၂၅ရာခိုင်နှုန်း,2,0.01%,QTY:2,QTY:100.00%
၂၅၂၅ပေ,2,0.01%,DIST:2,DIST:100.00%
၂၇ရက်သား,2,0.01%,PERIOD:2,PERIOD:100.00%
၂၈ဒီဂရီစင်တီဂရိတ်,2,0.01%,TEMP:2,TEMP:100.00%
၃-၄နှစ်,2,0.01%,PERIOD:2,PERIOD:100.00%
၃-၄နှစ်သား,2,0.01%,PERIOD:2,PERIOD:100.00%
၃-၄ရက်,2,0.01%,PERIOD:2,PERIOD:100.00%
၃ဂရမ်,2,0.01%,QTY:2,QTY:100.00%
၃နှစ်သား,2,0.01%,PERIOD:2,PERIOD:100.00%
၃ပင်,2,0.01%,COUNT:2,COUNT:100.00%
၃လအကြာ,2,0.01%,PERIOD:2,PERIOD:100.00%
၃၄ကြိမ်,2,0.01%,COUNT:2,COUNT:100.00%
၃၅ဒီဂရီဖာရင်ဟိုက်,2,0.01%,TEMP:2,TEMP:100.00%
၃၆လက်မ,2,0.01%,DIST:2,DIST:100.00%
၃၉ကျပ်သား,2,0.01%,QTY:2,QTY:100.00%
၄-၅ဇွန်း,2,0.01%,QTY:2,QTY:100.00%
၄-၅ပါတ်,2,0.01%,PERIOD:2,PERIOD:100.00%
၄-၅မီလီမီတာ,2,0.01%,QTY:2,QTY:100.00%
၄-၅ရက်,2,0.01%,PERIOD:2,PERIOD:100.00%
၄-၆လ,2,0.01%,PERIOD:2,PERIOD:100.00%
၄-၈ပြည်,2,0.01%,QTY:2,QTY:100.00%
၄ကျပ်သား,2,0.01%,QTY:2,QTY:100.00%
၄ကြိမ်,2,0.01%,COUNT:2,COUNT:100.00%
၄ခု,2,0.01%,COUNT:2,COUNT:100.00%
၄ပုံး,2,0.01%,QTY:2,QTY:100.00%
၄ပြည်,2,0.01%,QTY:2,QTY:100.00%
၄၅%,2,0.01%,QTY:2,QTY:100.00%
၄၅ဒီဂရီဖာရင်ဟိုက်,2,0.01%,TEMP:2,TEMP:100.00%
၄၅ရာခိုင်နှုန်း,2,0.01%,COUNT:2,COUNT:100.00%
၄၅လက်မ,2,0.01%,DIST:2,DIST:100.00%
၄၆%,2,0.01%,QTY:2,QTY:100.00%
၄၈နာရီ,2,0.01%,PERIOD:2,PERIOD:100.00%
၅ကျပ်,2,0.01%,PRICE:2,PRICE:100.00%
၅စေ့,2,0.01%,COUNT:2,COUNT:100.00%
၅ပုံး,2,0.01%,COUNT:2,COUNT:100.00%
၅မီတာ,2,0.01%,DIST:2,DIST:100.00%
၅ရာခိုင်နှုန်း,2,0.01%,QTY:2,QTY:100.00%
၅လအကြာ,2,0.01%,PERIOD:2,PERIOD:100.00%
၅၀ကီလို,2,0.01%,QTY:2,QTY:100.00%
၅၀ကျပ်,2,0.01%,PRICE:2,PRICE:100.00%
၅၀မီတာ,2,0.01%,DIST:2,DIST:100.00%
၅၀လ,2,0.01%,PERIOD:2,PERIOD:100.00%
၅၀သား,2,0.01%,QTY:2,QTY:100.00%
၅၀၀,2,0.01%,COUNT:2,COUNT:100.00%
၅၅ရက်,2,0.01%,PERIOD:2,PERIOD:100.00%
၅၆ပေါင်,2,0.01%,QTY:2,QTY:100.00%
၆-၈နာရီ,2,0.01%,PERIOD:2,PERIOD:100.00%
၆-၈လက်မ,2,0.01%,DIST:2,DIST:100.00%
၆ဇွန်း,2,0.01%,COUNT:1; QTY:1,COUNT:50.00%; QTY:50.00%
၆ပတ်,2,0.01%,PERIOD:2,PERIOD:100.00%
၆ပြည်,2,0.01%,QTY:2,QTY:100.00%
၆ရက်,2,0.01%,PERIOD:2,PERIOD:100.00%
၆လက္မ,2,0.01%,DIST:2,DIST:100.00%
၆၀ဂရမ်,2,0.01%,QTY:2,QTY:100.00%
၆၀စီ,2,0.01%,QTY:2,QTY:100.00%
၆၈ရွက်,2,0.01%,COUNT:2,COUNT:100.00%
၆၉ပင်,2,0.01%,COUNT:2,COUNT:100.00%
၇ကျပ်သား,2,0.01%,QTY:2,QTY:100.00%
၇ဒီဂရီစင်တီဂရိတ်,2,0.01%,TEMP:2,TEMP:100.00%
၇နှစ်,2,0.01%,PERIOD:2,PERIOD:100.00%
၇မျိုး,2,0.01%,COUNT:2,COUNT:100.00%
၇ရက်ကြာ,2,0.01%,PERIOD:2,PERIOD:100.00%
၇ရက်သား,2,0.01%,PERIOD:2,PERIOD:100.00%
၇၀%,2,0.01%,QTY:2,QTY:100.00%
၇၅စင်တီမီတာ,2,0.01%,DIST:2,DIST:100.00%
၈ကျပ်သား,2,0.01%,QTY:2,QTY:100.00%
၈ပင်,2,0.01%,COUNT:2,COUNT:100.00%
၈ပတ်,2,0.01%,PERIOD:2,PERIOD:100.00%
၈၀ကီလို,2,0.01%,QTY:2,QTY:100.00%
၈၅%,2,0.01%,QTY:2,QTY:100.00%
၈၅ရက်,2,0.01%,PERIOD:2,PERIOD:100.00%
၉-၁၀ပေ,2,0.01%,DIST:2,DIST:100.00%
၉လ,2,0.01%,PERIOD:2,PERIOD:100.00%
၉၀-၁၀၀ရက်,2,0.01%,PERIOD:2,PERIOD:100.00%
၉၀ရာခိုင်နှုန်း,2,0.01%,QTY:2,QTY:100.00%
၉၈%,2,0.01%,QTY:2,QTY:100.00%
၊သဘာဝမြေဩဇာ,2,0.01%,FERT:2,FERT:100.00%
(15-35)ဒီဂရီစင်တီဂရိတ်,1,0.00%,TEMP:1,TEMP:100.00%
(21-23)ဒီဂရီစင်တီဂရိတ်,1,0.00%,TEMP:1,TEMP:100.00%
(ဗိုလ်စားပဲ,1,0.00%,CROP:1,CROP:100.00%
(ဟင်းသီးဟင်ရွက်,1,0.00%,FOOD:1,FOOD:100.00%
(၀)ဒီဂရီဆဲလ်စီးရပ်,1,0.00%,TEMP:1,TEMP:100.00%
(၁)ဂရမ်,1,0.00%,QTY:1,QTY:100.00%
(၁)ဇွန်း,1,0.00%,QTY:1,QTY:100.00%
(၁)ဒီဂရီစင်တီဂရိတ်,1,0.00%,TEMP:1,TEMP:100.00%
(၁)နှစ်,1,0.00%,PERIOD:1,PERIOD:100.00%
(၁)ပတ်,1,0.00%,PERIOD:1,PERIOD:100.00%
(၁)ပေခွဲ,1,0.00%,DIST:1,DIST:100.00%
(၁)ဘောင်,1,0.00%,COUNT:1,COUNT:100.00%
(၁)မီတာ,1,0.00%,DIST:1,DIST:100.00%
(၁)လ,1,0.00%,PERIOD:1,PERIOD:100.00%
(၁)လပိုင်း,1,0.00%,TIME:1,TIME:100.00%
(၁)လီတာ,1,0.00%,QTY:1,QTY:100.00%
(၁)ဧက,1,0.00%,DIST:1,DIST:100.00%
(၁-၂)တင်း,1,0.00%,QTY:1,QTY:100.00%
(၁-၂)နှစ်,1,0.00%,PERIOD:1,PERIOD:100.00%
(၁-၂)ပတ်,1,0.00%,PERIOD:1,PERIOD:100.00%
(၁-၂)ပေ,1,0.00%,DIST:1,DIST:100.00%
(၁-၂)အိတ်,1,0.00%,QTY:1,QTY:100.00%
(၁.၅)ကျပ်သား,1,0.00%,QTY:1,QTY:100.00%
(၁.၅)ပေ,1,0.00%,DIST:1,DIST:100.00%
(၁.၅)ပြည်,1,0.00%,COUNT:1,COUNT:100.00%
(၁.၅-၆ပိဿာ,1,0.00%,QTY:1,QTY:100.00%
(၁.၅မှ၂)လက်မ,1,0.00%,DIST:1,DIST:100.00%
(၁ဝ)တန်,1,0.00%,QTY:1,QTY:100.00%
(၁ဝ)ပေ,1,0.00%,DIST:1,DIST:100.00%
(၁၀)စီစီ,1,0.00%,QTY:1,QTY:100.00%
(၁၀)ဒီဂရီစင်တီဂရိတ်,1,0.00%,TEMP:1,TEMP:100.00%
(၁၀)မှ(၃၅)ရာခိုင်နှုန်း,1,0.00%,QTY:1,QTY:100.00%
(၁၀)ရက်ကြာ,1,0.00%,PERIOD:1,PERIOD:100.00%
(၁၀)ရွက်,1,0.00%,COUNT:1,COUNT:100.00%
(၁၀-၁၅)စီး,1,0.00%,QTY:1,QTY:100.00%
(၁၀-၂၀)စီး,1,0.00%,QTY:1,QTY:100.00%
(၁၀–၁၂)ရာခိုင်နှုန်း,1,0.00%,QTY:1,QTY:100.00%
(၁၁)ဆစ်,1,0.00%,COUNT:1,COUNT:100.00%
(၁၁၂)ဂရမ်,1,0.00%,QTY:1,QTY:100.00%
(၁၁၂)ပေါင်,1,0.00%,QTY:1,QTY:100.00%
(၁၁၄)ဂရမ်,1,0.00%,QTY:1,QTY:100.00%
(၁၂)တောင့်,1,0.00%,COUNT:1,COUNT:100.00%
(၁၂)နာရီ,1,0.00%,PERIOD:1,PERIOD:100.00%
(၁၂)ပြည်,1,0.00%,QTY:1,QTY:100.00%
(၁၂)အိတ်,1,0.00%,QTY:1,QTY:100.00%
(၁၂-၁၈ကျပ်သား),1,0.00%,QTY:1,QTY:100.00%
(၁၂-၃)နာရီ,1,0.00%,PERIOD:1,PERIOD:100.00%
(၁၂ကျပ်သား),1,0.00%,QTY:1,QTY:100.00%
(၁၂၀)ကျပ်သား,1,0.00%,QTY:1,QTY:100.00%
(၁၂၀၀စေ့,1,0.00%,COUNT:1,COUNT:100.00%
(၁၄)ကီလိုဂရမ်,1,0.00%,QTY:1,QTY:100.00%
(၁၄)ဂါလံ,1,0.00%,QTY:1,QTY:100.00%
(၁၄-၂၀)ရက်,1,0.00%,PERIOD:1,PERIOD:100.00%
(၁၅)ဆ,1,0.00%,QTY:1,QTY:100.00%
(၁၅)တန်,1,0.00%,QTY:1,QTY:100.00%
(၁၅)ဒီဂရီစင်တီဂရိတ်,1,0.00%,TEMP:1,TEMP:100.00%
(၁၅)လက်မ,1,0.00%,DIST:1,DIST:100.00%
(၁၅-၂၀)ပေ,1,0.00%,DIST:1,DIST:100.00%
(၁၅-၂၀)ရက်,1,0.00%,PERIOD:1,PERIOD:100.00%
(၁၅-၂၃လက်မ,1,0.00%,DIST:1,DIST:100.00%
(၁၅–၂၀)ကျပ်သား,1,0.00%,QTY:1,QTY:100.00%
(၁၆)ပင်,1,0.00%,COUNT:1,COUNT:100.00%
(၁၆)ပတ်လည်,1,0.00%,FERT:1,FERT:100.00%
(၁၈)နာရီ,1,0.00%,PERIOD:1,PERIOD:100.00%
(၁၈-၂၄)လက်မ,1,0.00%,DIST:1,DIST:100.00%
(၁၈ပိဿာ,1,0.00%,QTY:1,QTY:100.00%
(၁၈ပိဿာ),1,0.00%,QTY:1,QTY:100.00%
(၁၉-၂၀)ရက်,1,0.00%,PERIOD:1,PERIOD:100.00%
(၁၉.၂ပိဿာ,1,0.00%,QTY:1,QTY:100.00%
(၁၉၄)ပင်,1,0.00%,COUNT:1,COUNT:100.00%
(၂)ဆစ်,1,0.00%,COUNT:1,COUNT:100.00%
(၂)နာရီ,1,0.00%,PERIOD:1,PERIOD:100.00%
(၂)ပြည်,1,0.00%,COUNT:1,COUNT:100.00%
(၂)မျိုး,1,0.00%,COUNT:1,COUNT:100.00%
(၂)လက်မ,1,0.00%,DIST:1,DIST:100.00%
(၂)လီတာ,1,0.00%,QTY:1,QTY:100.00%
(၂)လုံး,1,0.00%,COUNT:1,COUNT:100.00%
(၂-၃)ကီလိုဂရမ်,1,0.00%,QTY:1,QTY:100.00%
(၂-၃)ပင်,1,0.00%,COUNT:1,COUNT:100.00%
(၂-၃)ပတ်,1,0.00%,PERIOD:1,PERIOD:100.00%
(၂-၃)လက်မ,1,0.00%,DIST:1,DIST:100.00%
(၂-၄)ကြိမ်,1,0.00%,COUNT:1,COUNT:100.00%
(၂-၄)ရွက်,1,0.00%,COUNT:1,COUNT:100.00%
(၂-၄)အိတ်,1,0.00%,QTY:1,QTY:100.00%
(၂-၅)တောင်း,1,0.00%,QTY:1,QTY:100.00%
(၂.၅)ဂရမ်,1,0.00%,QTY:1,QTY:100.00%
(၂.၅)ဂါလံ,1,0.00%,QTY:1,QTY:100.00%
(၂စေ့,1,0.00%,COUNT:1,COUNT:100.00%
(၂ဝ)ရွက်,1,0.00%,QTY:1,QTY:100.00%
(၂၀)ကျပ်သား,1,0.00%,QTY:1,QTY:100.00%
(၂၀)ဂရမ်,1,0.00%,QTY:1,QTY:100.00%
(၂၀)စီစီ,1,0.00%,QTY:1,QTY:100.00%
(၂၀)ရက်,1,0.00%,PERIOD:1,PERIOD:100.00%
(၂၀-၂၅)စီး,1,0.00%,QTY:1,QTY:100.00%
(၂၀-၂၅)ဒီဂရီဆဲလ်စီးရပ်,1,0.00%,TEMP:1,TEMP:100.00%
(၂၀-၂၅ကျပ်သား),1,0.00%,QTY:1,QTY:100.00%
(၂၀၀)ဂရမ်,1,0.00%,QTY:1,QTY:100.00%
(၂၀၈၉၀၈)တန်,1,0.00%,QTY:1,QTY:100.00%
(၂၁)နာရီကြာ,1,0.00%,PERIOD:1,PERIOD:100.00%
(၂၁)ရက်,1,0.00%,PERIOD:1,PERIOD:100.00%
(၂၁-၃၄)ဒီဂရီစင်တီဂရိတ်,1,0.00%,TEMP:1,TEMP:100.00%
(၂၂)ပြည်,1,0.00%,QTY:1,QTY:100.00%
(၂၃၇၃၄၀)တန်,1,0.00%,QTY:1,QTY:100.00%
(၂၅)ဒီဂရီစင်တီဂရိတ်,1,0.00%,TEMP:1,TEMP:100.00%
(၂၅)ရက်,1,0.00%,PERIOD:1,PERIOD:100.00%
(၂၅-၂၈)ဒီဂရီစင်တီဂရိတ်,1,0.00%,TEMP:1,TEMP:100.00%
(၂၅-၃၀)ဆစ်,1,0.00%,COUNT:1,COUNT:100.00%
(၂၅-၃၀)ရက်,1,0.00%,PERIOD:1,PERIOD:100.00%
(၂၅ဝ)ဂရမ်,1,0.00%,QTY:1,QTY:100.00%
(၂၅၀)ပိဿာ,1,0.00%,QTY:1,QTY:100.00%
(၂၆-၃၀)ဒီဂရီစင်တီဂရိတ်,1,0.00%,TEMP:1,TEMP:100.00%
(၂၆-၃၂ကျပ်သား),1,0.00%,QTY:1,QTY:100.00%
(၂၆.၅)ဒီဂရီစင်တီဂရိတ်,1,0.00%,TEMP:1,TEMP:100.00%
(၂၇)ကီလိုဂရမ်,1,0.00%,QTY:1,QTY:100.00%
(၂၇-၃၄ကျပ်သား),1,0.00%,QTY:1,QTY:100.00%
(၂၉)ဂရမ်,1,0.00%,QTY:1,QTY:100.00%
(၂–၃)ရက်,1,0.00%,PERIOD:1,PERIOD:100.00%
(၃)%,1,0.00%,QTY:1,QTY:100.00%
(၃)ကျပ်သား,1,0.00%,QTY:1,QTY:100.00%
(၃)ဂရမ်,1,0.00%,QTY:1,QTY:100.00%
(၃)ဂါလံ,1,0.00%,QTY:1,QTY:100.00%
(၃)စေ့,1,0.00%,COUNT:1,COUNT:100.00%
(၃)ဆစ်,1,0.00%,COUNT:1,COUNT:100.00%
(၃)ဇွန်း,1,0.00%,QTY:1,QTY:100.00%
(၃)နှစ်,1,0.00%,PERIOD:1,PERIOD:100.00%
(၃)ပတ်,1,0.00%,PERIOD:1,PERIOD:100.00%
(၃)ပြည်,1,0.00%,QTY:1,QTY:100.00%
(၃)ရာသီ,1,0.00%,PERIOD:1,PERIOD:100.00%
(၃)လက်မ,1,0.00%,DIST:1,DIST:100.00%
(၃)လုံး,1,0.00%,COUNT:1,COUNT:100.00%
(၃-၄)ကြိမ်,1,0.00%,COUNT:1,COUNT:100.00%
(၃-၄)ပတ်,1,0.00%,PERIOD:1,PERIOD:100.00%
(၃-၄)လက်မ,1,0.00%,DIST:1,DIST:100.00%
(၃-၅)ကြိမ်,1,0.00%,COUNT:1,COUNT:100.00%
(၃-၅)နာရီ,1,0.00%,PERIOD:1,PERIOD:100.00%
(၃-၅)ရက်,1,0.00%,PERIOD:1,PERIOD:100.00%
(၃-၆)ကီလို,1,0.00%,QTY:1,QTY:100.00%
(၃-၇)ရက်,1,0.00%,PERIOD:1,PERIOD:100.00%
(၃_၃မီတာ,1,0.00%,DIST:1,DIST:100.00%
(၃×၄)လက်မ,1,0.00%,DIST:1,DIST:100.00%
(၃လက်မ),1,0.00%,DIST:1,DIST:100.00%
(၃ဝဝ)ဂရမ်,1,0.00%,QTY:1,QTY:100.00%
(၃၀)စီစီ,1,0.00%,QTY:1,QTY:100.00%
(၃၀)လက်မ,1,0.00%,DIST:1,DIST:100.00%
(၃၀ကျပ်သား),1,0.00%,QTY:1,QTY:100.00%
(၃၀ပိဿာ),1,0.00%,QTY:1,QTY:100.00%
(၃၀ᳵ၃၀)ပေ,1,0.00%,DIST:1,DIST:100.00%
(၃၁)ပြည်,1,0.00%,QTY:1,QTY:100.00%
(၃၂-၃၉လက်မ,1,0.00%,DIST:1,DIST:100.00%
(၃၂-၃၉လက်မ×၃၂-၃၉လက်မ),1,0.00%,DIST:1,DIST:100.00%
(၃၄ကျပ်သား),1,0.00%,QTY:1,QTY:100.00%
(၃၅)ရက်,1,0.00%,PERIOD:1,PERIOD:100.00%
(၃၅-၄၇)ရက်,1,0.00%,PERIOD:1,PERIOD:100.00%
(၃၅ဝ)ဂရမ်,1,0.00%,QTY:1,QTY:100.00%
(၃၇၅)ဂရမ်,1,0.00%,QTY:1,QTY:100.00%
(၃၈.၄ပိဿာ,1,0.00%,QTY:1,QTY:100.00%
(၄)ဂါလံခွဲ,1,0.00%,QTY:1,QTY:100.00%
(၄)နာရီ,1,0.00%,PERIOD:1,PERIOD:100.00%
(၄)နှစ်,1,0.00%,PERIOD:1,PERIOD:100.00%
(၄)ပတ်,1,0.00%,PERIOD:1,PERIOD:100.00%
(၄)ပေခန့်,1,0.00%,DIST:1,DIST:100.00%
(၄)ပြည်,1,0.00%,QTY:1,QTY:100.00%
(၄)ရွက်,1,0.00%,COUNT:1,COUNT:100.00%
(၄)လ,1,0.00%,PERIOD:1,PERIOD:100.00%
(၄)လက်,1,0.00%,DIST:1,DIST:100.00%
(၄.၅)ဂါလံ,1,0.00%,QTY:1,QTY:100.00%
(၄ဝ)မီလီလီတာ,1,0.00%,QTY:1,QTY:100.00%
(၄၀)စီး,1,0.00%,QTY:1,QTY:100.00%
(၄၀ကျပ်သား),1,0.00%,QTY:1,QTY:100.00%
(၄၅–၆၀)ဒီဂရီဆဲလ်စီးရပ်,1,0.00%,TEMP:1,TEMP:100.00%
(၄၈)ဂရမ်,1,0.00%,QTY:1,QTY:100.00%
(၄၈)ပင်,1,0.00%,COUNT:1,COUNT:100.00%
(၅)ကြိမ်,1,0.00%,COUNT:1,COUNT:100.00%
(၅)ဂါလံ,1,0.00%,QTY:1,QTY:100.00%
(၅)စေ့,1,0.00%,COUNT:1,COUNT:100.00%
(၅)ဇွန်း,1,0.00%,QTY:1,QTY:100.00%
(၅)ရွက်,1,0.00%,COUNT:1,COUNT:100.00%
(၅)လက်မ,1,0.00%,DIST:1,DIST:100.00%
(၅)ဧက,1,0.00%,DIST:1,DIST:100.00%
(၅-၁၀)ဒီဂရီဆဲလ်စီးရပ်,1,0.00%,TEMP:1,TEMP:100.00%
(၅-၁၀)မိနစ်,1,0.00%,PERIOD:1,PERIOD:100.00%
(၅-၁၀)ရက်,1,0.00%,PERIOD:1,PERIOD:100.00%
(၅-၆လက်မ,1,0.00%,DIST:1,DIST:100.00%
(၅-၇)ရက်,1,0.00%,PERIOD:1,PERIOD:100.00%
(၅ပေ),1,0.00%,DIST:1,DIST:100.00%
(၅မှ၁၀)စီး,1,0.00%,QTY:1,QTY:100.00%
(၅မှ၆)ရာခိုင်နှုန်း,1,0.00%,QTY:1,QTY:100.00%
(၅၀)ဂရမ်,1,0.00%,QTY:1,QTY:100.00%
(၅၀)ရာခိုင်နှုန်း,1,0.00%,QTY:1,QTY:100.00%
(၅၀၀)မီတာ,1,0.00%,DIST:1,DIST:100.00%
(၅၂)ဂရမ်,1,0.00%,QTY:1,QTY:100.00%
(၅၃ကျပ်သား),1,0.00%,QTY:1,QTY:100.00%
(၅–၇)ရက်,1,0.00%,PERIOD:1,PERIOD:100.00%
(၆)ကျပ်သား,1,0.00%,QTY:1,QTY:100.00%
(၆)ထုပ်,1,0.00%,COUNT:1,COUNT:100.00%
(၆)နာရီ,1,0.00%,PERIOD:1,PERIOD:100.00%
(၆-၆.၅)ပတ်,1,0.00%,PERIOD:1,PERIOD:100.00%
(၆-၇ကျပ်သား),1,0.00%,QTY:1,QTY:100.00%
(၆_၆မီတာ,1,0.00%,DIST:1,DIST:100.00%
(၆လက်မ,1,0.00%,DIST:1,DIST:100.00%
(၆ဝ)ဂရမ်,1,0.00%,QTY:1,QTY:100.00%
(၆၀ကျပ်သား,1,0.00%,QTY:1,QTY:100.00%
(၆၂ပိဿာ),1,0.00%,QTY:1,QTY:100.00%
(၆၅)မီလီလီတာ,1,0.00%,QTY:1,QTY:100.00%
(၆၅)ရက်,1,0.00%,PERIOD:1,PERIOD:100.00%
(၇)ခု,1,0.00%,COUNT:1,COUNT:100.00%
(၇)စီး,1,0.00%,QTY:1,QTY:100.00%
(၇)စေ့,1,0.00%,COUNT:1,COUNT:100.00%
(၇)ပင်,1,0.00%,COUNT:1,COUNT:100.00%
(၇)ပြည်,1,0.00%,QTY:1,QTY:100.00%
(၇)မှ(၈)ဆ,1,0.00%,QTY:1,QTY:100.00%
(၇)ရွက်,1,0.00%,COUNT:1,COUNT:100.00%
(၇-၉)နာရီ,1,0.00%,PERIOD:1,PERIOD:100.00%
(၇လက်မ,1,0.00%,DIST:1,DIST:100.00%
(၇၀-၈၀)ရာခိုင်နှုန်း,1,0.00%,QTY:1,QTY:100.00%
(၇၅)ရက်,1,0.00%,PERIOD:1,PERIOD:100.00%
(၇၅)ရာခိုင်နှုန်း,1,0.00%,QTY:1,QTY:100.00%
(၇၅–၉၀)ရာခိုင်နှုန်း,1,0.00%,QTY:1,QTY:100.00%
(၇၇)ပေါင်,1,0.00%,QTY:1,QTY:100.00%
(၈)ပင်,1,0.00%,COUNT:1,COUNT:100.00%
(၈)ရာခိုင်နှုန်း,1,0.00%,QTY:1,QTY:100.00%
(၈-၁၀)နာရီ,1,0.00%,PERIOD:1,PERIOD:100.00%
(၈-၁၀)ပတ်,1,0.00%,PERIOD:1,PERIOD:100.00%
(၈-၁၀)လက်မ,1,0.00%,DIS:1,DIS:100.00%
(၈-၁၂)နာရီ,1,0.00%,PERIOD:1,PERIOD:100.00%
(၈တန်,1,0.00%,QTY:1,QTY:100.00%
(၈ပိဿာ),1,0.00%,QTY:1,QTY:100.00%
(၈၀)%,1,0.00%,HUM:1,HUM:100.00%
(၈၅)ဂရမ်,1,0.00%,QTY:1,QTY:100.00%
(၈–၁၆)ဒီဂရီဆဲလ်စီးရပ်,1,0.00%,TEMP:1,TEMP:100.00%
(၉)ပေါင်,1,0.00%,QTY:1,QTY:100.00%
(၉)လက်မ,1,0.00%,DIST:1,DIST:100.00%
(၉လက်မ,1,0.00%,DIST:1,DIST:100.00%
(၉၀)ရက်,1,0.00%,PERIOD:1,PERIOD:100.00%
(၉၅)ဆ,1,0.00%,QTY:1,QTY:100.00%
(၉၈ပေ),1,0.00%,DIST:1,DIST:100.00%
)နှစ်ကြိမ်,1,0.00%,COUNT:1,COUNT:100.00%
)ပေ,1,0.00%,DIST:1,DIST:100.00%
)အထက်ရှိသောရာသီကိုကြိုက်သည်။ည,1,0.00%,TIME:1,TIME:100.00%
+ကလိုဖန်ပျာ,1,0.00%,PESTI:1,PESTI:100.00%
+သိုင်ယိုမီသောက်ဇင်,1,0.00%,PESTI:1,PESTI:100.00%
+အနည်းလိုအဟာရ,1,0.00%,FARM_OP:1,FARM_OP:100.00%
+အမိုင်နိုဇာ,1,0.00%,PESTI:1,PESTI:100.00%
+၃ဇွန်း,1,0.00%,QTY:1,QTY:100.00%
-,1,0.00%,NUT:1,NUT:100.00%
-(ရွှေပန်း,1,0.00%,CROP:1,CROP:100.00%
0,1,0.00%,COUNT:1,COUNT:100.00%
0.2%,1,0.00%,QTY:1,QTY:100.00%
0.5-1.0နှုန်း,1,0.00%,QTY:1,QTY:100.00%
1,1,0.00%,COUNT:1,COUNT:100.00%
1%,1,0.00%,QTY:1,QTY:100.00%
1.5,1,0.00%,COUNT:1,COUNT:100.00%
1.8%,1,0.00%,QTY:1,QTY:100.00%
100,1,0.00%,COUNT:1,COUNT:100.00%
105ရက်,1,0.00%,PERIOD:1,PERIOD:100.00%
10ဇွန်း,1,0.00%,QTY:1,QTY:100.00%
10ပီပီအမ်,1,0.00%,QTY:1,QTY:100.00%
10ရက်သား,1,0.00%,PERIOD:1,PERIOD:100.00%
11ဧက,1,0.00%,DIST:1,DIST:100.00%
123ဇွန်း,1,0.00%,QTY:1,QTY:100.00%
12ဒီဂရီစင်တီဂရိတ်,1,0.00%,TEMP:1,TEMP:100.00%
12ရက်,1,0.00%,PERIOD:1,PERIOD:100.00%
12လ,1,0.00%,PERIOD:1,PERIOD:100.00%
13.5%,1,0.00%,QTY:1,QTY:100.00%
13ရက်,1,0.00%,PERIOD:1,PERIOD:100.00%
13ရက်သား,1,0.00%,PERIOD:1,PERIOD:100.00%
15,1,0.00%,COUNT:1,COUNT:100.00%
15-30ရက်,1,0.00%,PERIOD:1,PERIOD:100.00%
150အန်အေအေ,1,0.00%,QTY:1,QTY:100.00%
15:15:15,1,0.00%,FERT:1,FERT:100.00%
15:15တစ်ချိုး,1,0.00%,QTY:1,QTY:100.00%
15°,1,0.00%,TEMP:1,TEMP:100.00%
15မိနစ်,1,0.00%,PERIOD:1,PERIOD:100.00%
15ရက်ခြား,1,0.00%,PERIOD:1,PERIOD:100.00%
16ပင်,1,0.00%,COUNT:1,COUNT:100.00%
16ပတ်,1,0.00%,PERIOD:1,PERIOD:100.00%
16ပြည်,1,0.00%,QTY:1,QTY:100.00%
17ရက်နေ့မနက်ပိုင်း,1,0.00%,TIME:1,TIME:100.00%
18%,1,0.00%,QTY:1,QTY:100.00%
18ဒီဂရီစင်တီဂရိတ်,1,0.00%,TEMP:1,TEMP:100.00%
18ပတ်,1,0.00%,PERIOD:1,PERIOD:100.00%
18ရက်,1,0.00%,PERIOD:1,PERIOD:100.00%
18ရက်သား,1,0.00%,PERIOD:1,PERIOD:100.00%
1တောင်ကျော်,1,0.00%,DIST:1,DIST:100.00%
1ပေါင်,1,0.00%,QTY:1,QTY:100.00%
1ရက်,1,0.00%,PERIOD:1,PERIOD:100.00%
1လက်,1,0.00%,COUNT:1,COUNT:100.00%
1လသား,1,0.00%,PERIOD:1,PERIOD:100.00%
1လုံး2လုံး,1,0.00%,COUNT:1,COUNT:100.00%
20-25ရက်,1,0.00%,PERIOD:1,PERIOD:100.00%
20စီစီ,1,0.00%,QTY:1,QTY:100.00%
20တစ်ချိုး,1,0.00%,QTY:1,QTY:100.00%
20နှုန်း,1,0.00%,QTY:1,QTY:100.00%
20လီတာ,1,0.00%,QTY:1,QTY:100.00%
24၉ပတ်,1,0.00%,PERIOD:1,PERIOD:100.00%
25%,1,0.00%,QTY:1,QTY:100.00%
251ရာဘာပင်,1,0.00%,VAR:1,VAR:100.00%
25စီစီ,1,0.00%,QTY:1,QTY:100.00%
25ရက်သား,1,0.00%,PERIOD:1,PERIOD:100.00%
25လီတာ,1,0.00%,QTY:1,QTY:100.00%
25–30°,1,0.00%,TEMP:1,TEMP:100.00%
27ရက်,1,0.00%,PERIOD:1,PERIOD:100.00%
27ရက်နေ့,1,0.00%,TIME:1,TIME:100.00%
28ရက်,1,0.00%,PERIOD:1,PERIOD:100.00%
2ခွက်,1,0.00%,COUNT:1,COUNT:100.00%
2စီစီ,1,0.00%,QTY:1,QTY:100.00%
2တင်း,1,0.00%,QTY:1,QTY:100.00%
2နှစ်,1,0.00%,PERIOD:1,PERIOD:100.00%
2ပေ,1,0.00%,DIST:1,DIST:100.00%
2ပေါင်,1,0.00%,QTY:1,QTY:100.00%
2ရက်ကြာ,1,0.00%,PERIOD:1,PERIOD:100.00%
2လက်မ,1,0.00%,DIST:1,DIST:100.00%
30,1,0.00%,COUNT:1,COUNT:100.00%
30%,1,0.00%,QTY:1,QTY:100.00%
31ရက်နေ့,1,0.00%,TIME:1,TIME:100.00%
32°,1,0.00%,TEMP:1,TEMP:100.00%
34,1,0.00%,COUNT:1,COUNT:100.00%
35ရက်သား,1,0.00%,PERIOD:1,PERIOD:100.00%
3ရက်နေ့,1,0.00%,TIME:1,TIME:100.00%
3လ,1,0.00%,PERIOD:1,PERIOD:100.00%
3လသား,1,0.00%,PERIOD:1,PERIOD:100.00%
4.5.26,1,0.00%,TIME:1,TIME:100.00%
40/45ရက်,1,0.00%,PERIOD:1,PERIOD:100.00%
45:45:45,1,0.00%,FERT:1,FERT:100.00%
4ကြိမ်,1,0.00%,PERIOD:1,PERIOD:100.00%
4ဂါလံ,1,0.00%,QTY:1,QTY:100.00%
4ပေ,1,0.00%,DIST:1,DIST:100.00%
4ရက်5ရက်,1,0.00%,PERIOD:1,PERIOD:100.00%
4လီတာ,1,0.00%,QTY:1,QTY:100.00%
4ဧက,1,0.00%,DIST:1,DIST:100.00%
5.5,1,0.00%,COUNT:1,COUNT:100.00%
5.5ပေ,1,0.00%,DIST:1,DIST:100.00%
50,1,0.00%,COUNT:1,COUNT:100.00%
50ကီလို,1,0.00%,QTY:1,QTY:100.00%
50ခွက်,1,0.00%,COUNT:1,COUNT:100.00%
50ဂရမ်,1,0.00%,QTY:1,QTY:100.00%
50စီစီ,1,0.00%,QTY:1,QTY:100.00%
50ရက်,1,0.00%,PERIOD:1,PERIOD:100.00%
52,1,0.00%,COUNT:1,COUNT:100.00%
52ရက်,1,0.00%,PERIOD:1,PERIOD:100.00%
5ဇွန်း,1,0.00%,QTY:1,QTY:100.00%
5မျိုး,1,0.00%,COUNT:1,COUNT:100.00%
5ရက်,1,0.00%,PERIOD:1,PERIOD:100.00%
5အိတ်,1,0.00%,COUNT:1,COUNT:100.00%
60ရက်သား,1,0.00%,PERIOD:1,PERIOD:100.00%
65°-95°,1,0.00%,TEMP:1,TEMP:100.00%
65ရက်,1,0.00%,PERIOD:1,PERIOD:100.00%
6ရက်,1,0.00%,PERIOD:1,PERIOD:100.00%
6လက်မ,1,0.00%,DIST:1,DIST:100.00%
6အိတ်,1,0.00%,QTY:1,QTY:100.00%
70%,1,0.00%,QTY:1,QTY:100.00%
72နာရီ,1,0.00%,PERIOD:1,PERIOD:100.00%
73ရက်,1,0.00%,PERIOD:1,PERIOD:100.00%
76ရက်သား,1,0.00%,PERIOD:1,PERIOD:100.00%
7နာရီ,1,0.00%,PERIOD:1,PERIOD:100.00%
7နှစ်,1,0.00%,PERIOD:1,PERIOD:100.00%
7ရက်သား,1,0.00%,PERIOD:1,PERIOD:100.00%
7အိတ်,1,0.00%,COUNT:1,COUNT:100.00%
800‌,1,0.00%,COUNT:1,COUNT:100.00%
80စီစီ,1,0.00%,QTY:1,QTY:100.00%
8ပေ,1,0.00%,DIST:1,DIST:100.00%
8ရက်သား,1,0.00%,PERIOD:1,PERIOD:100.00%
8လ,1,0.00%,PERIOD:1,PERIOD:100.00%
90000,1,0.00%,COUNT:1,COUNT:100.00%
900ပီပီအမ်,1,0.00%,QTY:1,QTY:100.00%
90:90:90,1,0.00%,FERT:1,FERT:100.00%
959974830713,1,0.00%,COUNT:1,COUNT:100.00%
9ရက်,1,0.00%,PERIOD:1,PERIOD:100.00%
9ရက်နေ့,1,0.00%,TIME:1,TIME:100.00%
9၃၃ရက်သား,1,0.00%,PERIOD:1,PERIOD:100.00%
ကက်ကြေး,1,0.00%,EQUIP:1,EQUIP:100.00%
ကင်ညာ,1,0.00%,LOC:1,LOC:100.00%
ကင်ညာနိုင်ငံ,1,0.00%,LOC:1,LOC:100.00%
ကင်းထောက်စနစ်,1,0.00%,METHOD:1,METHOD:100.00%
ကတ်ကတ်လီယာ,1,0.00%,VAR:1,VAR:100.00%
ကတ်တဲလီယာ,1,0.00%,VAR:1,VAR:100.00%
ကနေဒါ,1,0.00%,LOC:1,LOC:100.00%
ကန့်ကော်,1,0.00%,CROP:1,CROP:100.00%
ကန့်ဘလူ,1,0.00%,LOC:1,LOC:100.00%
ကန်စွန်းပဲ,1,0.00%,CROP:1,CROP:100.00%
ကန်စွန်းဥ,1,0.00%,CROP:1,CROP:100.00%
ကန်ဇွန်းပဲ,1,0.00%,CROP:1,CROP:100.00%
ကန်တော်ကြီး,1,0.00%,LOC:1,LOC:100.00%
ကန်ပက်လက်,1,0.00%,LOC:1,LOC:100.00%
ကန်သင်း,1,0.00%,EQUIP:1,EQUIP:100.00%
ကန့်ကော်,1,0.00%,CROP:1,CROP:100.00%
ကပ်ပါးပိုး,1,0.00%,PEST:1,PEST:100.00%
ကပ်ပါးမှို,1,0.00%,PATH:1,PATH:100.00%
ကမိတ်ဆွေတို့စစိုက်,1,0.00%,FARM_OP:1,FARM_OP:100.00%
ကမ္ဘာ,1,0.00%,LOC:1,LOC:100.00%
ကမ္ဘာ့စားနပ်ရိက္ခာအဖွဲ့ကြီး,1,0.00%,ORG:1,ORG:100.00%
ကယားပြည်နယ်,1,0.00%,LOC:1,LOC:100.00%
ကယ်မက်ဟတ်,1,0.00%,NUT:1,NUT:100.00%
ကယ်လစီယံကလိုရိုက်,1,0.00%,FERT:1,FERT:100.00%
ကယ်လဆီယမ်,1,0.00%,NUT:1,NUT:100.00%
ကရင်ပြည်,1,0.00%,LOC:1,LOC:100.00%
ကရင်မ,1,0.00%,VAR:1,VAR:100.00%
ကလည်းဇန်နဝါရီ,1,0.00%,TIME:1,TIME:100.00%
ကလပ်ရုရောဂါ,1,0.00%,DIS:1,DIS:100.00%
ကလိုဖန်နပျာ၊,1,0.00%,PESTI:1,PESTI:100.00%
ကလိုရိုပိုင်ရီဖော့,1,0.00%,PESTI:1,PESTI:100.00%
ကလိုသာလို‌နေး,1,0.00%,FUNG:1,FUNG:100.00%
ကလီသိုဒင်,1,0.00%,HERB:1,HERB:100.00%
ကလော,1,0.00%,LOC:1,LOC:100.00%
ကလောက်ဒီ,1,0.00%,FUNG:1,FUNG:100.00%
ကလျာဏီပင်,1,0.00%,CROP:1,CROP:100.00%
ကသာမိုနိုပိုဒီယယ်သစ်ခွ,1,0.00%,VAR:1,VAR:100.00%
ကအပူကြိုက်တဲ့အပင်ဖြစ်လို့ဇန်နဝါရီ,1,0.00%,TIME:1,TIME:100.00%
ကာကဆူကာမိုင်စင်,1,0.00%,FUNG:1,FUNG:100.00%
ကာကွယ်နှိမ်နှင်းခြင်း,1,0.00%,FARM_OP:1,FARM_OP:100.00%
ကာကွယ်နှိမ်နှင်းမှု,1,0.00%,FARM_OP:1,FARM_OP:100.00%
ကာစူကာမိုက်စင်,1,0.00%,FUNG:1,FUNG:100.00%
ကာဆူကာမိုက်ဆင်း,1,0.00%,FUNG:1,FUNG:100.00%
ကာဆူဂါမင်,1,0.00%,FUNG:1,FUNG:100.00%
ကာဇူကာ,1,0.00%,FUNG:1,FUNG:100.00%
ကာတက်ဟိုက်ဒြိုကလိုဂိုဒ်,1,0.00%,PESTI:1,PESTI:100.00%
ကာတပ်ဟိုက်ဒြိုကလိုရိုဒ်,1,0.00%,FUNG:1,FUNG:100.00%
ကာတာပ်ဟိုက်ဒရိုကလိုရိုက်,1,0.00%,PESTI:1,PESTI:100.00%
ကာဗန်ဒါဇင်,1,0.00%,FUNG:1,FUNG:100.00%
ကာဗာဒါဇင်,1,0.00%,FUNG:1,FUNG:100.00%
ကာဗိုဖြူရန်,1,0.00%,PESTI:1,PESTI:100.00%
ကာဗိုဟိုက်ဒြိတ်,1,0.00%,NUT:1,NUT:100.00%
ကာဗွန်ဓာတ်,1,0.00%,NUT:1,NUT:100.00%
ကာဘင်ဒါဇင်သိုင်အိုဖာနိတ်မီသိုင်း,1,0.00%,FUNG:1,FUNG:100.00%
ကာဘရိုင်း,1,0.00%,PESTI:1,PESTI:100.00%
ကာဘိုဖြူယမ်,1,0.00%,PESTI:1,PESTI:100.00%
ကာဘိုဖြူရင်,1,0.00%,PESTI:1,PESTI:100.00%
ကာဘိုမိုနောက်ဆိုဒ်,1,0.00%,NUT:1,NUT:100.00%
ကာဘိုဟိုက်ဒရိတ်,1,0.00%,NUT:1,NUT:100.00%
ကာလကျော်လွန်ပြီးနောက်ပုံမှန်ပြန်လည်ဖြန်းပေးခြင်းအားဖြင့်ဒုတိယအကြိမ်,1,0.00%,COUNT:1,COUNT:100.00%
ကိတ်မုန့်,1,0.00%,FOOD:1,FOOD:100.00%
ကို,1,0.00%,FOOD:1,FOOD:100.00%
ကိုကိုး,1,0.00%,CROP:1,CROP:100.00%
ကိုက်စား,1,0.00%,PEST:1,PEST:100.00%
ကိုက်ဖြတ်ဝါးစားပိုး,1,0.00%,PEST:1,PEST:100.00%
ကိုခွန်,1,0.00%,PER:1,PER:100.00%
ကိုင်းကူးနည်း,1,0.00%,METHOD:1,METHOD:100.00%
ကိုင်းကျွန်းမြေ,1,0.00%,SOIL_TYPE:1,SOIL_TYPE:100.00%
ကိုင်းချိုင်အလင်းဖွင့်ပေးခြင်း,1,0.00%,FARM_OP:1,FARM_OP:100.00%
ကိုင်းချိုးချိန်,1,0.00%,TIME:1,TIME:100.00%
ကိုင်းခြောက်ရှင်းပေးခြင်း,1,0.00%,FARM_OP:1,FARM_OP:100.00%
ကိုင်းဆက်ခြင်း,1,0.00%,FARM_OP:1,FARM_OP:100.00%
ကိုင်းဆက်နည်း,1,0.00%,METHOD:1,METHOD:100.00%
ကိုင်းဆက်ပျိုးပင်,1,0.00%,SEED:1,SEED:100.00%
ကိုင်းထိုးနည်း,1,0.00%,METHOD:1,METHOD:100.00%
ကိုင်းပုပ်ရောဂါ,1,0.00%,DIS:1,DIS:100.00%
ကိုင်းပြုပြင်ခြင်း,1,0.00%,FARM_OP:1,FARM_OP:100.00%
ကိုင်းဖျာမှုအလွန်အကျွံများလာခြင်း,1,0.00%,SYM:1,SYM:100.00%
ကိုင်းဖျားပန်းဖူး,1,0.00%,CROP_PART:1,CROP_PART:100.00%
ကိုင်းဖြတ်ကတ်ကြေး,1,0.00%,EQUIP:1,EQUIP:100.00%
ကိုင်းဖြတ်ကူးခြင်း,1,0.00%,FARM_OP:1,FARM_OP:100.00%
ကိုင်းဖြတ်စိုက်ခြင်း,1,0.00%,METHOD:1,METHOD:100.00%
ကိုင်းဖြတ်စိုက်ပျိုးခြင်း,1,0.00%,METHOD:1,METHOD:100.00%
ကိုင်းဖြတ်မျိုးပွားခြင်း,1,0.00%,METHOD:1,METHOD:100.00%
ကိုင်းမြက်,1,0.00%,WEED:1,WEED:100.00%
ကိုင်းမြေ,1,0.00%,SOIL_TYPE:1,SOIL_TYPE:100.00%
ကိုစည်ပိုင်း၊စဉ့်အိုး၊ပလပ်စတစ်ပုံး,1,0.00%,EQUIP:1,EQUIP:100.00%
ကိုတောင်အမေရိက,1,0.00%,LOC:1,LOC:100.00%
ကိုဖြစ်စေ၊အဖျားပိုင်းအကိုင်းဖြတ်,1,0.00%,FARM_OP:1,FARM_OP:100.00%
ကိုလီဘရီမျိုး,1,0.00%,VAR:1,VAR:100.00%
ကိုအများအားဖြင့်အကိုင်းဖြတ်,1,0.00%,FARM_OP:1,FARM_OP:100.00%
ကိုးရီးယားကန်ဇွန်းဥဖြူ,1,0.00%,VAR:1,VAR:100.00%
ကီရာလာ,1,0.00%,LOC:1,LOC:100.00%
ကီလို,1,0.00%,VAR:1,VAR:100.00%
ကုတ်နေလို့,1,0.00%,SYM:1,SYM:100.00%
ကုန်းကန်စွန်း,1,0.00%,CROP:1,CROP:100.00%
ကုန်းစောင်းဒေသ,1,0.00%,SOIL_TYPE:1,SOIL_TYPE:100.00%
ကုန်းမြင့်-၂,1,0.00%,VAR:1,VAR:100.00%
ကုန်းမြင့်-၄,1,0.00%,VAR:1,VAR:100.00%
ကုပ်သွားပြီးတွန့်လိမ်,1,0.00%,SYM:1,SYM:100.00%
ကုမ္မာရီသစ်ခွ,1,0.00%,VAR:1,VAR:100.00%
ကုလားပဲပင်,1,0.00%,CROP:1,CROP:100.00%
ကေ-ဟူးမစ်,1,0.00%,FERT:1,FERT:100.00%
ကေလာ,1,0.00%,PESTI:1,PESTI:100.00%
ကေလာပိုးသတ်ဆေး,1,0.00%,PESTI:1,PESTI:100.00%
ကေဟူး,1,0.00%,FERT:1,FERT:100.00%
ကေအမ်အက်စ်အက်စ်,1,0.00%,ORG:1,ORG:100.00%
ကောက်ကွက်စိပ်စိပ်စိုက်ခြင်း,1,0.00%,FARM_OP:1,FARM_OP:100.00%
ကောက်စိုက်,1,0.00%,FARM_OP:1,FARM_OP:100.00%
ကောက်ညှင်း,1,0.00%,CROP:1,CROP:100.00%
ကောက်နှံပိုး,1,0.00%,PEST:1,PEST:100.00%
ကောက်ယူ,1,0.00%,FARM_OP:1,FARM_OP:100.00%
ကောက်ရိုးဖုံးပေးခြင်း,1,0.00%,FARM_OP:1,FARM_OP:100.00%
ကောက်ရိုးသီးသန့်မှို,1,0.00%,CROP:1,CROP:100.00%
ကောက်လေ,1,0.00%,WEED:1,WEED:100.00%
ကောင်းမြတ်,1,0.00%,PER:1,PER:100.00%
ကောပါး,1,0.00%,NUT:1,NUT:100.00%
ကောပါးဆလဖိတ်,1,0.00%,NUT:1,NUT:100.00%
ကောမက်,1,0.00%,FERT:1,FERT:100.00%
ကော့တေး,1,0.00%,FOOD:1,FOOD:100.00%
ကော့ပအောက်ဆီကလိုရိုက်,1,0.00%,FUNG:1,FUNG:100.00%
ကော့ပါးဆာလဖိတ်,1,0.00%,NUT:1,NUT:100.00%
ကော့ပါးဆာလ်ဖိတ်,1,0.00%,FUNG:1,FUNG:100.00%
ကော့ပါးဓာတ်ပါသောမှိုသတ်ဆေး,1,0.00%,FUNG:1,FUNG:100.00%
ကော့ပါးဟိုက်,1,0.00%,FUNG:1,FUNG:100.00%
ကော့ပါးဟိုက်ဓြောက်ဆိုဒ်,1,0.00%,FUNG:1,FUNG:100.00%
ကော့ပါးအောက်ဆိုဒ်,1,0.00%,FUNG:1,FUNG:100.00%
ကော့ပါးအော့စီ,1,0.00%,FUNG:1,FUNG:100.00%
ကော်စတာရီကာ,1,0.00%,LOC:1,LOC:100.00%
ကော်ဖီအိတ်,1,0.00%,EQUIP:1,EQUIP:100.00%
ကျင်းတူးစိုက်ပျိုး,1,0.00%,FARM_OP:1,FARM_OP:100.00%
ကျစ်ပြီးခြောက်,1,0.00%,SYM:1,SYM:100.00%
ကျယ်ကျယ်ပြန့်ပြန့်လှပ်စိုက်သောနည်းစနစ်,1,0.00%,METHOD:1,METHOD:100.00%
ကျားပျံ,1,0.00%,VAR:1,VAR:100.00%
ကျားလက်ဝါး,1,0.00%,CROP:1,CROP:100.00%
ကျိုက်လတ်,1,0.00%,LOC:1,LOC:100.00%
ကျိုင်းဝါ,1,0.00%,PEST:1,PEST:100.00%
ကျိုးကျခြင်း,1,0.00%,SYM:1,SYM:100.00%
ကျိုးနေတာ,1,0.00%,SYM:1,SYM:100.00%
ကျူကာဘီတေးစီး,1,0.00%,VAR:1,VAR:100.00%
ကျောက်စရစ်ဆန်သောမြေ,1,0.00%,SOIL_TYPE:1,SOIL_TYPE:100.00%
ကျောက်စရစ်မြေ,1,0.00%,SOIL_TYPE:1,SOIL_TYPE:100.00%
ကျောက်စိမ်းငရုတ်,1,0.00%,VAR:1,VAR:100.00%
ကျောက်စိမ်းငှက်ပျော,1,0.00%,VAR:1,VAR:100.00%
ကျောက်ဆည်မြို့နယ်,1,0.00%,LOC:1,LOC:100.00%
ကျောက်ဆား,1,0.00%,NUT:1,NUT:100.00%
ကျောက်ဖရုံပင်,1,0.00%,CROP:1,CROP:100.00%
ကျောက်ရောဂါ,1,0.00%,DIS:1,DIS:100.00%
ကျောင်းကုန်း,1,0.00%,LOC:1,LOC:100.00%
ကျောရိုးမဲ့အင်းဆက်,1,0.00%,PEST:1,PEST:100.00%
ကျော်ဇေယျ,1,0.00%,VAR:1,VAR:100.00%
ကျေးတောင်တညင်း,1,0.00%,VAR:1,VAR:100.00%
ကျွန်းမြေ,1,0.00%,SOIL_TYPE:1,SOIL_TYPE:100.00%
ကြက်တူရွေးသစ်ခွ,1,0.00%,VAR:1,VAR:100.00%
ကြက်မောက်ပင်,1,0.00%,CROP:1,CROP:100.00%
ကြက်သောင်း,1,0.00%,WEED:1,WEED:100.00%
ကြက်သွန်နီဖြူ,1,0.00%,CROP:1,CROP:100.00%
ကြက်သွန်ဖူး,1,0.00%,CROP:1,CROP:100.00%
ကြက်သွန်ဖြူပိုးသတ်ဆေး,1,0.00%,PESTI:1,PESTI:100.00%
ကြက်သွန်ဖြူပိုးသတ်ဆေးရည်,1,0.00%,PESTI:1,PESTI:100.00%
ကြက်သွန်မိတ်,1,0.00%,CROP:1,CROP:100.00%
ကြက်သွန်မိတ်ရောဂါပိုး,1,0.00%,DIS:1,DIS:100.00%
ကြက်သွန်အနီ,1,0.00%,CROP:1,CROP:100.00%
ကြက်ဥ,1,0.00%,FOOD:1,FOOD:100.00%
ကြက်ဥဂျူလင်စီ,1,0.00%,FERT:1,FERT:100.00%
ကြပ်ခိုးစွဲရောဂါ,1,0.00%,DIS:1,DIS:100.00%
ကြမ်းပြန်အုပ်,1,0.00%,FARM_OP:1,FARM_OP:100.00%
ကြိုင်း,1,0.00%,PEST:1,PEST:100.00%
ကြိုတင်ဖြတ်,1,0.00%,FARM_OP:1,FARM_OP:100.00%
ကြိုတင်၍သစ်ရွက်ဆွေး,1,0.00%,FERT:1,FERT:100.00%
ကြိုးတန်းပေးခြင်း,1,0.00%,FARM_OP:1,FARM_OP:100.00%
ကြီးထွားမှုတန့်သွားခြင်း,1,0.00%,SYM:1,SYM:100.00%
ကြီးထွားမှုနှေးတာ,1,0.00%,SYM:1,SYM:100.00%
ကြောင့်အပင်ထနှေး,1,0.00%,SYM:1,SYM:100.00%
ကြဲခင်း,1,0.00%,METHOD:1,METHOD:100.00%
ကြဲပက်စိုက်,1,0.00%,METHOD:1,METHOD:100.00%
ကြဲပက်စိုက်စနစ်,1,0.00%,METHOD:1,METHOD:100.00%
ကြံပင်ပွား,1,0.00%,CROP_PART:1,CROP_PART:100.00%
ကြံသကာရည်,1,0.00%,FERT:1,FERT:100.00%
ကြံအူနီရောဂါ,1,0.00%,DIS:1,DIS:100.00%
ကြံ့ပိုး,1,0.00%,PEST:1,PEST:100.00%
ကြွက်ဖျက်,1,0.00%,PEST:1,PEST:100.00%
ကြွက်သတ်ဆေး,1,0.00%,PESTI:1,PESTI:100.00%
ကြွေဖြူ,1,0.00%,VAR:1,VAR:100.00%
ကြွေရခြင်း,1,0.00%,SYM:1,SYM:100.00%
ကြွေဝါ,1,0.00%,VAR:1,VAR:100.00%
ကွက်ကြား,1,0.00%,SYM:1,SYM:100.00%
ကွက်သေး,1,0.00%,SYM:1,SYM:100.00%
ကွင်းဆင်းစစ်ဆေးခြင်း,1,0.00%,FARM_OP:1,FARM_OP:100.00%
ကွန်ပေါင်းမြေသြဇာ,1,0.00%,FERT:1,FERT:100.00%
ကွန်ပေါင်းမြေဩဇာကို,1,0.00%,FERT:1,FERT:100.00%
ကွန်ဘိ,1,0.00%,NUT:1,NUT:100.00%
ကွမ်းစားဂမုန်း,1,0.00%,CROP:1,CROP:100.00%
ကွမ်းဆီစွန်းရောဂါ,1,0.00%,DIS:1,DIS:100.00%
ကွမ်းနုဝါ,1,0.00%,CROP:1,CROP:100.00%
ကွီဇာလိုဖော့ပီအီသိုင်း,1,0.00%,HERB:1,HERB:100.00%
ကွီနာဖော့,1,0.00%,PESTI:1,PESTI:100.00%
ကွဲတာဖုတာ,1,0.00%,SYM:1,SYM:100.00%
ခင်းဂျစ်ပဆန်,1,0.00%,FERT:1,FERT:100.00%
ခင်းထဲသို့စာကလေး,1,0.00%,PEST:1,PEST:100.00%
ခင်းပေါင်းသတ်ဆေးဖျန်း,1,0.00%,FARM_OP:1,FARM_OP:100.00%
ခပ်စိပ်စိပ်စိုက်,1,0.00%,METHOD:1,METHOD:100.00%
ခပ်တိမ်တိမ်စိုက်,1,0.00%,FARM_OP:1,FARM_OP:100.00%
ခရမ်းချဉ်ပင်စည်ပုပ်ရောဂါ,1,0.00%,DIS:1,DIS:100.00%
ခရမ်းချဉ်ပျိုးပင်,1,0.00%,CROP:1,CROP:100.00%
ခရမ်းရောင်အမည်းကွက်,1,0.00%,SYM:1,SYM:100.00%
ခရမ်းလိပ်ပြာပိုး,1,0.00%,PEST:1,PEST:100.00%
ခရမ်းလှေးကျိုင်း,1,0.00%,PEST:1,PEST:100.00%
ခရီဆိုဇင်မီသိုင်း,1,0.00%,FUNG:1,FUNG:100.00%
ခါကျက်ဥ,1,0.00%,CROP_PART:1,CROP_PART:100.00%
ခါကြက်ဥ,1,0.00%,CROP:1,CROP:100.00%
ခါးကြပ်,1,0.00%,SYM:1,SYM:100.00%
ခါးချိရောဂါ,1,0.00%,DIS:1,DIS:100.00%
ခါးဆွခြင်း,1,0.00%,FARM_OP:1,FARM_OP:100.00%
ခါးရိခြင်း,1,0.00%,DIS:1,DIS:100.00%
ခါးရိမြစ်ချောက်,1,0.00%,DIS:1,DIS:100.00%
ခါးရိမြစ်ခြောက်ဆွေး,1,0.00%,DIS:1,DIS:100.00%
ခါးရိမြစ်ခြောက်ဆွေးရောဂါ,1,0.00%,DIS:1,DIS:100.00%
ခါးရိမြစ်ပုပ်,1,0.00%,DIS:1,DIS:100.00%
ခါးရိအမြစ်ပုတ်,1,0.00%,SYM:1,SYM:100.00%
ခါးရိအမြစ်ပုပ်,1,0.00%,SYM:1,SYM:100.00%
ခိုငှက်,1,0.00%,PEST:1,PEST:100.00%
ခုကိုသစ်စိမ်းမြေသြဇာ,1,0.00%,FERT:1,FERT:100.00%
ခုတ်ဖုံးပဲစိုက်စနစ်,1,0.00%,METHOD:1,METHOD:100.00%
ခုတ်သိမ်းချိန်,1,0.00%,TIME:1,TIME:100.00%
ခုနှစ်ဆစ်,1,0.00%,COUNT:1,COUNT:100.00%
ခုနှစ်နှစ်သား,1,0.00%,PERIOD:1,PERIOD:100.00%
ခုံးနေပါတယ်,1,0.00%,SYM:1,SYM:100.00%
ခူကောင်,1,0.00%,PEST:1,PEST:100.00%
ခူးခြင်း,1,0.00%,FARM_OP:1,FARM_OP:100.00%
ခူးဆွတ်ရိတ်သိမ်း,1,0.00%,FARM_OP:1,FARM_OP:100.00%
ခူးမွေးရှည်,1,0.00%,PEST:1,PEST:100.00%
ခူးယူခြင်း,1,0.00%,FARM_OP:1,FARM_OP:100.00%
ခူးယူဖယ်ရှားပစ်ခြင်း,1,0.00%,FARM_OP:1,FARM_OP:100.00%
ခေတ်သစ်စိုက်ပျိုးနည်းစနစ်,1,0.00%,METHOD:1,METHOD:100.00%
ခေါက်ညွန့်ထိုးပိုး,1,0.00%,PEST:1,PEST:100.00%
ခေါင်,1,0.00%,TIME:1,TIME:100.00%
ခေါင်ကွဲ,1,0.00%,SYM:1,SYM:100.00%
ခေါင်ကွဲခြင်း,1,0.00%,SYM:1,SYM:100.00%
ခေါင်ညွန့်ထိုးပိုး,1,0.00%,PEST:1,PEST:100.00%
ခေါင်ညွန့်ထိုးပိုးကျလာခြင်း,1,0.00%,BIOD:1,BIOD:100.00%
ခေါင်ညွန့်ထိုးပိုး,1,0.00%,PEST:1,PEST:100.00%
ခေါင်ညွန့်ပိုး,1,0.00%,PEST:1,PEST:100.00%
ခေါင်ရမ်း,1,0.00%,CROP:1,CROP:100.00%
ခဲလုံးဖိ,1,0.00%,FARM_OP:1,FARM_OP:100.00%
ချက်စိမ်း,1,0.00%,VAR:1,VAR:100.00%
ချက်မဲ,1,0.00%,VAR:1,VAR:100.00%
ချင်းတူးဖော်ရိတ်သိမ်းချိန်,1,0.00%,TIME:1,TIME:100.00%
ချင်းဖြူ,1,0.00%,VAR:1,VAR:100.00%
ချစ်တီးပန်း,1,0.00%,CROP:1,CROP:100.00%
ချဉ်ပေါင်ပင်,1,0.00%,CROP:1,CROP:100.00%
ချဉ်သလိုလို,1,0.00%,SYM:1,SYM:100.00%
ချဉ်းကပ်ကိုင်းဆက်နည်း,1,0.00%,METHOD:1,METHOD:100.00%
ချည်နှောင်,1,0.00%,FARM_OP:1,FARM_OP:100.00%
ချည်မျှင်ရှည်ဝါ,1,0.00%,CROP:1,CROP:100.00%
ချယ်ရီ,1,0.00%,CROP:1,CROP:100.00%
ချသောစက်ကိရိယာများကိုအမေရိကန်,1,0.00%,LOC:1,LOC:100.00%
ချိန်ခွင်,1,0.00%,EQUIP:1,EQUIP:100.00%
ချိပ်ပိုး,1,0.00%,PEST:1,PEST:100.00%
ချို့တဲ့ခြင်း,1,0.00%,SYM:1,SYM:100.00%
ချို့တဲ့တာဖြစ်နိုင်ပါတယ်၊ပါအနည်းလိုအဟာရ,1,0.00%,FARM_OP:1,FARM_OP:100.00%
ချိုး,1,0.00%,FARM_OP:1,FARM_OP:100.00%
ချိုးငှက်,1,0.00%,PEST:1,PEST:100.00%
ချောက်တာ,1,0.00%,SYM:1,SYM:100.00%
ချောက်ပြီးဝါလာ,1,0.00%,SYM:1,SYM:100.00%
ချောင်းသာ,1,0.00%,LOC:1,LOC:100.00%
ချောင်းဦး,1,0.00%,LOC:1,LOC:100.00%
ချွေလှေ့ခြင်း,1,0.00%,FARM_OP:1,FARM_OP:100.00%
ချွေလှေ့သန့်စင်,1,0.00%,FARM_OP:1,FARM_OP:100.00%
ခြင်ဆေးခွေ,1,0.00%,EQUIP:1,EQUIP:100.00%
ခြင်းစနစ်,1,0.00%,METHOD:1,METHOD:100.00%
ခြောက်ခြင်း,1,0.00%,SYM:1,SYM:100.00%
ခြောက်ဆယ်ရာခိုင်နှုန်း,1,0.00%,QTY:1,QTY:100.00%
ခြောက်တင်း,1,0.00%,QTY:1,QTY:100.00%
ခြောက်နေတာ,1,0.00%,SYM:1,SYM:100.00%
ခြောက်ပြီးကြွေ,1,0.00%,SYM:1,SYM:100.00%
ခြောက်ရက်,1,0.00%,PERIOD:1,PERIOD:100.00%
ခြောက်လခန့်,1,0.00%,PERIOD:1,PERIOD:100.00%
ခြောက်သွား,1,0.00%,SYM:1,SYM:100.00%
ခြောက်သွေ့ခြင်း,1,0.00%,SYM:1,SYM:100.00%
ခြောက်သွေ့တဲ့နေရာ,1,0.00%,WEATHER:1,WEATHER:100.00%
ခြောက်သွေ့သောသဲမြေ,1,0.00%,SOIL_TYPE:1,SOIL_TYPE:100.00%
ခြွေခြင်း,1,0.00%,FARM_OP:1,FARM_OP:100.00%
ခြွေစက်,1,0.00%,EQUIP:1,EQUIP:100.00%
ခြွေပေး,1,0.00%,FARM_OP:1,FARM_OP:100.00%
ခြွေပေးခြင်း,1,0.00%,FARM_OP:1,FARM_OP:100.00%
ခွာပြီးနွားချေး,1,0.00%,FERT:1,FERT:100.00%
ခွံဝါတောင်ပျံ,1,0.00%,VAR:1,VAR:100.00%
ဂတ်မဇင်း,1,0.00%,PESTI:1,PESTI:100.00%
ဂန္တမာ,1,0.00%,CROP:1,CROP:100.00%
ဂန္ဓမာရွက်ပြောက်ရောဂါ,1,0.00%,DIS:1,DIS:100.00%
ဂန္ဓာမာပန်း,1,0.00%,CROP:1,CROP:100.00%
ဂရင်းဒရက်ဂွန်,1,0.00%,VAR:1,VAR:100.00%
ဂရင်းဟောက်စ်,1,0.00%,METHOD:1,METHOD:100.00%
ဂရမ်ဂရမ်ရောဂါ,1,0.00%,DIS:1,DIS:100.00%
ဂရမ်း,1,0.00%,FUNG:1,FUNG:100.00%
ဂရမ်၄၅မှ၅၀,1,0.00%,QTY:1,QTY:100.00%
ဂရုတစိုက်စစ်ဆေး,1,0.00%,FARM_OP:1,FARM_OP:100.00%
ဂရုတစိုက်လောင်း,1,0.00%,FARM_OP:1,FARM_OP:100.00%
ဂရုပြုစိုက်ပျိုး,1,0.00%,FARM_OP:1,FARM_OP:100.00%
ဂလိုက်ဖိုဆိတ်,1,0.00%,HERB:1,HERB:100.00%
ဂလိုမာလင်,1,0.00%,NUT:1,NUT:100.00%
ဂလူးကို့စ်ဓာတ်,1,0.00%,NUT:1,NUT:100.00%
ဂဝန်မြေနီ,1,0.00%,SOIL_TYPE:1,SOIL_TYPE:100.00%
ဂဝံအောက်ခံမြေ,1,0.00%,SOIL_TYPE:1,SOIL_TYPE:100.00%
ဂါကင်သခွား,1,0.00%,VAR:1,VAR:100.00%
ဂါလံငါးဆယ်,1,0.00%,QTY:1,QTY:100.00%
ဂုတ်ကျိူး,1,0.00%,SYM:1,SYM:100.00%
ဂေါ်ဖီထုတ်,1,0.00%,CROP:1,CROP:100.00%
ဂျင်းနက်,1,0.00%,CROP:1,CROP:100.00%
ဂျစ်ဆန်မှုန့်,1,0.00%,FERT:1,FERT:100.00%
ဂျစ်ဆမ်ကျောက်မှုန့်,1,0.00%,FUNG:1,FUNG:100.00%
ဂျစ်ပ်ဆမ်,1,0.00%,FERT:1,FERT:100.00%
ဂျစ်ဘရစ်လစ်အက်စစ်,1,0.00%,FERT:1,FERT:100.00%
ဂျစ်ဘရယ်,1,0.00%,NUT:1,NUT:100.00%
ဂျပန်,1,0.00%,LOC:1,LOC:100.00%
ဂျပိုး,1,0.00%,PEST:1,PEST:100.00%
ဂျပ်ဆင်,1,0.00%,FERT:1,FERT:100.00%
ဂျပ်ဆန်,1,0.00%,FERT:1,FERT:100.00%
ဂျယ်လီ,1,0.00%,FOOD:1,FOOD:100.00%
ဂျီဖိုက်,1,0.00%,PESTI:1,PESTI:100.00%
ဂျုတ်,1,0.00%,EQUIP:1,EQUIP:100.00%
ဂျုံလောင်မီးရောဂါ,1,0.00%,DIS:1,DIS:100.00%
ဂွပန်း,1,0.00%,CROP:1,CROP:100.00%
ဂွေးချို,1,0.00%,CROP:1,CROP:100.00%
ဂွေးသီးပင်,1,0.00%,CROP:1,CROP:100.00%
ငကျွဲ,1,0.00%,VAR:1,VAR:100.00%
ငမြှောင်တောင်ဖျက်ပိုး,1,0.00%,PEST:1,PEST:100.00%
ငရုတ်ဆီစွန်းရောဂါ,1,0.00%,DIS:1,DIS:100.00%
ငရုတ်ပိုးသတ်ဆေး,1,0.00%,PESTI:1,PESTI:100.00%
ငရုတ်ပွ,1,0.00%,CROP:1,CROP:100.00%
ငရုပ်ပင်,1,0.00%,CROP:1,CROP:100.00%
ငရုပ်ပွ,1,0.00%,CROP:1,CROP:100.00%
ငါးခု,1,0.00%,COUNT:1,COUNT:100.00%
ငါးဆ,1,0.00%,QTY:1,QTY:100.00%
ငါးဇွန်း,1,0.00%,QTY:1,QTY:100.00%
ငါးပွင့်ဆိုင်စိုက်စနစ်,1,0.00%,METHOD:1,METHOD:100.00%
ငါးလခွဲ,1,0.00%,PERIOD:1,PERIOD:100.00%
ငါးဟင်း,1,0.00%,FOOD:1,FOOD:100.00%
ငါးအမိုင်နိုရွက်ဖျန်း,1,0.00%,FERT:1,FERT:100.00%
ငါးအမိုသ်နို,1,0.00%,NUT:1,NUT:100.00%
ငိုက်ခြင်း,1,0.00%,SYM:1,SYM:100.00%
ငုတ်စိုက်,1,0.00%,FARM_OP:1,FARM_OP:100.00%
ငုတ်ရိုက်အကိုင်းဆက်နည်း,1,0.00%,METHOD:1,METHOD:100.00%
ငြုပ်သခွား,1,0.00%,VAR:1,VAR:100.00%
ငွေနားမှို,1,0.00%,CROP:1,CROP:100.00%
ငွေရည်ပုလဲ,1,0.00%,ORG:1,ORG:100.00%
ငှက်ပြောပင်,1,0.00%,CROP:1,CROP:100.00%
ငှက်မျက်စိကွက်ပြောက်ရောဂါ,1,0.00%,DIS:1,DIS:100.00%
စကာပိုက်,1,0.00%,EQUIP:1,EQUIP:100.00%
စက္ကူပန်း,1,0.00%,CROP:1,CROP:100.00%
စက္ကူအိတ်,1,0.00%,EQUIP:1,EQUIP:100.00%
စက်ကိရိယာ,1,0.00%,EQUIP:1,EQUIP:100.00%
စက်ရုံ,1,0.00%,ORG:1,ORG:100.00%
စင်တင်,1,0.00%,FARM_OP:1,FARM_OP:100.00%
စင်တင်စိုက်ပျိုး,1,0.00%,FARM_OP:1,FARM_OP:100.00%
စင်ဗီဒီယမ်,1,0.00%,VAR:1,VAR:100.00%
စင်္ကာပူ,1,0.00%,LOC:1,LOC:100.00%
စစိုက်,1,0.00%,FARM_OP:1,FARM_OP:100.00%
စစ်ကိုင်းတိုင်းအောက်ပိုင်း,1,0.00%,LOC:1,LOC:100.00%
စစ်ဆေးကာကွယ်နှိမ်နင်း,1,0.00%,FARM_OP:1,FARM_OP:100.00%
စစ်ဆေးခြင်း,1,0.00%,FARM_OP:1,FARM_OP:100.00%
စစ်ဆေးပြုစုစောင့်ရှောက်,1,0.00%,FARM_OP:1,FARM_OP:100.00%
စစ်ဆေးဖယ်ရှားခြင်း,1,0.00%,FARM_OP:1,FARM_OP:100.00%
စည်,1,0.00%,CROP_PART:1,CROP_PART:100.00%
စတင်တူးဖော်,1,0.00%,FARM_OP:1,FARM_OP:100.00%
စတီးဇွန်း,1,0.00%,EQUIP:1,EQUIP:100.00%
စတုရန်းပုံစိုက်ပျိုးစနစ်,1,0.00%,METHOD:1,METHOD:100.00%
စတော်ဘယ်ရီပင်,1,0.00%,CROP:1,CROP:100.00%
စတော်ဘယ်ရီသီး,1,0.00%,CROP:1,CROP:100.00%
စနစ်တကျပြုပြင်ခြင်း,1,0.00%,FARM_OP:1,FARM_OP:100.00%
စနယ်မြေစေး,1,0.00%,SOIL_TYPE:1,SOIL_TYPE:100.00%
စနယ်မြေနက်,1,0.00%,SOIL_TYPE:1,SOIL_TYPE:100.00%
စပရင်ကလာရေဖျန်းစနစ်,1,0.00%,METHOD:1,METHOD:100.00%
စပါ,1,0.00%,CROP:1,CROP:100.00%
စပါးခွံဖွဲပြာ,1,0.00%,FERT:1,FERT:100.00%
စပါးခွံများဖုံးအုပ်ပေးခြင်း,1,0.00%,FARM_OP:1,FARM_OP:100.00%
စပါးစုတ်ဂျပိုး,1,0.00%,PEST:1,PEST:100.00%
စပါးနှံစုပ်ပိုး,1,0.00%,PEST:1,PEST:100.00%
စပါးပင်ပင်,1,0.00%,CROP:1,CROP:100.00%
စပါးဖွဲပြာ,1,0.00%,FERT:1,FERT:100.00%
စပါးဘီးလူး,1,0.00%,WEED:1,WEED:100.00%
စပိန်,1,0.00%,LOC:1,LOC:100.00%
စပိုင်နီတိုရမ်,1,0.00%,PESTI:1,PESTI:100.00%
စပ်ဖွဲပြာ,1,0.00%,FERT:1,FERT:100.00%
စပျစ်သီး,1,0.00%,CROP:1,CROP:100.00%
စမိုင်းဝါ,1,0.00%,FUNG:1,FUNG:100.00%
စမုန်စပါးပင်,1,0.00%,CROP:1,CROP:100.00%
စမုံနက်,1,0.00%,CROP:1,CROP:100.00%
စမုံနှမ်း,1,0.00%,CROP:1,CROP:100.00%
စရိတ်သိမ်း,1,0.00%,FARM_OP:1,FARM_OP:100.00%
စာကလေးတညင်း,1,0.00%,VAR:1,VAR:100.00%
စာခြောက်ရုပ်,1,0.00%,EQUIP:1,EQUIP:100.00%
စာပစပ်,1,0.00%,VAR:1,VAR:100.00%
စားပြောင်းစိုက်ပျိုးနည်း,1,0.00%,METHOD:1,METHOD:100.00%
စားမှို,1,0.00%,CROP:1,CROP:100.00%
စိန်ကွက်ဖလံ,1,0.00%,PEST:1,PEST:100.00%
စိန်တစ်လုံးသရက်,1,0.00%,VAR:1,VAR:100.00%
စိပ်စိပ်စိုက်ခြင်း,1,0.00%,FARM_OP:1,FARM_OP:100.00%
စိပ်စိပ်လေး,1,0.00%,SYM:1,SYM:100.00%
စိမ့်မြေ,1,0.00%,SOIL_TYPE:1,SOIL_TYPE:100.00%
စိုက်ကိုင်းစိုက်ခြင်း,1,0.00%,METHOD:1,METHOD:100.00%
စိုက်ကျင်းနက်နက်တူး,1,0.00%,FARM_OP:1,FARM_OP:100.00%
စိုက်ကြောင်းပေး,1,0.00%,FARM_OP:1,FARM_OP:100.00%
စိုက်ခင်းပြုပြင်,1,0.00%,FARM_OP:1,FARM_OP:100.00%
စိုက်ခင်းရေဖြတ်ခြင်း,1,0.00%,FARM_OP:1,FARM_OP:100.00%
စိုက်ခင်းအဝေး,1,0.00%,LOC:1,LOC:100.00%
စိုက်ထယ်ရေးပြင်ချိန်,1,0.00%,TIME:1,TIME:100.00%
စိုက်ပေါင်ပြင်ဆင်ခြင်း,1,0.00%,FARM_OP:1,FARM_OP:100.00%
စိုက်ပေါင်ပြုလုပ်,1,0.00%,FARM_OP:1,FARM_OP:100.00%
စိုက်ပျိုးခူးဆွတ်,1,0.00%,FARM_OP:1,FARM_OP:100.00%
စိုက်ပျိုးစမ်းသပ်,1,0.00%,FARM_OP:1,FARM_OP:100.00%
စိုက်ပျိုးမြေရွေးချယ်ခြင်း,1,0.00%,FARM_OP:1,FARM_OP:100.00%
စိုက်ပျိုးရေးတက္ကသိုလ်,1,0.00%,ORG:1,ORG:100.00%
စိုက်ပျိုးရေးလုပ်ငန်း,1,0.00%,ORG:1,ORG:100.00%
စိုက်ဘောင်ကိုဆွပြီးသမအောင်မွှေ,1,0.00%,FARM_OP:1,FARM_OP:100.00%
စိုက်လေ့ရှိကြပါသည်။အလွန်အေးပြီးနှင်းကျ,1,0.00%,WEATHER:1,WEATHER:100.00%
စိုက်အိုး,1,0.00%,EQUIP:1,EQUIP:100.00%
စိုထိုင်းစ(၈၀-၉၀)%,1,0.00%,HUM:1,HUM:100.00%
စိုထိုင်းဆနည်း,1,0.00%,HUM:1,HUM:100.00%
စိုထိုင်းဆများ,1,0.00%,WEATHER:1,WEATHER:100.00%
စီဗင်,1,0.00%,PESTI:1,PESTI:100.00%
စီရီစန်,1,0.00%,FUNG:1,FUNG:100.00%
စီးပွားဖြစ်မျိုးသန့်မျိုးစေ့,1,0.00%,SEED:1,SEED:100.00%
စုတ်စားပိုး,1,0.00%,PEST:1,PEST:100.00%
စုပ်စားပိုးကျရောက်မှု,1,0.00%,BIOD:1,BIOD:100.00%
စုပ်ဖွားဆေး,1,0.00%,NUT:1,NUT:100.00%
စူပါပါဝါ,1,0.00%,NUT:1,NUT:100.00%
စူပါပါဝါမှိုင်း,1,0.00%,FUNG:1,FUNG:100.00%
စူပါဖော့စဖိတ်,1,0.00%,FERT:1,FERT:100.00%
စူပါဘိုကာရှီ,1,0.00%,FERT:1,FERT:100.00%
စူပါမော့,1,0.00%,FUNG:1,FUNG:100.00%
စောင်းဖြတ်,1,0.00%,FARM_OP:1,FARM_OP:100.00%
စောင်းလျား,1,0.00%,CROP:1,CROP:100.00%
စောစောစိုက်ခြင်း,1,0.00%,FARM_OP:1,FARM_OP:100.00%
စေးမြေ,1,0.00%,SOIL_TYPE:1,SOIL_TYPE:100.00%
စံပယ်ပင်,1,0.00%,CROP:1,CROP:100.00%
စံပယ်ပန်း,1,0.00%,CROP:1,CROP:100.00%
စံပယ်ပန်းပင်,1,0.00%,CROP:1,CROP:100.00%
စွတ်စိုထိုင်းမှိုင်း,1,0.00%,WEATHER:1,WEATHER:100.00%
စွတ်စိုထိုင်းမှိုင်းသောရာသီဥတု,1,0.00%,WEATHER:1,WEATHER:100.00%
စွတ်စိုအေးမြစိုထိုင်း,1,0.00%,WEATHER:1,WEATHER:100.00%
စွန်တာပဲ,1,0.00%,CROP:1,CROP:100.00%
ဆက်တိုက်နေပူလှန်းထားခြင်း,1,0.00%,FARM_OP:1,FARM_OP:100.00%
ဆင်သုခ,1,0.00%,VAR:1,VAR:100.00%
ဆင်းနွယ်ရင်,1,0.00%,VAR:1,VAR:100.00%
ဆင်းရတနာ၃,1,0.00%,VAR:1,VAR:100.00%
ဆင်းရွှေကြာ-၃,1,0.00%,VAR:1,VAR:100.00%
ဆင်းရွှေဝါ,1,0.00%,VAR:1,VAR:100.00%
ဆင်းသီဟ,1,0.00%,PER:1,PER:100.00%
ဆင်းသွယ်လတ်,1,0.00%,VAR:1,VAR:100.00%
ဆင်းဧကရီ-၃,1,0.00%,VAR:1,VAR:100.00%
ဆန်ကော,1,0.00%,EQUIP:1,EQUIP:100.00%
ဆန်းနီ,1,0.00%,VAR:1,VAR:100.00%
ဆန်းမား,1,0.00%,VAR:1,VAR:100.00%
ဆန်းမားဖြူ,1,0.00%,VAR:1,VAR:100.00%
ဆန်းမားဝါ,1,0.00%,VAR:1,VAR:100.00%
ဆန်းမားအဖြူ,1,0.00%,VAR:1,VAR:100.00%
ဆန်းမားအဝါ,1,0.00%,VAR:1,VAR:100.00%
ဆပ်တိုးရီးယားရွက်ပြောက်ရောဂါ,1,0.00%,DIS:1,DIS:100.00%
ဆပ်ပြာကျင်းမြေ,1,0.00%,SOIL_TYPE:1,SOIL_TYPE:100.00%
ဆမ်ဘုရှ်,1,0.00%,PESTI:1,PESTI:100.00%
ဆယ်ရက်,1,0.00%,PERIOD:1,PERIOD:100.00%
ဆယ်ရက်ခြား,1,0.00%,PERIOD:1,PERIOD:100.00%
ဆယ့်နှစ်ရက်,1,0.00%,PERIOD:1,PERIOD:100.00%
ဆရာအပင်ခြေ,1,0.00%,CROP_PART:1,CROP_PART:100.00%
ဆလက်ပလပ်စ်,1,0.00%,HERB:1,HERB:100.00%
ဆလပ်ပင်,1,0.00%,CROP:1,CROP:100.00%
ဆလဖာ,1,0.00%,FUNG:1,FUNG:100.00%
ဆာကိုစပိုးရား,1,0.00%,DIS:1,DIS:100.00%
ဆာရှိမိဟင်းလျာ,1,0.00%,FOOD:1,FOOD:100.00%
ဆာလဖာ-80,1,0.00%,NUT:1,NUT:100.00%
ဆာလဖိတ်,1,0.00%,NUT:1,NUT:100.00%
ဆာလ်ဖိတ်,1,0.00%,NUT:1,NUT:100.00%
ဆားငန်ခံ-၂,1,0.00%,VAR:1,VAR:100.00%
ဆားငန်ခံ-၃,1,0.00%,VAR:1,VAR:100.00%
ဆားငန်ခံ-၄,1,0.00%,VAR:1,VAR:100.00%
ဆားငန်ဓာတ်,1,0.00%,ABIOD:1,ABIOD:100.00%
ဆားငံဒဏ်,1,0.00%,ABIOD:1,ABIOD:100.00%
ဆားတောင်,1,0.00%,LOC:1,LOC:100.00%
ဆားလင်းကြီး,1,0.00%,LOC:1,LOC:100.00%
ဆိတ်ချေး,1,0.00%,FERT:1,FERT:100.00%
ဆိုက်တိုကိုင်နင်,1,0.00%,NUT:1,NUT:100.00%
ဆိုင်ကလုံး,1,0.00%,PESTI:1,PESTI:100.00%
ဆိုင်ပမာသရင်,1,0.00%,PESTI:1,PESTI:100.00%
ဆိုင်မောက်,1,0.00%,FUNG:1,FUNG:100.00%
ဆိုင်လာပိုးသတ်ဆေး,1,0.00%,PESTI:1,PESTI:100.00%
ဆိုင်ဟာလိုဖော့ဘျူတိုင်း,1,0.00%,HERB:1,HERB:100.00%
ဆိုင်းတွဲဆေးရည်ပြင်း,1,0.00%,PESTI:1,PESTI:100.00%
ဆိုင်းလစ်,1,0.00%,PEST:1,PEST:100.00%
ဆိုလ,1,0.00%,TIME:1,TIME:100.00%
ဆိုလာအင်နာဂျီဖြင့်အပူပေးခြင်း,1,0.00%,METHOD:1,METHOD:100.00%
ဆိုလူဖိဒ်,1,0.00%,FERT:1,FERT:100.00%
ဆီစွန်င်းရောဂါ,1,0.00%,DIS:1,DIS:100.00%
ဆီစွန်းရိုးမဲ,1,0.00%,DIS:1,DIS:100.00%
ဆီဗင်,1,0.00%,PESTI:1,PESTI:100.00%
ဆီမစ်,1,0.00%,ORG:1,ORG:100.00%
ဆီရာစန်,1,0.00%,FUNG:1,FUNG:100.00%
ဆီးနှင်းဒဏ်,1,0.00%,ABIOD:1,ABIOD:100.00%
ဆီးနှင်းဒါဏ်,1,0.00%,ABIOD:1,ABIOD:100.00%
ဆီးသီးထိုးယင်,1,0.00%,PEST:1,PEST:100.00%
ဆူဒိုမိုးနပ်စ်ဖလော်ရပ်ဆင့်,1,0.00%,FUNG:1,FUNG:100.00%
ဆူပုတ်,1,0.00%,CROP:1,CROP:100.00%
ဆူးပုပ်နဲ့,1,0.00%,CROP:1,CROP:100.00%
ဆူးပုပ်ပင်,1,0.00%,CROP:1,CROP:100.00%
ဆောင်းမြေပဲ,1,0.00%,VAR:1,VAR:100.00%
ဆောင်းရာသီအကုန်,1,0.00%,TIME:1,TIME:100.00%
ဆောင်းဦးပေါက်,1,0.00%,SEASON:1,SEASON:100.00%
ဆေးစိမ်,1,0.00%,FARM_OP:1,FARM_OP:100.00%
ဆေးတစ်မျိုးမျိုးကိုအပင်ခြေ,1,0.00%,CROP_PART:1,CROP_PART:100.00%
ဆေးတစ်မျိုးမျိုးကို၇ရက်,1,0.00%,PERIOD:1,PERIOD:100.00%
ဆေးဖိစီးမှုဒဏ်,1,0.00%,ABIOD:1,ABIOD:100.00%
ဆေးဖျန်းခေါင်း,1,0.00%,EQUIP:1,EQUIP:100.00%
ဆေးဖျန်းစက်,1,0.00%,EQUIP:1,EQUIP:100.00%
ဆေးဖျန်းတစ်ပုံး,1,0.00%,EQUIP:1,EQUIP:100.00%
ဆေးဖျန်းပက်,1,0.00%,FARM_OP:1,FARM_OP:100.00%
ဆေးဖျန်းသူ,1,0.00%,EQUIP:1,EQUIP:100.00%
ဆေးဖြန်းပုန်း,1,0.00%,EQUIP:1,EQUIP:100.00%
ဆေးများပက်ဖျန်း,1,0.00%,FARM_OP:1,FARM_OP:100.00%
ဆေးရည်စိမ်ခြင်း,1,0.00%,FARM_OP:1,FARM_OP:100.00%
ဆေးရွက်ကြီးဆေး,1,0.00%,PESTI:1,PESTI:100.00%
ဆေးရွက်ကြီးပိုးသတ်ဆေးရည်,1,0.00%,PESTI:1,PESTI:100.00%
ဆေးရွက်ကြီးအရည်,1,0.00%,PESTI:1,PESTI:100.00%
ဆံမြိတ်,1,0.00%,CROP_PART:1,CROP_PART:100.00%
ဆွပေး,1,0.00%,FARM_OP:1,FARM_OP:100.00%
ဆွေး,1,0.00%,SYM:1,SYM:100.00%
ဆွဲဆန့်ဆေး,1,0.00%,NUT:1,NUT:100.00%
ဆွဲနုတ်ခြင်း,1,0.00%,FARM_OP:1,FARM_OP:100.00%
ဇကာကွက်,1,0.00%,SYM:1,SYM:100.00%
ဇကာစိမ်း,1,0.00%,EQUIP:1,EQUIP:100.00%
ဇင့်ဆာလဖိတ်,1,0.00%,NUT:1,NUT:100.00%
ဇင့်,1,0.00%,NUT:1,NUT:100.00%
ဇလုပ်-၁,1,0.00%,VAR:1,VAR:100.00%
ဇလုပ်-၂,1,0.00%,VAR:1,VAR:100.00%
ဇလုပ်-၃,1,0.00%,VAR:1,VAR:100.00%
ဇလုပ်-၄,1,0.00%,VAR:1,VAR:100.00%
ဇလုပ်ဂျုံ,1,0.00%,VAR:1,VAR:100.00%
ဇလုပ်ဖြူ-၁,1,0.00%,VAR:1,VAR:100.00%
ဇလုပ်ဖြူ-၄,1,0.00%,VAR:1,VAR:100.00%
ဇီဇဝါ,1,0.00%,CROP:1,CROP:100.00%
ဇီယာစေ့ပင်,1,0.00%,CROP:1,CROP:100.00%
ဇီလီယန်ကွန်ပေါင်း,1,0.00%,FERT:1,FERT:100.00%
ဇီလီယန်ကွန်ပေါင်းမြေသြဇာ,1,0.00%,FERT:1,FERT:100.00%
ဇီဝစူပါ,1,0.00%,FERT:1,FERT:100.00%
ဇီဝပစ္စည်း,1,0.00%,NUT:1,NUT:100.00%
ဇီဝမြေသြဇာ,1,0.00%,FERT:1,FERT:100.00%
ဇီးချိုင့်ရွာ,1,0.00%,LOC:1,LOC:100.00%
ဇီးနက်,1,0.00%,FUNG:1,FUNG:100.00%
ဇီးဝမီးစုံး,1,0.00%,FERT:1,FERT:100.00%
ဇီးသီး,1,0.00%,CROP:1,CROP:100.00%
ဇူးကီးနီ,1,0.00%,CROP:1,CROP:100.00%
ဇေယျာဝတီ,1,0.00%,LOC:1,LOC:100.00%
ဇော်ဝါ,1,0.00%,CROP:1,CROP:100.00%
ဈေးများသည်တင်း၁၀ဝလျှင်ကျပ်,1,0.00%,PRICE:1,PRICE:100.00%
ညနေချိန်,1,0.00%,TIME:1,TIME:100.00%
ညနေစောင်း,1,0.00%,TIME:1,TIME:100.00%
ညနေစောစော,1,0.00%,TIME:1,TIME:100.00%
ညိုခြင်း,1,0.00%,SYM:1,SYM:100.00%
ညိုညိုအကွက်,1,0.00%,SYM:1,SYM:100.00%
ညိုမဲခြောက်,1,0.00%,SYM:1,SYM:100.00%
ညိုးပြီးသေ,1,0.00%,SYM:1,SYM:100.00%
ညိုးသေရောဂါ,1,0.00%,DIS:1,DIS:100.00%
ညိုးသွား,1,0.00%,SYM:1,SYM:100.00%
ညိုးသွားတာ,1,0.00%,SYM:1,SYM:100.00%
ညောင်နှစ်ပင်,1,0.00%,LOC:1,LOC:100.00%
ညောင်ပင်သာ,1,0.00%,LOC:1,LOC:100.00%
ညွန့်ထိုးပိုးနှင့်သီးထိုးပိုး,1,0.00%,PEST:1,PEST:100.00%
ညှပ်ထုတ်,1,0.00%,FARM_OP:1,FARM_OP:100.00%
ညှိုးကျ,1,0.00%,SYM:1,SYM:100.00%
ညှိုးခြင်း,1,0.00%,SYM:1,SYM:100.00%
ညှိုးခြောက်နေတဲ့အရွက်,1,0.00%,SYM:1,SYM:100.00%
ညှိုးနွမ်း,1,0.00%,SYM:1,SYM:100.00%
ညှိုးနွမ်းမှု,1,0.00%,SYM:1,SYM:100.00%
ညှိုးရောဂါ,1,0.00%,DIS:1,DIS:100.00%
ညှိုးသေ,1,0.00%,SYM:1,SYM:100.00%
ညှိုးသေရောဂါ,1,0.00%,DIS:1,DIS:100.00%
တကတ်,1,0.00%,FUNG:1,FUNG:100.00%
တကီလို,1,0.00%,QTY:1,QTY:100.00%
တကောင်းတောင်,1,0.00%,LOC:1,LOC:100.00%
တက်ကွက်,1,0.00%,WEED:1,WEED:100.00%
တက်ဆီယမ်မြေဩဇာ,1,0.00%,FERT:1,FERT:100.00%
တက်ဗျူကိုနာဇိုးလ်,1,0.00%,FUNG:1,FUNG:100.00%
တကြိမ်‌,1,0.00%,COUNT:1,COUNT:100.00%
တကြီမ်,1,0.00%,COUNT:1,COUNT:100.00%
တခါ,1,0.00%,COUNT:1,COUNT:100.00%
တချို့အပင်များသေ,1,0.00%,SYM:1,SYM:100.00%
တခြမ်းမဲပီးခြောက်,1,0.00%,SYM:1,SYM:100.00%
တဂါလံ,1,0.00%,QTY:1,QTY:100.00%
တင်းကျပ်စွာချည်နှောင်,1,0.00%,FARM_OP:1,FARM_OP:100.00%
တင်းဝက်,1,0.00%,QTY:1,QTY:100.00%
တင်း၄၀,1,0.00%,YIELD:1,YIELD:100.00%
တစ်ကိုင်းကိုလေးပွင့်,1,0.00%,YIELD:1,YIELD:100.00%
တစ်ကီလို,1,0.00%,QTY:1,QTY:100.00%
တစ်ကီလိုဂရမ်,1,0.00%,QTY:1,QTY:100.00%
တစ်ကြိမ်ကျွေးပြီးပါပြီအခုပွင့်သီးတင်,1,0.00%,FERT:1,FERT:100.00%
တစ်ကြိမ်နှစ်ကြိမ်,1,0.00%,COUNT:1,COUNT:100.00%
တစ်ကြိမ်ဖျန်းပေးနိုင်ရင်လုံလောက်ပြီလားဘာတွေလိုအပ်ဦးမလဲ,1,0.00%,PERIOD:1,PERIOD:100.00%
တစ်ကြိမ်‌,1,0.00%,COUNT:1,COUNT:100.00%
တစ်ကြောင်း,1,0.00%,COUNT:1,COUNT:100.00%
တစ်ခင်း,1,0.00%,COUNT:1,COUNT:100.00%
တစ်ဂါလန်,1,0.00%,QTY:1,QTY:100.00%
တစ်စင်တီမီတာ,1,0.00%,DIST:1,DIST:100.00%
တစ်စိပ်,1,0.00%,QTY:1,QTY:100.00%
တစ်ဆယ်မီတာ,1,0.00%,DIST:1,DIST:100.00%
တစ်ဇွန်းခွဲ,1,0.00%,QTY:1,QTY:100.00%
တစ်ည,1,0.00%,PERIOD:1,PERIOD:100.00%
တစ်တင်းဈေး၁၂၀၀,1,0.00%,PRICE:1,PRICE:100.00%
တစ်တင်း၉သောင်းကျပ်,1,0.00%,PRICE:1,PRICE:100.00%
တစ်တိုင်,1,0.00%,COUNT:1,COUNT:100.00%
တစ်တောင်,1,0.00%,DIST:1,DIST:100.00%
တစ်ထုတ်,1,0.00%,COUNT:1,COUNT:100.00%
တစ်ထောင်,1,0.00%,COUNT:1,COUNT:100.00%
တစ်နိုင်တစ်ပိုင်မျိုးစေ့ထုတ်လုပ်ခြင်း,1,0.00%,FARM_OP:1,FARM_OP:100.00%
တစ်နုစ်,1,0.00%,PERIOD:1,PERIOD:100.00%
တစ်နေ့တစ်ခါ,1,0.00%,PERIOD:1,PERIOD:100.00%
တစ်နေ့ပျမ်းမျှအထွက်နှုန်း၁ကီလိုဂရမ်,1,0.00%,YIELD:1,YIELD:100.00%
တစ်နှစ်တစ်ကြိမ်,1,0.00%,PERIOD:1,PERIOD:100.00%
တစ်နှစ်တာ,1,0.00%,PERIOD:1,PERIOD:100.00%
တစ်နှစ်အကြာ,1,0.00%,PERIOD:1,PERIOD:100.00%
တစ်ပင်ခြင်းပြုစု,1,0.00%,FARM_OP:1,FARM_OP:100.00%
တစ်ပင်နှုန်း,1,0.00%,COUNT:1,COUNT:100.00%
တစ်ပတ်စာ,1,0.00%,PERIOD:1,PERIOD:100.00%
တစ်ပတ်တစ်ကြိမ်,1,0.00%,PERIOD:1,PERIOD:100.00%
တစ်ပတ်တစ်ခါ,1,0.00%,PERIOD:1,PERIOD:100.00%
တစ်ပတ်သား,1,0.00%,PERIOD:1,PERIOD:100.00%
တစ်ပုန်း,1,0.00%,COUNT:1,COUNT:100.00%
တစ်ပုံးကို4+4နှုန်း,1,0.00%,QTY:1,QTY:100.00%
တစ်ပွင့်,1,0.00%,COUNT:1,COUNT:100.00%
တစ်ဖက်,1,0.00%,COUNT:1,COUNT:100.00%
တစ်ဖူး,1,0.00%,COUNT:1,COUNT:100.00%
တစ်ဘူး,1,0.00%,COUNT:1,COUNT:100.00%
တစ်ရက်နှစ်ကြိမ်,1,0.00%,PERIOD:1,PERIOD:100.00%
တစ်ရာ့နှစ်ဆယ်,1,0.00%,PERIOD:1,PERIOD:100.00%
တစ်ရှူးသားကတွန့်,1,0.00%,SYM:1,SYM:100.00%
တစ်ရှူးသားများညှိုးခြောက်တွန့်လိမ်သွား,1,0.00%,SYM:1,SYM:100.00%
တစ်လတစ်ကြိမ်,1,0.00%,PERIOD:1,PERIOD:100.00%
တစ်သောင်း,1,0.00%,COUNT:1,COUNT:100.00%
တစ်သျှူး,1,0.00%,VAR:1,VAR:100.00%
တစ်ဟက်တာတွင်၃-၁၀တန်,1,0.00%,YIELD:1,YIELD:100.00%
တစ်အိပ်,1,0.00%,COUNT:1,COUNT:100.00%
တစ်အုံ,1,0.00%,COUNT:1,COUNT:100.00%
တစ်ဥချင်းစီ,1,0.00%,CROP_PART:1,CROP_PART:100.00%
တစ်ဦး,1,0.00%,COUNT:1,COUNT:100.00%
တစ်ဧကကို50ကီလိုတစ်အိတ်,1,0.00%,QTY:1,QTY:100.00%
တစ်ဧကကို၃တင်း၄တင်း,1,0.00%,YIELD:1,YIELD:100.00%
တစ်ဧကစိုက်ပျိုး,1,0.00%,FARM_OP:1,FARM_OP:100.00%
တစ်ဧကတင်း၅၀ကျော်,1,0.00%,YIELD:1,YIELD:100.00%
တစ်ဧကတွင်အပင်ဦးရေတစ်သိန်း,1,0.00%,YIELD:1,YIELD:100.00%
တစ်ဧကပေါ်မှ၂.၉တန်,1,0.00%,YIELD:1,YIELD:100.00%
တစ်ဧကမှာအစေ့၂၀-၃၅တင်း,1,0.00%,YIELD:1,YIELD:100.00%
တစ်ဧကလျှင်(၆)ပိဿာ,1,0.00%,QTY:1,QTY:100.00%
တစ်ဧကလျှင်(၈၀၀-၉၀၀)ပိဿာ,1,0.00%,YIELD:1,YIELD:100.00%
တစ်ဧကလျှင်ကြံတန်(၇)တန်,1,0.00%,YIELD:1,YIELD:100.00%
တစ်ဧကလျှင်ဂါလံ၂၀,1,0.00%,QTY:1,QTY:100.00%
တစ်ဧကလျှင်ဆယ်တန်မှဆယ့်နှစ်တန်ထိ,1,0.00%,QTY:1,QTY:100.00%
တစ်ဧကလျှင်နွားချေးတန်(၂၀)မှ(၃၀)ထိ,1,0.00%,QTY:1,QTY:100.00%
တစ်ဧကလျှင်မစိုက်ပျိုးခင်နှစ်ပတ်စော၍ဆယ့်နှစ်တန်မှဆယ့်သုံးတန်ထိ,1,0.00%,QTY:1,QTY:100.00%
တစ်ဧကလျှင်လေးတန်မှလေးတန်ခွဲအခြောက်ခံလျှင်ကျန်သောအသားတင်အထွက်နှုန်းမှာနှစ်တန်ပိုပိုထွက်ရှိသည်,1,0.00%,YIELD:1,YIELD:100.00%
တစ်ဧက၁၃၆၀ပင်,1,0.00%,YIELD:1,YIELD:100.00%
တစ်ဧက၁၅တင်း,1,0.00%,YIELD:1,YIELD:100.00%
တစ်ဧက၄၄မှ၄၅တင်း,1,0.00%,YIELD:1,YIELD:100.00%
တစ်ဧက၄၈ပင်,1,0.00%,YIELD:1,YIELD:100.00%
တစ်ဧက၆ပိဿာ,1,0.00%,QTY:1,QTY:100.00%
တဆင့်,1,0.00%,COUNT:1,COUNT:100.00%
တညင်းကြီး,1,0.00%,VAR:1,VAR:100.00%
တည်ထောင်စိုက်ပျိုး,1,0.00%,FARM_OP:1,FARM_OP:100.00%
တည်သီးပင်ညိုးရောဂါ,1,0.00%,DIS:1,DIS:100.00%
တတောင်,1,0.00%,DIST:1,DIST:100.00%
တထုပ်,1,0.00%,COUNT:1,COUNT:100.00%
တန်ဂရိုဗိုင်းရပ်,1,0.00%,DIS:1,DIS:100.00%
တန်ငါးဆယ်,1,0.00%,QTY:1,QTY:100.00%
တန်ဆောင်မုန်း,1,0.00%,TIME:1,TIME:100.00%
တန်ပူရာ,1,0.00%,FOOD:1,FOOD:100.00%
တန်သုံးဆယ်,1,0.00%,QTY:1,QTY:100.00%
တန်းကြားစိုက်စနစ်,1,0.00%,METHOD:1,METHOD:100.00%
တန်းစိုက်စနစ်,1,0.00%,METHOD:1,METHOD:100.00%
တန်၂၀,1,0.00%,QTY:1,QTY:100.00%
တနှစ်,1,0.00%,PERIOD:1,PERIOD:100.00%
တပတ်,1,0.00%,PERIOD:1,PERIOD:100.00%
တပါတ်,1,0.00%,PERIOD:1,PERIOD:100.00%
တပေပတ်လည်,1,0.00%,DIST:1,DIST:100.00%
တဗူး,1,0.00%,COUNT:1,COUNT:100.00%
တမန်း,1,0.00%,SOIL_TYPE:1,SOIL_TYPE:100.00%
တမန်းပူ,1,0.00%,DIS:1,DIS:100.00%
တမန်းပူလောင်,1,0.00%,DIS:1,DIS:100.00%
တမန်းပြုပြင်,1,0.00%,FARM_OP:1,FARM_OP:100.00%
တမန်းမွှေစက်,1,0.00%,EQUIP:1,EQUIP:100.00%
တမာကြိတ်ဖက်,1,0.00%,FERT:1,FERT:100.00%
တမာကြိတ်ဖတ်ရည်,1,0.00%,PESTI:1,PESTI:100.00%
တမာစေ့ဆီ,1,0.00%,PESTI:1,PESTI:100.00%
တမာဆေးဆီ,1,0.00%,PESTI:1,PESTI:100.00%
တမာဆေးရည်,1,0.00%,PESTI:1,PESTI:100.00%
တမာပိုးသတ်,1,0.00%,PESTI:1,PESTI:100.00%
တမာပိုးသတ်ဆး,1,0.00%,PESTI:1,PESTI:100.00%
တမာရွက်ပြုတ်ရည်,1,0.00%,PESTI:1,PESTI:100.00%
တရက်,1,0.00%,PERIOD:1,PERIOD:100.00%
တရုတ်ကန်စွန်း,1,0.00%,VAR:1,VAR:100.00%
တရုတ်တောင်ပိုင်း,1,0.00%,LOC:1,LOC:100.00%
တရွင်း,1,0.00%,EQUIP:1,EQUIP:100.00%
တလင်းသို့သယ်ယူခြင်း,1,0.00%,FARM_OP:1,FARM_OP:100.00%
တလိုင်းခေါင်းမြက်,1,0.00%,WEED:1,WEED:100.00%
တလီ,1,0.00%,QTY:1,QTY:100.00%
တဝက်,1,0.00%,QTY:1,QTY:100.00%
တာပေါ်လင်,1,0.00%,EQUIP:1,EQUIP:100.00%
တာဖြစ်နိုင်ပါတယ်၊မှိုဆေးဖျန်း,1,0.00%,FARM_OP:1,FARM_OP:100.00%
တာယာကုမ္ပဏီ,1,0.00%,ORG:1,ORG:100.00%
တိရစ္ဆာန်ချေး,1,0.00%,FERT:1,FERT:100.00%
တိရိစ္ဆာန်အညစ်အကြေး,1,0.00%,FERT:1,FERT:100.00%
တိုက်နှင့်မြောက်အမေရိက,1,0.00%,LOC:1,LOC:100.00%
တိုက်ရိုက်နေရောင်ခြည်မရ,1,0.00%,WEATHER:1,WEATHER:100.00%
တိုက်ရိုက်မျိုးစေ့ချစနစ်,1,0.00%,METHOD:1,METHOD:100.00%
တိုက်ရိုက်မျိုးစေ့ချစပါးခင်း,1,0.00%,LOC:1,LOC:100.00%
တိုရှည်စွန်း,1,0.00%,CROP_PART:1,CROP_PART:100.00%
တို့စရာ,1,0.00%,FOOD:1,FOOD:100.00%
တို့အတွက်သင့်တော်ပါတယ်၊လက်ဖက်အခြောက်ကိုကြိတ်ပြီးအပင်ခြေ,1,0.00%,CROP_PART:1,CROP_PART:100.00%
တိုးရှည်စွန်း,1,0.00%,CROP_PART:1,CROP_PART:100.00%
တီကျစ်စာမြေဆွေး,1,0.00%,FERT:1,FERT:100.00%
တီစူပါဓာတ်မြေဩဇာ,1,0.00%,FERT:1,FERT:100.00%
တီးလက်စ်,1,0.00%,FUNG:1,FUNG:100.00%
တုံးလုံးစိုက်နည်း,1,0.00%,METHOD:1,METHOD:100.00%
တူ,1,0.00%,EQUIP:1,EQUIP:100.00%
တူးဆွနှုတ်ယူ,1,0.00%,FARM_OP:1,FARM_OP:100.00%
တူးရွင်း,1,0.00%,EQUIP:1,EQUIP:100.00%
တေရွက်ဖျန်း,1,0.00%,FARM_OP:1,FARM_OP:100.00%
တောက်တဲ့ပြောက်ရောဂါ,1,0.00%,DIS:1,DIS:100.00%
တောက်တဲ့မီးရောဂါ,1,0.00%,DIS:1,DIS:100.00%
တောက်တဲ့မြီးရောဂါ,1,0.00%,DIS:1,DIS:100.00%
တောင်ကိုးရီးယား,1,0.00%,LOC:1,LOC:100.00%
တောင်ပေါ်တညင်း,1,0.00%,VAR:1,VAR:100.00%
တောင်ပေါ်ဒေသ,1,0.00%,LOC:1,LOC:100.00%
တောင်ပျံစပါး,1,0.00%,VAR:1,VAR:100.00%
တောင်ယာစပါး,1,0.00%,CROP:1,CROP:100.00%
တောင်သူ,1,0.00%,PER:1,PER:100.00%
တောင့်,1,0.00%,CROP_PART:1,CROP_PART:100.00%
တောစံပယ်,1,0.00%,CROP:1,CROP:100.00%
တောနစ်အပင်,1,0.00%,NUT:1,NUT:100.00%
တော့ပ်စင်,1,0.00%,FUNG:1,FUNG:100.00%
တဲ့နေရာဒေသကနေလာတဲ့အပင်တွေဖြစ်တာကြောင့်ပူနွေး,1,0.00%,WEATHER:1,WEATHER:100.00%
တံခါး,1,0.00%,EQUIP:1,EQUIP:100.00%
တံချူတံ,1,0.00%,EQUIP:1,EQUIP:100.00%
တံခွန်ဖြူ,1,0.00%,VAR:1,VAR:100.00%
တွင်ပင်ခြားတန်းခြား,1,0.00%,METHOD:1,METHOD:100.00%
တွင်ပုလဲ,1,0.00%,FERT:1,FERT:100.00%
တွင်ယာ-၁၊ယာ-၂၊ယာ-၃၊ယာ-၄၊ယာ-၅၊ယာ-၆၊ယာ-၇၊ယာ-၈၊ယာ-၂ထွန်း,1,0.00%,VAR:1,VAR:100.00%
တွန့်,1,0.00%,SYM:1,SYM:100.00%
တွန့်နေ,1,0.00%,SYM:1,SYM:100.00%
တွန့်လိပ်တာ,1,0.00%,SYM:1,SYM:100.00%
တွန့်လိမ်လာခြင်း,1,0.00%,SYM:1,SYM:100.00%
တွန့်,1,0.00%,SYM:1,SYM:100.00%
တွန့်လိမ့်,1,0.00%,SYM:1,SYM:100.00%
တွေထဲရေဝင်ကာမြန်မြန်သက်တမ်းကုန်စေတာမို့စစိုက်,1,0.00%,FARM_OP:1,FARM_OP:100.00%
တွေဓာတ်မြေဩဇာ,1,0.00%,FERT:1,FERT:100.00%
ထည့်သွင်းခြင်း,1,0.00%,FARM_OP:1,FARM_OP:100.00%
ထမင်းပေါင်း,1,0.00%,FOOD:1,FOOD:100.00%
ထယ်(၂)စပ်ထိုး,1,0.00%,FARM_OP:1,FARM_OP:100.00%
ထယ်ထိုးမြေပြင်,1,0.00%,FARM_OP:1,FARM_OP:100.00%
ထယ်ထိုးမြေမြှုပ်,1,0.00%,FARM_OP:1,FARM_OP:100.00%
ထယ်နှစ်စပ်ထိုး,1,0.00%,FARM_OP:1,FARM_OP:100.00%
ထယ်ရေးနက်နက်,1,0.00%,FARM_OP:1,FARM_OP:100.00%
ထယ်ရေးမဲ့စနစ်,1,0.00%,METHOD:1,METHOD:100.00%
ထယ်ရေးမဲ့စိုက်ပျိုးရေး,1,0.00%,METHOD:1,METHOD:100.00%
ထရိုဂိုဒါးမား,1,0.00%,FERT:1,FERT:100.00%
ထရိုင်ကိုပါဝါအော်ဂဲနစ်ရွက်ဖြန်းမြေဩဇာ,1,0.00%,FERT:1,FERT:100.00%
ထရိုင်က်ုဒါးမား,1,0.00%,FUNG:1,FUNG:100.00%
ထရိုင်ခိုဒါးမား,1,0.00%,PATH:1,PATH:100.00%
ထရိုင်ဂိုဒဂါးမား,1,0.00%,FUNG:1,FUNG:100.00%
ထရိုင်ဆိုက်ကလာဇိုး,1,0.00%,FUNG:1,FUNG:100.00%
ထရိုင်ဆိုင်ကလာဇိုး,1,0.00%,FUNG:1,FUNG:100.00%
ထားသိုခြင်း,1,0.00%,FARM_OP:1,FARM_OP:100.00%
ထိန်းသိမ်းစိုက်ပျိုး,1,0.00%,FARM_OP:1,FARM_OP:100.00%
ထိန်းသိမ်းပြုစုမွေးမြူ,1,0.00%,FARM_OP:1,FARM_OP:100.00%
ထိပ်တုံး,1,0.00%,SYM:1,SYM:100.00%
ထိပ်ပိုင်း,1,0.00%,CROP_PART:1,CROP_PART:100.00%
ထိပ်ဖူး,1,0.00%,CROP_PART:1,CROP_PART:100.00%
ထိပ်ဖျားဖူး,1,0.00%,CROP_PART:1,CROP_PART:100.00%
ထိပ်မောက်,1,0.00%,VAR:1,VAR:100.00%
ထိုင်ဝမ်ကန်စွန်း,1,0.00%,CROP:1,CROP:100.00%
ထိုင်းနှံကောက်,1,0.00%,VAR:1,VAR:100.00%
ထို့ထက်ဆိုးသည်ကဓာတ်မြေဩဇာ,1,0.00%,FERT:1,FERT:100.00%
ထိုးဖျန်း,1,0.00%,FARM_OP:1,FARM_OP:100.00%
ထုတ်လုပ်ခြင်း,1,0.00%,FARM_OP:1,FARM_OP:100.00%
ထုတ်လုပ်စိုက်ပျိုး,1,0.00%,FARM_OP:1,FARM_OP:100.00%
ထုတ်လုပ်နိုင်ခြင်း,1,0.00%,FARM_OP:1,FARM_OP:100.00%
ထုပ်ပိုးခြင်း,1,0.00%,FARM_OP:1,FARM_OP:100.00%
ထုံးထည့်မြေပြင်,1,0.00%,FARM_OP:1,FARM_OP:100.00%
ထုံးဒတ္ထာကို,1,0.00%,FUNG:1,FUNG:100.00%
ထောက်တိုင်ထောက်ပေးခြင်း,1,0.00%,FARM_OP:1,FARM_OP:100.00%
ထောင့်ကွက်ရွက်ပြောက်ရောဂါ,1,0.00%,DIS:1,DIS:100.00%
ထောင်ချောက်ကပ်ခွပ်ဆေးရည်ထောင်ချောက်,1,0.00%,EQUIP:1,EQUIP:100.00%
ထောင်ချောက်သီးနှံ,1,0.00%,METHOD:1,METHOD:100.00%
ထောပတ်ပဲဖြူ,1,0.00%,CROP:1,CROP:100.00%
ထောပတ်ပဲသီး,1,0.00%,CROP:1,CROP:100.00%
ထဲသို့နို့ဆီဗူး,1,0.00%,QTY:1,QTY:100.00%
ထဲ၂ရက်,1,0.00%,PERIOD:1,PERIOD:100.00%
ထွန်ယက်စိုက်ပျိုး,1,0.00%,FARM_OP:1,FARM_OP:100.00%
ထွန်ရေးညက်ညက်,1,0.00%,FARM_OP:1,FARM_OP:100.00%
ထွန်ရေးပြုပြင်,1,0.00%,FARM_OP:1,FARM_OP:100.00%
ထွန်ရေးမဲ့နည်း,1,0.00%,METHOD:1,METHOD:100.00%
ထွန်ဝင်,1,0.00%,FARM_OP:1,FARM_OP:100.00%
ထွားကျိုင်း,1,0.00%,SYM:1,SYM:100.00%
ဒက်နွိုင်း,1,0.00%,FUNG:1,FUNG:100.00%
ဒတ်ချ်ကိုလိုနီခေတ်ကာလက,1,0.00%,TIME:1,TIME:100.00%
ဒန့်သလွန်,1,0.00%,CROP:1,CROP:100.00%
ဒန့်သလွန်အစေ့,1,0.00%,SEED:1,SEED:100.00%
ဒဗလယ်,1,0.00%,PESTI:1,PESTI:100.00%
ဒဗလျူပီ,1,0.00%,FUNG:1,FUNG:100.00%
ဒမ်ဒရိုဗီယမ်,1,0.00%,VAR:1,VAR:100.00%
ဒါကိုနေး,1,0.00%,FUNG:1,FUNG:100.00%
ဒါကြောင့်မို့လို့,1,0.00%,FARM_OP:1,FARM_OP:100.00%
ဒိုင်ကလိုဗော့,1,0.00%,PESTI:1,PESTI:100.00%
ဒိုင်ဇီး,1,0.00%,FUNG:1,FUNG:100.00%
ဒိုင်ဒီမဲလာလိုင်ပာစကိုပီ,1,0.00%,PATH:1,PATH:100.00%
ဒိုင်နိုတီဖြူရန်,1,0.00%,PESTI:1,PESTI:100.00%
ဒိုင်ဖန်နို,1,0.00%,FUNG:1,FUNG:100.00%
ဒိုင်မိသိုမော့,1,0.00%,FUNG:1,FUNG:100.00%
ဒိုင်မိသိုအိတ်,1,0.00%,PESTI:1,PESTI:100.00%
ဒိုင်မီသ်ုမော့,1,0.00%,FUNG:1,FUNG:100.00%
ဒိုင်လေးဆိုင်လာ,1,0.00%,PESTI:1,PESTI:100.00%
ဒိုင်သိမ်းဇက်-၇၈,1,0.00%,FUNG:1,FUNG:100.00%
ဒိုင်သိမ်းအမ်-၄၅,1,0.00%,FUNG:1,FUNG:100.00%
ဒိုလိုမိုက်,1,0.00%,FERT:1,FERT:100.00%
ဒို့ဦးလေး,1,0.00%,PER:1,PER:100.00%
ဒီစစ်ပိုးသတ်ဆေး,1,0.00%,PESTI:1,PESTI:100.00%
ဒီဆစ်,1,0.00%,PESTI:1,PESTI:100.00%
ဒီတက်,1,0.00%,PESTI:1,PESTI:100.00%
ဒီဒီတီ,1,0.00%,PESTI:1,PESTI:100.00%
ဒီပါ၄၆ဂျီ,1,0.00%,PESTI:1,PESTI:100.00%
ဒီမင်း,1,0.00%,HERB:1,HERB:100.00%
ဒုတ္ထာဆေး,1,0.00%,FUNG:1,FUNG:100.00%
ဒူးရင်းသီး,1,0.00%,CROP:1,CROP:100.00%
ဒေါက်တာဘင်းရွက်ဖျန်,1,0.00%,NUT:1,NUT:100.00%
ဒေါင့်ကွက်ရောဂါ,1,0.00%,DIS:1,DIS:100.00%
ဒေါင်လိုက်စိုက်,1,0.00%,FARM_OP:1,FARM_OP:100.00%
ဒေါင့်ကွက်ရောဂါ,1,0.00%,DIS:1,DIS:100.00%
ဒေါင်းနည်းရွက်ခြောက်,1,0.00%,DIS:1,DIS:100.00%
ဒေါင်းနီးမှိုရွက်ခြောက်ရောဂါ,1,0.00%,DIS:1,DIS:100.00%
ဒေါင်းနီးရောဂါ,1,0.00%,DIS:1,DIS:100.00%
ဒေါင်းနီးရွက်ခြောက်,1,0.00%,DIS:1,DIS:100.00%
ဒေါင်းနီးရွင်ခြောက်ရောဂါ,1,0.00%,DIS:1,DIS:100.00%
ဒေါင်းမီးပျံမြက်,1,0.00%,WEED:1,WEED:100.00%
ဒေါင်းမြီးပျံ,1,0.00%,PEST:1,PEST:100.00%
ဒေါင်းမှီပျံ,1,0.00%,WEED:1,WEED:100.00%
ဒေါ်လာ၂ရာ,1,0.00%,PRICE:1,PRICE:100.00%
ဒေါ်လာ၃ရာ,1,0.00%,PRICE:1,PRICE:100.00%
ဒေါ်လာ၅၀ဝ,1,0.00%,PRICE:1,PRICE:100.00%
ဓာတုကင်းလွတ်မြေဩဇာ,1,0.00%,FERT:1,FERT:100.00%
ဓာတုမြေဩဇာ,1,0.00%,FERT:1,FERT:100.00%
ဓာတ်ခွဲ,1,0.00%,FARM_OP:1,FARM_OP:100.00%
ဓာတ်မြေသြဇာကျွေး,1,0.00%,FARM_OP:1,FARM_OP:100.00%
ဓာတ်မြေဩဇာထည့်သွင်းခြင်း,1,0.00%,FARM_OP:1,FARM_OP:100.00%
နဂါမောက်သီး,1,0.00%,CROP:1,CROP:100.00%
နည်းစနစ်ကိုထိုအကွက်တွင်နှစ်စဉ်နှစ်တိုင်းဆက်လက်ကျင့်သုံးမည်ဆိုပါကတဖြည်းဖြည်းနှင့်ဓာတ်မြေဩဇာ,1,0.00%,FERT:1,FERT:100.00%
နည်းစနစ်တွင်သဘာဝမြေဩဇာ,1,0.00%,FERT:1,FERT:100.00%
နည်းဥအတက်,1,0.00%,CROP_PART:1,CROP_PART:100.00%
နတ်ဆေး,1,0.00%,PESTI:1,PESTI:100.00%
နန်းတော်မှိုင်း,1,0.00%,CROP:1,CROP:100.00%
နနွင်းမှို,1,0.00%,DIS:1,DIS:100.00%
နဘေထပ်ချ,1,0.00%,METHOD:1,METHOD:100.00%
နာနတ်ပင်,1,0.00%,CROP:1,CROP:100.00%
နာရီဝက်ခန့်,1,0.00%,PERIOD:1,PERIOD:100.00%
နိုက်တြိုဂျင်ဓါတ်,1,0.00%,NUT:1,NUT:100.00%
နိုက်ထရိုဂျင်46,1,0.00%,FERT:1,FERT:100.00%
နိုက်ထရိုင်ဂျင်,1,0.00%,NUT:1,NUT:100.00%
နိုက်ထရိုဖိနော,1,0.00%,NUT:1,NUT:100.00%
နိုက်ထရိုဖီနောလ်,1,0.00%,FERT:1,FERT:100.00%
နိုင်တြိုဂျင်,1,0.00%,NUT:1,NUT:100.00%
နို့,1,0.00%,FOOD:1,FOOD:100.00%
နို့ဆီဗူးတစ်လုံးမှ၂လုံး,1,0.00%,QTY:1,QTY:100.00%
နိုးဝမ်း,1,0.00%,PESTI:1,PESTI:100.00%
နီညိုရောင်အကွက်,1,0.00%,SYM:1,SYM:100.00%
နီမတုပ်ကောင်,1,0.00%,PATH:1,PATH:100.00%
နီမတုပ်ရောဂါ,1,0.00%,DIS:1,DIS:100.00%
နီရဲ,1,0.00%,SYM:1,SYM:100.00%
နုစ်ဆ,1,0.00%,QTY:1,QTY:100.00%
နုန်းဆန်,1,0.00%,SOIL_TYPE:1,SOIL_TYPE:100.00%
နုန်းဆန်မြေ,1,0.00%,SOIL_TYPE:1,SOIL_TYPE:100.00%
နုန်းဆန်သောမြေ,1,0.00%,SOIL_TYPE:1,SOIL_TYPE:100.00%
နုန်းသဲမြေ,1,0.00%,SOIL_TYPE:1,SOIL_TYPE:100.00%
နုံးစနယ်မြေ,1,0.00%,SOIL_TYPE:1,SOIL_TYPE:100.00%
နူကုတ်,1,0.00%,SYM:1,SYM:100.00%
နေကြာရွက်ခြောက်ရောဂါ,1,0.00%,DIS:1,DIS:100.00%
နေရာရွေးချယ်ခြင်းပျိုးသက်ရက်အတွင်းရွှေ့ပြောင်းကောက်စိုက်,1,0.00%,FARM_OP:1,FARM_OP:100.00%
နေရောင်ခြည်တိုက်ရိုက်ထိတွေ့မှု,1,0.00%,WEATHER:1,WEATHER:100.00%
နေလှမ်းခြင်း,1,0.00%,FARM_OP:1,FARM_OP:100.00%
နေလှမ်းထားခြင်း,1,0.00%,FARM_OP:1,FARM_OP:100.00%
နေအရမ်းပူ,1,0.00%,WEATHER:1,WEATHER:100.00%
နေအေး,1,0.00%,WEATHER:1,WEATHER:100.00%
နောက်ချေး,1,0.00%,FERT:1,FERT:100.00%
နောက်ဆုံးပုံပဲပင်ပေါက်လေးတွေပါအရင်မိုးဦး,1,0.00%,TIME:1,TIME:100.00%
နေ့တာရှည်,1,0.00%,WEATHER:1,WEATHER:100.00%
နေ့လည်ပိုင်း,1,0.00%,TIME:1,TIME:100.00%
နေ့လယ်,1,0.00%,TIME:1,TIME:100.00%
နေ့လယ်ပိုင်း,1,0.00%,TIME:1,TIME:100.00%
နေ့အချိန်,1,0.00%,TIME:1,TIME:100.00%
နဲ့,1,0.00%,NUT:1,NUT:100.00%
နဲ့ဂျစ်ဆန်,1,0.00%,FERT:1,FERT:100.00%
နဲ့ဂျစ်ပ်ဆမ်း,1,0.00%,FERT:1,FERT:100.00%
နဲ့ငါးအမိုင်နို,1,0.00%,FERT:1,FERT:100.00%
နဲ့နိုက်ထရိုဖိနော,1,0.00%,NUT:1,NUT:100.00%
နဲ့ပိုက်တက်,1,0.00%,FERT:1,FERT:100.00%
နဲ့ရွှေမိုးပျံ,1,0.00%,FERT:1,FERT:100.00%
နဲ့သဘာဝဓာတ်မြေဩဇာ,1,0.00%,FERT:1,FERT:100.00%
နဲ့အနည်းလိုအဟာရပါ,1,0.00%,FARM_OP:1,FARM_OP:100.00%
နံစားပြောင်း,1,0.00%,CROP:1,CROP:100.00%
နံနက်(၉)နာရီ,1,0.00%,TIME:1,TIME:100.00%
နံနက်ခင်း,1,0.00%,TIME:1,TIME:100.00%
နံနက်စော,1,0.00%,TIME:1,TIME:100.00%
နံပါတ်(၁၁),1,0.00%,COUNT:1,COUNT:100.00%
နျူဗာကရွန်,1,0.00%,PESTI:1,PESTI:100.00%
နွန်းကျ,1,0.00%,SYM:1,SYM:100.00%
နွမ်း,1,0.00%,SYM:1,SYM:100.00%
နွမ်းပြီး,1,0.00%,SYM:1,SYM:100.00%
နွယ်သာကီ,1,0.00%,CROP:1,CROP:100.00%
နွားချေးခြောက်,1,0.00%,FERT:1,FERT:100.00%
နွားချေးဆွေးအရည်,1,0.00%,FERT:1,FERT:100.00%
နွားစားပြောင်း,1,0.00%,CROP:1,CROP:100.00%
နွေစပါး,1,0.00%,VAR:1,VAR:100.00%
နွေပြောင်း,1,0.00%,VAR:1,VAR:100.00%
နွေလယ်ပိုင်း,1,0.00%,SEASON:1,SEASON:100.00%
နွေးသမပိုင်းဒေသ,1,0.00%,LOC:1,LOC:100.00%
နွေးသောရာသီ,1,0.00%,WEATHER:1,WEATHER:100.00%
နွေးသောရာသီဥတု,1,0.00%,WEATHER:1,WEATHER:100.00%
နွေး၍,1,0.00%,WEATHER:1,WEATHER:100.00%
နှင့်ကြက်သောင်းမြက်,1,0.00%,WEED:1,WEED:100.00%
နှင့်နွေ,1,0.00%,SEASON:1,SEASON:100.00%
နှင့်ဖော့စဖိတ်,1,0.00%,FERT:1,FERT:100.00%
နှင့်ဘေးကြားအုပ်စု,1,0.00%,VAR:1,VAR:100.00%
နှင့်ရွက်ဖျန်း,1,0.00%,FERT:1,FERT:100.00%
နှင့်လယ်ပတော်မြက်,1,0.00%,WEED:1,WEED:100.00%
နှင့်အနည်းလိုအဟာရပါ,1,0.00%,FARM_OP:1,FARM_OP:100.00%
နှင့်အနည်းလိုအာဟာရ,1,0.00%,FARM_OP:1,FARM_OP:100.00%
နှင့်၊အချိုးများ,1,0.00%,FARM_OP:1,FARM_OP:100.00%
နှင်းကျ,1,0.00%,WEATHER:1,WEATHER:100.00%
နှင်းကျခြင်း,1,0.00%,WEATHER:1,WEATHER:100.00%
နှင်းခါးရိုက်ဒဏ်,1,0.00%,ABIOD:1,ABIOD:100.00%
နှင်းရိုက်ခြင်း,1,0.00%,ABIOD:1,ABIOD:100.00%
နှင်းလောင်,1,0.00%,ABIOD:1,ABIOD:100.00%
နှင်းလောင်ဒဏ်,1,0.00%,ABIOD:1,ABIOD:100.00%
နှင်းအကျ,1,0.00%,WEATHER:1,WEATHER:100.00%
နှစ်ဂါလံခွဲ,1,0.00%,QTY:1,QTY:100.00%
နှစ်ဆစ်,1,0.00%,COUNT:1,COUNT:100.00%
နှစ်ဇွန်း,1,0.00%,QTY:1,QTY:100.00%
နှစ်တင်း,1,0.00%,QTY:1,QTY:100.00%
နှစ်ထုပ်,1,0.00%,COUNT:1,COUNT:100.00%
နှစ်နှစ်ခန့်,1,0.00%,PERIOD:1,PERIOD:100.00%
နှစ်နှစ်အကြာ,1,0.00%,PERIOD:1,PERIOD:100.00%
နှစ်ပါးသွားချ,1,0.00%,METHOD:1,METHOD:100.00%
နှစ်ပေါင်,1,0.00%,QTY:1,QTY:100.00%
နှစ်ရက်ခန့်,1,0.00%,PERIOD:1,PERIOD:100.00%
နှစ်ရက်သုံးရက်အတွင်းအပင်များပေါက်လာပြီး(,1,0.00%,PERIOD:1,PERIOD:100.00%
နှစ်ရာသီ,1,0.00%,COUNT:1,COUNT:100.00%
နှစ်ရှည်များစွာကြာသောပြာသို့မဟုတ်ရေစိုစွတ်,1,0.00%,WEATHER:1,WEATHER:100.00%
နှစ်လအတွင်း,1,0.00%,PERIOD:1,PERIOD:100.00%
နှစ်လောက်,1,0.00%,PERIOD:1,PERIOD:100.00%
နှစ်သားခန့်ရှိလျှင်ရွှေ့ပြောင်းစိုက်ပျိုး,1,0.00%,FARM_OP:1,FARM_OP:100.00%
နှစ်သိန်း,1,0.00%,PRICE:1,PRICE:100.00%
နှမ်းနက်,1,0.00%,VAR:1,VAR:100.00%
နှမ်းဖတ်,1,0.00%,FERT:1,FERT:100.00%
နှမ်းမျိုးစေ့,1,0.00%,SEED:1,SEED:100.00%
နှမ်းရွက်ပင်,1,0.00%,CROP:1,CROP:100.00%
နှာခေါင်းစီး,1,0.00%,EQUIP:1,EQUIP:100.00%
နှုတ်ယူဖယ်ရှား,1,0.00%,FARM_OP:1,FARM_OP:100.00%
နှုတ်ယူဖျက်စီး,1,0.00%,FARM_OP:1,FARM_OP:100.00%
နှုန်းဆန်မြေ,1,0.00%,SOIL_TYPE:1,SOIL_TYPE:100.00%
နှုန်းပတ်ဖြန်းပါ၊နေထွက်,1,0.00%,WEATHER:1,WEATHER:100.00%
နှုန်းမြေ,1,0.00%,SOIL_TYPE:1,SOIL_TYPE:100.00%
နှုန်းမြေနီ,1,0.00%,SOIL_TYPE:1,SOIL_TYPE:100.00%
နှုန်းရောစပ်ပက်ဖျန်း,1,0.00%,FARM_OP:1,FARM_OP:100.00%
နှုန်း၊ပုလဲ,1,0.00%,FERT:1,FERT:100.00%
နှောင်းပင်ကျနာ,1,0.00%,DIS:1,DIS:100.00%
နှံစ,1,0.00%,CROP_PART:1,CROP_PART:100.00%
နှံစားပြောင်းပင်,1,0.00%,CROP:1,CROP:100.00%
နှံစုတ်ပိုး,1,0.00%,PEST:1,PEST:100.00%
ပက်စရာမလိုပါဘူး၊လိုအပ်သောအာဟာရအလိုက်,1,0.00%,FARM_OP:1,FARM_OP:100.00%
ပက်ဖြန်း,1,0.00%,FARM_OP:1,FARM_OP:100.00%
ပခုက္ကူ,1,0.00%,LOC:1,LOC:100.00%
ပခုက္ကူခရိုင်,1,0.00%,LOC:1,LOC:100.00%
ပင့်ကူဂမုန်း,1,0.00%,CROP:1,CROP:100.00%
ပင့်ကူသစ်ခွ,1,0.00%,VAR:1,VAR:100.00%
ပင်,1,0.00%,CROP_PART:1,CROP_PART:100.00%
ပင်ကြားတန်းကြားပေကွန်တိုစိုက်နည်းစနစ်,1,0.00%,METHOD:1,METHOD:100.00%
ပင်ကြားတန်းကြားပေစိုက်နည်းစနစ်,1,0.00%,METHOD:1,METHOD:100.00%
ပင်ခြားတန်းခြား,1,0.00%,METHOD:1,METHOD:100.00%
ပင်ခြေပုပ်,1,0.00%,DIS:1,DIS:100.00%
ပင်စည်ကွဲ,1,0.00%,SYM:1,SYM:100.00%
ပင်စည်ကွဲခြင်း,1,0.00%,DIS:1,DIS:100.00%
ပင်စည်ခြေ,1,0.00%,CROP_PART:1,CROP_PART:100.00%
ပင်စည်တစ်ခုတည်းထားသောစနစ်,1,0.00%,METHOD:1,METHOD:100.00%
ပင်စည်ထိပ်ဖျား,1,0.00%,CROP_PART:1,CROP_PART:100.00%
ပင်စည်နှင့်သီးပုပ်ရောဂါ,1,0.00%,DIS:1,DIS:100.00%
ပင်စည်ဖောက်ပိုး,1,0.00%,PEST:1,PEST:100.00%
ပင်စည်များဝါလာပြီး,1,0.00%,SYM:1,SYM:100.00%
ပင်စည်ရိုးကွဲ,1,0.00%,DIS:1,DIS:100.00%
ပင်စည်ရိုးမဲ,1,0.00%,DIS:1,DIS:100.00%
ပင်စည်ရိုးမဲရောဂါ,1,0.00%,DIS:1,DIS:100.00%
ပင်စည်ရွက်ခြောက်ရောဂါ,1,0.00%,DIS:1,DIS:100.00%
ပင်စည်သစ်ခေါက်ထိုးပိုး,1,0.00%,PEST:1,PEST:100.00%
ပင်စည်အဆစ်,1,0.00%,CROP_PART:1,CROP_PART:100.00%
ပင်စည်အများထားစနစ်,1,0.00%,METHOD:1,METHOD:100.00%
ပင်စည်အရင်းပိုင်း,1,0.00%,CROP_PART:1,CROP_PART:100.00%
ပင်စဥ်ပုတ်ရောဂါ,1,0.00%,DIS:1,DIS:100.00%
ပင်ညိုးရောဂါ,1,0.00%,DIS:1,DIS:100.00%
ပင်ညှိုးသေရောဂါ,1,0.00%,DIS:1,DIS:100.00%
ပင်တည်းဝတ်မှုန်ကူးခြင်း,1,0.00%,METHOD:1,METHOD:100.00%
ပင်ပိုင်းကြီးထွားချိန်,1,0.00%,TIME:1,TIME:100.00%
ပင်ဖြတ်ပိုင်း,1,0.00%,SEED:1,SEED:100.00%
ပင်ဖြတ်ပိုး,1,0.00%,PEST:1,PEST:100.00%
ပင်မကိုင်း,1,0.00%,CROP_PART:1,CROP_PART:100.00%
ပင်မပင်စည်,1,0.00%,CROP_PART:1,CROP_PART:100.00%
ပင်များကိုရွေ့ပြောင်းစိုက်ပျိုး,1,0.00%,FARM_OP:1,FARM_OP:100.00%
ပင်များကို၂၀၀ဘီစီကပင်စတင်စိုက်,1,0.00%,FARM_OP:1,FARM_OP:100.00%
ပင်လုံးပြန့်,1,0.00%,PESTI:1,PESTI:100.00%
ပင်လုံးပြန့်ပေါင်းသတ်ဆေး,1,0.00%,HERB:1,HERB:100.00%
ပင်လုံးပြန့်သတ္တိရှိသောဆေး,1,0.00%,PESTI:1,PESTI:100.00%
ပင်လုံးပြန့်ပိုးသက်ဆေး,1,0.00%,PESTI:1,PESTI:100.00%
ပင်လောင်,1,0.00%,SYM:1,SYM:100.00%
ပင်လောင်း,1,0.00%,LOC:1,LOC:100.00%
ပင်သေပင်ပျောက်များဖာခြင်း,1,0.00%,FARM_OP:1,FARM_OP:100.00%
ပင်းတယ,1,0.00%,LOC:1,LOC:100.00%
ပစ်သီယန်,1,0.00%,PATH:1,PATH:100.00%
ပညာပေးနှင့်ပြန်ကြားရေးဌာန,1,0.00%,ORG:1,ORG:100.00%
ပတ်ဖျန်း,1,0.00%,FARM_OP:1,FARM_OP:100.00%
ပထမဆုံးပွင့်မယ့်ပန်းခိုင်,1,0.00%,CROP_PART:1,CROP_PART:100.00%
ပန်းခိုင်အသီး,1,0.00%,CROP_PART:1,CROP_PART:100.00%
ပန်းတနော်,1,0.00%,LOC:1,LOC:100.00%
ပန်းတွေကြွေ,1,0.00%,SYM:1,SYM:100.00%
ပန်းပင်,1,0.00%,CROP:1,CROP:100.00%
ပန်းပွင့်ခဲ့တဲ့နေရာ,1,0.00%,CROP_PART:1,CROP_PART:100.00%
ပန်းပွင့်ပုပ်,1,0.00%,DIS:1,DIS:100.00%
ပန်းပွင့်ပြီးတော့၊ရက်၄၀,1,0.00%,PERIOD:1,PERIOD:100.00%
ပန်းပွင့်အပိုင်း,1,0.00%,CROP_PART:1,CROP_PART:100.00%
ပန်းပွင့်အသီး,1,0.00%,CROP_PART:1,CROP_PART:100.00%
ပန်းမပွင့်မီ,1,0.00%,TIME:1,TIME:100.00%
ပန်းမုံလာ,1,0.00%,CROP:1,CROP:100.00%
ပန်းမုံလာခရမ်းချဉ်,1,0.00%,CROP:1,CROP:100.00%
ပန်းရောင်မှိုရောဂါ,1,0.00%,DIS:1,DIS:100.00%
ပန်းဝတ်မှုန်များကြွေခြင်း,1,0.00%,SYM:1,SYM:100.00%
ပရိုဆင့်,1,0.00%,PESTI:1,PESTI:100.00%
ပရိုတိန်း,1,0.00%,NUT:1,NUT:100.00%
ပရိုပါ,1,0.00%,FUNG:1,FUNG:100.00%
ပရိုပီကိုနာဇိုးလ်,1,0.00%,FUNG:1,FUNG:100.00%
ပရိုဖိနုဖော့,1,0.00%,PESTI:1,PESTI:100.00%
ပရိုဖီနိုဖာ့,1,0.00%,PESTI:1,PESTI:100.00%
ပရိုလန်ဒါ,1,0.00%,PESTI:1,PESTI:100.00%
ပရိုးသိုင်း,1,0.00%,PESTI:1,PESTI:100.00%
ပရီတီလာကွင်း,1,0.00%,HERB:1,HERB:100.00%
ပရောဖက်စူပါ,1,0.00%,PESTI:1,PESTI:100.00%
ပလတ်စတစ်ဆန်ခါ,1,0.00%,EQUIP:1,EQUIP:100.00%
ပလတ်စတစ်ပျိုးခွက်,1,0.00%,EQUIP:1,EQUIP:100.00%
ပလတ်စတစ်အကြည်,1,0.00%,EQUIP:1,EQUIP:100.00%
ပလတ်စတစ်အိမ်,1,0.00%,EQUIP:1,EQUIP:100.00%
ပလပ်,1,0.00%,HERB:1,HERB:100.00%
ပလပ်စတစ်ပျိုးအိတ်,1,0.00%,EQUIP:1,EQUIP:100.00%
ပါကစ္စတန်,1,0.00%,LOC:1,LOC:100.00%
ပါရာကွက်,1,0.00%,HERB:1,HERB:100.00%
ပါသော,1,0.00%,FARM_OP:1,FARM_OP:100.00%
ပါးချင်းအပ်ကိုင်းဆက်နည်း,1,0.00%,METHOD:1,METHOD:100.00%
ပါ၊ဂျစ်ဘရယ်လစ်,1,0.00%,NUT:1,NUT:100.00%
ပိတုန်း,1,0.00%,PEST:1,PEST:100.00%
ပိန်ရှည်နေသော,1,0.00%,SYM:1,SYM:100.00%
ပိန်ရှုံ့,1,0.00%,SYM:1,SYM:100.00%
ပိန်းနဲပင်,1,0.00%,CROP:1,CROP:100.00%
ပိုက်စိမ်းဖျင်,1,0.00%,EQUIP:1,EQUIP:100.00%
ပိုက်ဆန်လျှော်,1,0.00%,CROP:1,CROP:100.00%
ပိုင်ရာကလို,1,0.00%,FUNG:1,FUNG:100.00%
ပိုင်ရာကလိုစတိုဗင်,1,0.00%,FUNG:1,FUNG:100.00%
ပိုင်ရီပရောက်စီဖန်,1,0.00%,PESTI:1,PESTI:100.00%
ပိုင်းတွင်လှုပ်ရှားမှုများပြီးနေရောင်တောက်ပချိန်တွင်နားနေလေ့ရှိပါသည်။မီးရောင်ထောင်ခြောက်,1,0.00%,METHOD:1,METHOD:100.00%
ပိုတက်ခ်ျ,1,0.00%,FERT:1,FERT:100.00%
ပိုတက်စီယံနိုက်ထရိတ်,1,0.00%,NUT:1,NUT:100.00%
ပိုတက်ဆီရမ်,1,0.00%,NUT:1,NUT:100.00%
ပိုတက်ရှ်ဆီယမ်ကလိုရိုဒ်,1,0.00%,FERT:1,FERT:100.00%
ပိုလာရီမီတာ,1,0.00%,EQUIP:1,EQUIP:100.00%
ပိုးကိုက်ထားတာ,1,0.00%,SYM:1,SYM:100.00%
ပိုးကျရောက်မှု,1,0.00%,BIOD:1,BIOD:100.00%
ပိုးစေနဲ,1,0.00%,PEST:1,PEST:100.00%
ပိုးဆေးဖျန်း,1,0.00%,FARM_OP:1,FARM_OP:100.00%
ပိုးတီကောင်,1,0.00%,PEST:1,PEST:100.00%
ပိုးတုံးလုံး,1,0.00%,PEST:1,PEST:100.00%
ပိုးနဂါး,1,0.00%,PEST:1,PEST:100.00%
ပိုးဖလံ,1,0.00%,PEST:1,PEST:100.00%
ပိုးမွှားဒဏ်,1,0.00%,BIOD:1,BIOD:100.00%
ပိုးမွှားပိုးသတ်ဆေး,1,0.00%,PESTI:1,PESTI:100.00%
ပိုးရောဂါများ,1,0.00%,DIS:1,DIS:100.00%
ပိုးလောက်,1,0.00%,PEST:1,PEST:100.00%
ပိုးလောက်ကောင်ဖြူ,1,0.00%,PEST:1,PEST:100.00%
ပိုးလောင်း,1,0.00%,PEST:1,PEST:100.00%
ပိုးလောင်းကောင်,1,0.00%,PEST:1,PEST:100.00%
ပိုးသတ်ဆေးပက်ဖျန်း,1,0.00%,FARM_OP:1,FARM_OP:100.00%
ပိုးသတ်ဆေးလောင်ခြင်း,1,0.00%,SYM:1,SYM:100.00%
ပိုးသန့်မွေးမြူခြင်း,1,0.00%,FARM_OP:1,FARM_OP:100.00%
ပိုးသေးသေးမည်းမည်းလေး,1,0.00%,PEST:1,PEST:100.00%
ပိုးဥ,1,0.00%,PEST:1,PEST:100.00%
ပိုးဦးမှင်ရည်နှံကောင်,1,0.00%,PEST:1,PEST:100.00%
ပိဿာ,1,0.00%,QTY:1,QTY:100.00%
ပိဿာ၃၀၀မှ၅၀၀ထိ,1,0.00%,QTY:1,QTY:100.00%
ပိဿာ၅၀၀,1,0.00%,QTY:1,QTY:100.00%
ပီစီမြန်မာ,1,0.00%,ORG:1,ORG:100.00%
ပီရူး,1,0.00%,LOC:1,LOC:100.00%
ပီလောပီနံပင်,1,0.00%,CROP:1,CROP:100.00%
ပီအိတ်ချ်တိုင်းခြင်း,1,0.00%,FARM_OP:1,FARM_OP:100.00%
ပုဏ္ဏရိပ်,1,0.00%,CROP:1,CROP:100.00%
ပုတ်ပီးသေ,1,0.00%,SYM:1,SYM:100.00%
ပုနေ,1,0.00%,SYM:1,SYM:100.00%
ပုန်းရည်ကြီး,1,0.00%,FOOD:1,FOOD:100.00%
ပုပ်တာ,1,0.00%,SYM:1,SYM:100.00%
ပုပ်နေ,1,0.00%,SYM:1,SYM:100.00%
ပုပ်သလို,1,0.00%,SYM:1,SYM:100.00%
ပုပ်သလိုလို,1,0.00%,SYM:1,SYM:100.00%
ပုပ်သိုးဆွေးမြည့်ခြင်း,1,0.00%,SYM:1,SYM:100.00%
ပုပ်သေ,1,0.00%,SYM:1,SYM:100.00%
ပုပ်သွား,1,0.00%,SYM:1,SYM:100.00%
ပုရစ်,1,0.00%,PEST:1,PEST:100.00%
ပုရွက်စိတ်,1,0.00%,PEST:1,PEST:100.00%
ပုလင်း,1,0.00%,EQUIP:1,EQUIP:100.00%
ပုလဲဓာတ်မြေသြဇာ,1,0.00%,FERT:1,FERT:100.00%
ပုလဲဓာတ်မြေဩဇာ,1,0.00%,FERT:1,FERT:100.00%
ပုလဲဖြူ,1,0.00%,VAR:1,VAR:100.00%
ပုလဲယူရီးယား,1,0.00%,FERT:1,FERT:100.00%
ပုလဲလက်ချား,1,0.00%,FERT:1,FERT:100.00%
ပုလဲသွယ်,1,0.00%,VAR:1,VAR:100.00%
ပုံပျက်,1,0.00%,SYM:1,SYM:100.00%
ပုံမှန်မဟုတ်ခြင်း,1,0.00%,ABIOD:1,ABIOD:100.00%
ပူစီနာအပင်,1,0.00%,CROP:1,CROP:100.00%
ပူစီနံနံပင်,1,0.00%,CROP:1,CROP:100.00%
ပူစီနံပင်,1,0.00%,CROP:1,CROP:100.00%
ပူဒီနံ,1,0.00%,CROP:1,CROP:100.00%
ပူပြင်းခြောက်သွေ့မှုဒဏ်,1,0.00%,ABIOD:1,ABIOD:100.00%
ပူပြင်းခြောက်သွေ့သောရာသီ,1,0.00%,WEATHER:1,WEATHER:100.00%
ပူပြင်းခြောက်သွေ့သောရာသီဥတု,1,0.00%,WEATHER:1,WEATHER:100.00%
ပူပြင်းသောရာသီ,1,0.00%,WEATHER:1,WEATHER:100.00%
ပူအိုက်စိုစွတ်,1,0.00%,WEATHER:1,WEATHER:100.00%
ပေ40ပတ်လည်,1,0.00%,DIST:1,DIST:100.00%
ပေါက်ဈေး,1,0.00%,PRICE:1,PRICE:100.00%
ပေါက်လေးများရွေ့ပြောင်းစိုက်,1,0.00%,FARM_OP:1,FARM_OP:100.00%
ပေါင်တညင်း,1,0.00%,VAR:1,VAR:100.00%
ပေါင်မုန့်,1,0.00%,FOOD:1,FOOD:100.00%
ပေါင်းထိုး,1,0.00%,FARM_OP:1,FARM_OP:100.00%
ပေါင်းနှိမ်ကိရိယာ,1,0.00%,EQUIP:1,EQUIP:100.00%
ပေါင်းနှိမ်နင်းခြင်း,1,0.00%,FARM_OP:1,FARM_OP:100.00%
ပေါင်းနှိမ်နင်းပေးခြင်း,1,0.00%,FARM_OP:1,FARM_OP:100.00%
ပေါင်းနှိမ်နှင်းခြင်း,1,0.00%,FARM_OP:1,FARM_OP:100.00%
ပေါင်းမြက်နှိမ်နင်း,1,0.00%,FARM_OP:1,FARM_OP:100.00%
ပေါင်းမြက်များရှင်းလင်း,1,0.00%,FARM_OP:1,FARM_OP:100.00%
ပေါင်းမြက်ရှင်းခြင်း,1,0.00%,FARM_OP:1,FARM_OP:100.00%
ပေါင်းမြက်ရှင်းလင်း,1,0.00%,FARM_OP:1,FARM_OP:100.00%
ပေါင်းလိုက်ကရိယာ,1,0.00%,EQUIP:1,EQUIP:100.00%
ပေါင်းသင်ခြင်း,1,0.00%,FARM_OP:1,FARM_OP:100.00%
ပေါင်းသင်ပေးခြင်း,1,0.00%,FARM_OP:1,FARM_OP:100.00%
ပေါင်းသတ်ဆေးလောင်,1,0.00%,SYM:1,SYM:100.00%
ပေါင်းသတ်ဆေးသုံးစွဲခြင်း,1,0.00%,FARM_OP:1,FARM_OP:100.00%
ပေါင်းအိုး,1,0.00%,EQUIP:1,EQUIP:100.00%
ပေါင်းအုပ်ဆေး,1,0.00%,HERB:1,HERB:100.00%
ပေါင်း၁၃၀-၁၉၀,1,0.00%,PERIOD:1,PERIOD:100.00%
ပေါ်စန်းစပါး,1,0.00%,VAR:1,VAR:100.00%
ပေါ်ဆန်းဘေးကြား,1,0.00%,VAR:1,VAR:100.00%
ပေါ်ဆန်းမွှေး,1,0.00%,VAR:1,VAR:100.00%
ပေါ်တက်,1,0.00%,PESTI:1,PESTI:100.00%
ပေါ်တက်ရှ်,1,0.00%,FERT:1,FERT:100.00%
ပေ၁၀၀,1,0.00%,DIST:1,DIST:100.00%
ပေ၂၀၀၀,1,0.00%,DIST:1,DIST:100.00%
ပေ၃၀၀၀,1,0.00%,DIST:1,DIST:100.00%
ပေ၆၅၀၀,1,0.00%,DIST:1,DIST:100.00%
ပဲကတ္တီပါ,1,0.00%,CROP:1,CROP:100.00%
ပဲကအသေးမျိုး,1,0.00%,VAR:1,VAR:100.00%
ပဲကောင်းပေါင်းသေ,1,0.00%,HERB:1,HERB:100.00%
ပဲကျဲ,1,0.00%,FARM_OP:1,FARM_OP:100.00%
ပဲခူးတိုင်းကဝမြို့နယ်,1,0.00%,LOC:1,LOC:100.00%
ပဲခူးတိုင်းအနောက်ပိုင်း,1,0.00%,LOC:1,LOC:100.00%
ပဲစင်းငုံပင်,1,0.00%,CROP:1,CROP:100.00%
ပဲစဉ်းငုံ,1,0.00%,CROP:1,CROP:100.00%
ပဲစိုက်ခင်း,1,0.00%,LOC:1,LOC:100.00%
ပဲဇီးကွက်,1,0.00%,VAR:1,VAR:100.00%
ပဲတီစိမ်းပင်ပင်,1,0.00%,CROP:1,CROP:100.00%
ပဲတီစိမ်းအသေး,1,0.00%,VAR:1,VAR:100.00%
ပဲတောင်ရှည်,1,0.00%,CROP:1,CROP:100.00%
ပဲထိုးပိုး,1,0.00%,PEST:1,PEST:100.00%
ပဲဒီစီမ်း,1,0.00%,CROP:1,CROP:100.00%
ပဲပုဇွန်,1,0.00%,CROP:1,CROP:100.00%
ပဲပုတ်,1,0.00%,CROP:1,CROP:100.00%
ပဲမျိူးစုံ,1,0.00%,CROP:1,CROP:100.00%
ပဲမြစ်,1,0.00%,CROP:1,CROP:100.00%
ပဲမှော်,1,0.00%,FERT:1,FERT:100.00%
ပဲလိပ်ပြာ,1,0.00%,VAR:1,VAR:100.00%
ပံ111,1,0.00%,VAR:1,VAR:100.00%
ပံကုမ္မဏီ,1,0.00%,ORG:1,ORG:100.00%
ပံ၁၁၁,1,0.00%,VAR:1,VAR:100.00%
ပ်ုတက်ဆီယမ်,1,0.00%,NUT:1,NUT:100.00%
ပျက်ကျ,1,0.00%,SYM:1,SYM:100.00%
ပျင်းအားတစ်ဝက်နှုန်း,1,0.00%,QTY:1,QTY:100.00%
ပျဉ်းမနားစပ်မျိုး,1,0.00%,VAR:1,VAR:100.00%
ပျပျံ,1,0.00%,PEST:1,PEST:100.00%
ပျားလိမ္မော်,1,0.00%,CROP:1,CROP:100.00%
ပျိုးခင်းပြုလုပ်ခြင်း,1,0.00%,FARM_OP:1,FARM_OP:100.00%
ပျိုးငုတ်ပင်များပြောင်းရွှေ့စိုက်,1,0.00%,FARM_OP:1,FARM_OP:100.00%
ပျိုးထောင်စိုက်ပျိုး,1,0.00%,FARM_OP:1,FARM_OP:100.00%
ပျိုးနှုတ်,1,0.00%,FARM_OP:1,FARM_OP:100.00%
ပျိုးပင်စိမ်တာမျိုး၊အပင်,1,0.00%,CROP_PART:1,CROP_PART:100.00%
ပျိုးပင်ထုတ်လုပ်ခြင်း,1,0.00%,FARM_OP:1,FARM_OP:100.00%
ပျိုးပင်ပြုလုပ်ခြင်း,1,0.00%,FARM_OP:1,FARM_OP:100.00%
ပျိုးပင်ပြုလုပ်စိုက်ပျိုး,1,0.00%,FARM_OP:1,FARM_OP:100.00%
ပျိုးပင်များပြင်ဆင်ခြင်း,1,0.00%,FARM_OP:1,FARM_OP:100.00%
ပျိုးပင်အမြစ်,1,0.00%,CROP_PART:1,CROP_PART:100.00%
ပျိုးဘောင်ပြင်ဆင်ခြင်း,1,0.00%,FARM_OP:1,FARM_OP:100.00%
ပျိုးဘောင်များပြုလုပ်,1,0.00%,FARM_OP:1,FARM_OP:100.00%
ပျိုးသေတ္တာ,1,0.00%,EQUIP:1,EQUIP:100.00%
ပျော့လာ,1,0.00%,SYM:1,SYM:100.00%
ပြင်ဆင်ခြင်း,1,0.00%,FARM_OP:1,FARM_OP:100.00%
ပြင်းချိန်တွင်ရေငွေ့ပျံမြန်ခြင်းကြောင့်မနက်စောစောသို့မဟုတ်ညနေခင်းတွင်၁၅ရက်,1,0.00%,PERIOD:1,PERIOD:100.00%
ပြင်းထန်သောနေရောင်ခြည်,1,0.00%,WEATHER:1,WEATHER:100.00%
ပြည်မြို့,1,0.00%,LOC:1,LOC:100.00%
ပြတ်ထွက်,1,0.00%,SYM:1,SYM:100.00%
ပြန်စိုက်,1,0.00%,FARM_OP:1,FARM_OP:100.00%
ပြပိုး,1,0.00%,PEST:1,PEST:100.00%
ပြာစင်,1,0.00%,FARM_OP:1,FARM_OP:100.00%
ပြီး(၄-၆)ပတ်,1,0.00%,PERIOD:1,PERIOD:100.00%
ပြီးဖြစ်သည့်အခြားတိရစ္ဆာန်ချေးများ၊သစ်ဆွေးမြေဩဇာ,1,0.00%,FERT:1,FERT:100.00%
ပြီးမှရွှေ့ပြောင်းစိုက်,1,0.00%,FARM_OP:1,FARM_OP:100.00%
ပြီးသစ်စိမ်းမြေဩဇာ,1,0.00%,FERT:1,FERT:100.00%
ပြီး၊ရက်ပေါင်း(၂၄၀),1,0.00%,PERIOD:1,PERIOD:100.00%
ပြုစုစောင့်ရှောက်ခြင်း,1,0.00%,FARM_OP:1,FARM_OP:100.00%
ပြုစုထိန်းသိမ်း,1,0.00%,FARM_OP:1,FARM_OP:100.00%
ပြုစုထိန်းသိမ်းစောင့်ရှောက်ခြင်း,1,0.00%,FARM_OP:1,FARM_OP:100.00%
ပြုစုပျိုးထောင်,1,0.00%,FARM_OP:1,FARM_OP:100.00%
ပြုပြင်ထိန်းသိမ်းမှု,1,0.00%,FARM_OP:1,FARM_OP:100.00%
ပြုပြင်ရန်,1,0.00%,FARM_OP:1,FARM_OP:100.00%
ပြောင်းရွှေ့ပျိုးထောင်,1,0.00%,FARM_OP:1,FARM_OP:100.00%
ပြောင်းရွှေ့မစိုက်ပျိုး,1,0.00%,FARM_OP:1,FARM_OP:100.00%
ပွင့်ညှာ,1,0.00%,CROP_PART:1,CROP_PART:100.00%
ပွင့်ထွေးရွက်ကပ်,1,0.00%,PEST:1,PEST:100.00%
ပွင့်ထွေးသီးလုံးဖောက်,1,0.00%,PEST:1,PEST:100.00%
ပွင့်ဖူး,1,0.00%,CROP_PART:1,CROP_PART:100.00%
ပွင့်သီးတင်,1,0.00%,FERT:1,FERT:100.00%
ပွင်ထွေး,1,0.00%,PEST:1,PEST:100.00%
ပွင့်,1,0.00%,CROP_PART:1,CROP_PART:100.00%
ပွင့်ချပ်,1,0.00%,CROP_PART:1,CROP_PART:100.00%
ပွင့်ညှာ,1,0.00%,CROP_PART:1,CROP_PART:100.00%
ပွင့်ဖက်,1,0.00%,CROP_PART:1,CROP_PART:100.00%
ပွင့်ဖတ်,1,0.00%,CROP_PART:1,CROP_PART:100.00%
ပွားယူ,1,0.00%,FARM_OP:1,FARM_OP:100.00%
ဖက်တင်ကူစိုက်ခြင်း,1,0.00%,METHOD:1,METHOD:100.00%
ဖစ်ပရိုနေး,1,0.00%,PESTI:1,PESTI:100.00%
ဖန်ဘူး,1,0.00%,EQUIP:1,EQUIP:100.00%
ဖယောင်းပိုး,1,0.00%,PEST:1,PEST:100.00%
ဖယောင်းသစ်ခွ,1,0.00%,VAR:1,VAR:100.00%
ဖယ်ရှားပစ်ခြင်း,1,0.00%,FARM_OP:1,FARM_OP:100.00%
ဖယ်ရှားဖျက်ဆီး,1,0.00%,FARM_OP:1,FARM_OP:100.00%
ဖရက်တို့စ်,1,0.00%,NUT:1,NUT:100.00%
ဖရိုပီကိုနာဇိုး,1,0.00%,FUNG:1,FUNG:100.00%
ဖရုံပင်,1,0.00%,CROP:1,CROP:100.00%
ဖရဲမျိုးစေ့,1,0.00%,SEED:1,SEED:100.00%
ဖရဲသီး,1,0.00%,CROP:1,CROP:100.00%
ဖလိုနီကာမစ်,1,0.00%,PESTI:1,PESTI:100.00%
ဖလီးကျိုင်းကောင်,1,0.00%,PEST:1,PEST:100.00%
ဖလီးလ်ကျိုင်းကောင်,1,0.00%,PEST:1,PEST:100.00%
ဖလူကလိုရာလိုင်း,1,0.00%,HERB:1,HERB:100.00%
ဖလူအာဇီဖော့,1,0.00%,HERB:1,HERB:100.00%
ဖလူးကွဲဂျွတ်တက်,1,0.00%,SYM:1,SYM:100.00%
ဖာလာ,1,0.00%,CROP:1,CROP:100.00%
ဖားဉဖိုရောဂါ,1,0.00%,DIS:1,DIS:100.00%
ဖားဥမိူ,1,0.00%,PATH:1,PATH:100.00%
ဖိုက်တိုပသော်ရာမှို,1,0.00%,PATH:1,PATH:100.00%
ဖိုက်တော့သရာပင်နာကျရောဂါ,1,0.00%,DIS:1,DIS:100.00%
ဖိုင်တိုဖားဂတ်စ်,1,0.00%,PEST:1,PEST:100.00%
ဖိုင်တော့သရာမှိုရောဂါ,1,0.00%,DIS:1,DIS:100.00%
ဖိုင်ဘာကတ်ထူပုံး,1,0.00%,EQUIP:1,EQUIP:100.00%
ဖိုင်သော်သရာပင်နာကျရောဂါ,1,0.00%,DIS:1,DIS:100.00%
ဖိုစတိုင်း,1,0.00%,FUNG:1,FUNG:100.00%
ဖိုစီတိုင်အလူမီနီယမ်,1,0.00%,FUNG:1,FUNG:100.00%
ဖိုဆက်တိုင်အလူမီနီယမ်,1,0.00%,FUNG:1,FUNG:100.00%
ဖို့ကပ်,1,0.00%,FUNG:1,FUNG:100.00%
ဖို့စတိုင်,1,0.00%,FUNG:1,FUNG:100.00%
ဖို့စတိုင်းလ်အလူမီနီယမ်,1,0.00%,FUNG:1,FUNG:100.00%
ဖို့စတိုင်းအလူမိနိယံ,1,0.00%,FUNG:1,FUNG:100.00%
ဖိုးလမင်း,1,0.00%,PEST:1,PEST:100.00%
ဖိုးလမင်းကျိုင်းကောင်,1,0.00%,PEST:1,PEST:100.00%
ဖိုးလမင်းပိုး,1,0.00%,PEST:1,PEST:100.00%
ဖီနိုင်းပါရာဇိုးပိုင်ရိုး,1,0.00%,PESTI:1,PESTI:100.00%
ဖီနောက်ဆာပရော့ပီအီသိုင်း,1,0.00%,HERB:1,HERB:100.00%
ဖုထစ်,1,0.00%,SYM:1,SYM:100.00%
ဖုံးလုံး,1,0.00%,SYM:1,SYM:100.00%
ဖုံးအုပ်ပေးခြင်း,1,0.00%,FARM_OP:1,FARM_OP:100.00%
ဖူယူ,1,0.00%,VAR:1,VAR:100.00%
ဖူးစိမ်းကူးခြင်း,1,0.00%,FARM_OP:1,FARM_OP:100.00%
ဖူးညိုကူးခြင်း,1,0.00%,FARM_OP:1,FARM_OP:100.00%
ဖူးနုကူးခြင်း,1,0.00%,FARM_OP:1,FARM_OP:100.00%
ဖောင်းပညင်,1,0.00%,LOC:1,LOC:100.00%
ဖောလစ်အက်ဆစ်,1,0.00%,NUT:1,NUT:100.00%
ဖော့စတိုင်းအလူမီနီယမ်,1,0.00%,FUNG:1,FUNG:100.00%
ဖော့စတိုင်းအေအယ်လ်,1,0.00%,FUNG:1,FUNG:100.00%
ဖော့စပရပ်စ်,1,0.00%,NUT:1,NUT:100.00%
ဖော့စပါးရပ်စ်,1,0.00%,NUT:1,NUT:100.00%
ဖော့စပေါ့ရပ်စ်,1,0.00%,NUT:1,NUT:100.00%
ဖော့စဖိက်,1,0.00%,FERT:1,FERT:100.00%
ဖော့စဖိတ်မြေဩဇာ,1,0.00%,NUT:1,NUT:100.00%
ဖော့စဖိုမီဒန်,1,0.00%,PESTI:1,PESTI:100.00%
ဖော့စဖောရပ်စ်,1,0.00%,NUT:1,NUT:100.00%
ဖော့စ်စဖောရပ်စ်,1,0.00%,NUT:1,NUT:100.00%
ဖော့စ်ဖောရပ်,1,0.00%,NUT:1,NUT:100.00%
ဖော့စ‌ဖော့ရပ်,1,0.00%,NUT:1,NUT:100.00%
ဖော်ကျွန်းမြက်သတ်ဆေး,1,0.00%,HERB:1,HERB:100.00%
ဖော်မလင်ဆေးရည်,1,0.00%,FUNG:1,FUNG:100.00%
ဖော်မီဆာဖန်,1,0.00%,HERB:1,HERB:100.00%
ဖျစ်ပရိုနေး,1,0.00%,PESTI:1,PESTI:100.00%
ဖျန်းပက်ခြင်း,1,0.00%,FARM_OP:1,FARM_OP:100.00%
ဖျန်းပုန်း,1,0.00%,EQUIP:1,EQUIP:100.00%
ဖျန်းပုံး,1,0.00%,EQUIP:1,EQUIP:100.00%
ဖျန်းပေးခြင်း,1,0.00%,FARM_OP:1,FARM_OP:100.00%
ဖျန်းရေပေး,1,0.00%,FARM_OP:1,FARM_OP:100.00%
ဖျန်း‌ပက်,1,0.00%,FARM_OP:1,FARM_OP:100.00%
ဖျာပုံ,1,0.00%,LOC:1,LOC:100.00%
ဖျာပုံမြို့နယ်,1,0.00%,LOC:1,LOC:100.00%
ဖျူဆေရီယမ်ပင်ညှိုးရောဂါ,1,0.00%,DIS:1,DIS:100.00%
ဖျူဝါရီ35,1,0.00%,PESTI:1,PESTI:100.00%
ဖြစ်ပါကအစိုပင်လျှင်ကျပ်၁၃သိန်း,1,0.00%,PRICE:1,PRICE:100.00%
ဖြစ်သည်။(၁၆)ရာစု,1,0.00%,TIME:1,TIME:100.00%
ဖြစ်သောဓာတ်မြေဩဇာ,1,0.00%,FERT:1,FERT:100.00%
ဖြည့်စိုက်,1,0.00%,FARM_OP:1,FARM_OP:100.00%
ဖြတ်ခြင်း,1,0.00%,FARM_OP:1,FARM_OP:100.00%
ဖြတ်တောက်ဖယ်ရှား,1,0.00%,FARM_OP:1,FARM_OP:100.00%
ဖြတ်ပေးခြင်း,1,0.00%,FARM_OP:1,FARM_OP:100.00%
ဖြတ်ယူကိုင်းဆက်,1,0.00%,FARM_OP:1,FARM_OP:100.00%
ဖြတ်ယူအသုံးပြု,1,0.00%,FARM_OP:1,FARM_OP:100.00%
ဖြန်းပေးခြင်း,1,0.00%,FARM_OP:1,FARM_OP:100.00%
ဖြုတ်ကောင်,1,0.00%,PEST:1,PEST:100.00%
ဖြုတ်ကျောဖြူ,1,0.00%,PEST:1,PEST:100.00%
ဖြုတ်ညို,1,0.00%,PEST:1,PEST:100.00%
ဖြူစေရီယမ်မှို,1,0.00%,PATH:1,PATH:100.00%
ဖြူဖြူဥလေး,1,0.00%,SYM:1,SYM:100.00%
ဖြူရောင်ကြပ်ခိုးမှို,1,0.00%,DIS:1,DIS:100.00%
ဖွဲကြမ်း,1,0.00%,FERT:1,FERT:100.00%
ဗစ်လစ်ဒါမိုင်ဆင်း,1,0.00%,FUNG:1,FUNG:100.00%
ဗဒေါ်မြက်,1,0.00%,WEED:1,WEED:100.00%
ဗန္ဓုလဆေး,1,0.00%,PESTI:1,PESTI:100.00%
ဗမာပြည်,1,0.00%,LOC:1,LOC:100.00%
ဗလစ်ဒါမိုင်ဇင်,1,0.00%,FUNG:1,FUNG:100.00%
ဗာတီစလီယံပင်ညှိုးရောဂါ,1,0.00%,DIS:1,DIS:100.00%
ဗာတီစီလီယမ်ညှိုးသေရောဂါ,1,0.00%,DIS:1,DIS:100.00%
ဗိုက်တာမင်,1,0.00%,NUT:1,NUT:100.00%
ဗိုင်းရက်စ်ရောဂါများ,1,0.00%,DIS:1,DIS:100.00%
ဗိုင်းရွိုက်အီးအမ်ရောဂါ,1,0.00%,DIS:1,DIS:100.00%
ဗီဇတူပျိုးပင်အမြောက်အမြားထုတ်ယူ,1,0.00%,FARM_OP:1,FARM_OP:100.00%
ဗီတာမင်ဘီ,1,0.00%,NUT:1,NUT:100.00%
ဗီတာမင်အေ,1,0.00%,NUT:1,NUT:100.00%
ဗီတာမင်၆,1,0.00%,NUT:1,NUT:100.00%
ဗီယက်နမ်နိုင်ငံ,1,0.00%,LOC:1,LOC:100.00%
ဗီုက်တာနပ်,1,0.00%,PESTI:1,PESTI:100.00%
ဗူး,1,0.00%,CROP:1,CROP:100.00%
ဗျော့ထွန်း,1,0.00%,VAR:1,VAR:100.00%
ဘက်စုံနည်း,1,0.00%,METHOD:1,METHOD:100.00%
ဘက်စုံရောဂါ,1,0.00%,DIS:1,DIS:100.00%
ဘက်စ်ကေဓာတ်မြေသြဇာ,1,0.00%,FERT:1,FERT:100.00%
ဘက်တရီးယား,1,0.00%,PATH:1,PATH:100.00%
ဘက်တာ,1,0.00%,PESTI:1,PESTI:100.00%
ဘက်တီးဒီးယားပိုး,1,0.00%,PATH:1,PATH:100.00%
ဘက်တီးရီးယာရွက်ခြောက်,1,0.00%,DIS:1,DIS:100.00%
ဘက်တီးရီးယားကင်ကာရောဂါ,1,0.00%,DIS:1,DIS:100.00%
ဘက်တီးရီးယားဆီစွန်းရောဂါ,1,0.00%,DIS:1,DIS:100.00%
ဘက်တီးရီးယားရွက်ခြောက်စင်း,1,0.00%,DIS:1,DIS:100.00%
ဘက်တီးရီးယားရွက်စင်းရောဂါ,1,0.00%,DIS:1,DIS:100.00%
ဘက်တီးရီးယားအစက်အပြောက်,1,0.00%,DIS:1,DIS:100.00%
ဘက်တီးရီးယားအနုဇီဝ,1,0.00%,PATH:1,PATH:100.00%
ဘက်တီးရီးယားအပျော့ပုပ်ရောဂါ,1,0.00%,DIS:1,DIS:100.00%
ဘက်ထရီပုံး,1,0.00%,EQUIP:1,EQUIP:100.00%
ဘက်ထရီးယားပင်ညိုး,1,0.00%,DIS:1,DIS:100.00%
ဘစ်စမာသိုင်ယာဇိုးလ်,1,0.00%,FUNG:1,FUNG:100.00%
ဘစ်ပိုင်ရီဘက်ဆိုဒီယမ်,1,0.00%,HERB:1,HERB:100.00%
ဘစ်မာသိုင်ယာဇိုး,1,0.00%,FUNG:1,FUNG:100.00%
ဘတ်တီးရီးယားပုပ်ပျော့ရောဂါ,1,0.00%,DIS:1,DIS:100.00%
ဘတ်တီးရီးယားရွက်ခြောက်ရောဂါ,1,0.00%,DIS:1,DIS:100.00%
ဘတ်တီးရီးယားလောင်မီးကျရောဂါ,1,0.00%,DIS:1,DIS:100.00%
ဘတ်တီးရီးရား,1,0.00%,PATH:1,PATH:100.00%
ဘန်ဆာလ်ဖျူရွန်,1,0.00%,HERB:1,HERB:100.00%
ဘယ်လောက်နှုန်းရောရလဲခဂျစ်ပဆန်,1,0.00%,FERT:1,FERT:100.00%
ဘရက်စီကော,1,0.00%,FUNG:1,FUNG:100.00%
ဘာစမာတီ-၃၇၀,1,0.00%,VAR:1,VAR:100.00%
ဘာဆာလင်,1,0.00%,HERB:1,HERB:100.00%
ဘာပလပ်,1,0.00%,NUT:1,NUT:100.00%
ဘားပလပ်,1,0.00%,NUT:1,NUT:100.00%
ဘိန်းပင်,1,0.00%,CROP:1,CROP:100.00%
ဘိုကလေး,1,0.00%,LOC:1,LOC:100.00%
ဘိုကလေးဒေသ,1,0.00%,LOC:1,LOC:100.00%
ဘိုကာရှီမြေဆွေး,1,0.00%,FERT:1,FERT:100.00%
ဘိုကာရှီမြေသြဇာ,1,0.00%,FERT:1,FERT:100.00%
ဘိုင်ဖန်သရင်,1,0.00%,PESTI:1,PESTI:100.00%
ဘိုင်အိုစူပရင်းကုမ္ပဏီ,1,0.00%,ORG:1,ORG:100.00%
ဘိုစားပဲ,1,0.00%,CROP:1,CROP:100.00%
ဘိုရွင်,1,0.00%,NUT:1,NUT:100.00%
ဘီတာကယ်ရိုတင်း,1,0.00%,NUT:1,NUT:100.00%
ဘီတာစီ,1,0.00%,PESTI:1,PESTI:100.00%
ဘီတာမင်အီး,1,0.00%,NUT:1,NUT:100.00%
ဘီအိပ်ချ်စ်,1,0.00%,PESTI:1,PESTI:100.00%
ဘုရားကုန်း,1,0.00%,LOC:1,LOC:100.00%
ဘူးရှည်စက,1,0.00%,VAR:1,VAR:100.00%
ဘူးလည်စက,1,0.00%,VAR:1,VAR:100.00%
ဘေယာကုမ္ပဏီ,1,0.00%,ORG:1,ORG:100.00%
ဘောင်ကြားရေသွင်းခြင်း,1,0.00%,FARM_OP:1,FARM_OP:100.00%
ဘောင်စောက်မျိုး,1,0.00%,VAR:1,VAR:100.00%
ဘောင်နှင့်စိုက်ခြင်း,1,0.00%,METHOD:1,METHOD:100.00%
ဘောင်ပြုလုပ်ပြီး,1,0.00%,FARM_OP:1,FARM_OP:100.00%
ဘောင်ဖော်,1,0.00%,FARM_OP:1,FARM_OP:100.00%
ဘောင်ဖော်တန်းစိုက်စနစ်,1,0.00%,METHOD:1,METHOD:100.00%
ဘောင်များပြုပြင်,1,0.00%,FARM_OP:1,FARM_OP:100.00%
ဘောင်လုံး,1,0.00%,FARM_OP:1,FARM_OP:100.00%
ဘောင်အမြင့်များပြုလုပ်,1,0.00%,FARM_OP:1,FARM_OP:100.00%
ဘော့ထရိုက်တစ်စီနည်းရီးယား,1,0.00%,PATH:1,PATH:100.00%
ဘော်ဒို,1,0.00%,FUNG:1,FUNG:100.00%
ဘော်ဒိုဆေး၅ဝ,1,0.00%,FERT:1,FERT:100.00%
ဘော်ဒိုမစ်ခြာ,1,0.00%,FUNG:1,FUNG:100.00%
ဘော်ဒိုးဆေးရည်,1,0.00%,FUNG:1,FUNG:100.00%
ဘေးကပ်ရပ်စိုက်,1,0.00%,FARM_OP:1,FARM_OP:100.00%
ဘေးတိုက်ပါးချင်းအပ်အကိုင်းဆက်နည်း,1,0.00%,METHOD:1,METHOD:100.00%
ဘေးဖူး,1,0.00%,CROP_PART:1,CROP_PART:100.00%
ဘေးမြစ်,1,0.00%,CROP_PART:1,CROP_PART:100.00%
ဘဲချေး,1,0.00%,FERT:1,FERT:100.00%
ဘဲထယ်သွားဂျုတ်,1,0.00%,EQUIP:1,EQUIP:100.00%
မက္ကစီကို,1,0.00%,LOC:1,LOC:100.00%
မက်ဂေါ့လောက်ကောင်,1,0.00%,PEST:1,PEST:100.00%
မက်ဆီပက်ပေါင်းပင်,1,0.00%,WEED:1,WEED:100.00%
မက်တယ်လက်ဇင်,1,0.00%,FUNG:1,FUNG:100.00%
မက်တလယ်စီ,1,0.00%,FUNG:1,FUNG:100.00%
မက်တိုလာကလို,1,0.00%,HERB:1,HERB:100.00%
မဂန္ဓမာပန်း,1,0.00%,CROP:1,CROP:100.00%
မဂ္ဂနစ်စီယမ်,1,0.00%,NUT:1,NUT:100.00%
မဂ္ဂနီစ်၁၃.၄%,1,0.00%,QTY:1,QTY:100.00%
မင်ဂိုဇက်,1,0.00%,FUNG:1,FUNG:100.00%
မင်းဂွတ်,1,0.00%,CROP:1,CROP:100.00%
မင်းဂွတ်ပင်,1,0.00%,CROP:1,CROP:100.00%
မင်းတပ်,1,0.00%,LOC:1,LOC:100.00%
မင်းတုန်းဥမြွှာမျိုး,1,0.00%,VAR:1,VAR:100.00%
မင်းမဟော်ကုမ္ပဏီ,1,0.00%,ORG:1,ORG:100.00%
မစိုက်,1,0.00%,FARM_OP:1,FARM_OP:100.00%
မစုပ်နိုင်သေးသောကြောင့်ပြောင်းစိုက်,1,0.00%,FARM_OP:1,FARM_OP:100.00%
မစ္စတာကေ့စ်,1,0.00%,PER:1,PER:100.00%
မစ္စတာဘရေတွန်ကေ့စ်,1,0.00%,PER:1,PER:100.00%
မည်းလာ,1,0.00%,SYM:1,SYM:100.00%
မတ်ခင်းဖားဥမှို,1,0.00%,PATH:1,PATH:100.00%
မတ်မတ်ချစိုက်,1,0.00%,FARM_OP:1,FARM_OP:100.00%
မထွန်ဘဲတိုက်ရိုက်စိုက်ပျိုးခြင်း,1,0.00%,METHOD:1,METHOD:100.00%
မထွန်ယက်,1,0.00%,FARM_OP:1,FARM_OP:100.00%
မနက်ဖန်,1,0.00%,TIME:1,TIME:100.00%
မနက်အစော,1,0.00%,TIME:1,TIME:100.00%
မနေ့ကညနေ,1,0.00%,TIME:1,TIME:100.00%
မနေ့ညနေ,1,0.00%,TIME:1,TIME:100.00%
မန်ကိုဇတ်,1,0.00%,FUNG:1,FUNG:100.00%
မန်ကျည်းမြေ,1,0.00%,SOIL_TYPE:1,SOIL_TYPE:100.00%
မန်ဂနိ,1,0.00%,NUT:1,NUT:100.00%
မန်းလေး,1,0.00%,LOC:1,LOC:100.00%
မပက်,1,0.00%,FARM_OP:1,FARM_OP:100.00%
မပက်ဖျန်း,1,0.00%,FARM_OP:1,FARM_OP:100.00%
မပုပ်,1,0.00%,SYM:1,SYM:100.00%
မပွင့်ဘဲသေးနေ,1,0.00%,SYM:1,SYM:100.00%
မယ့်နေရာဆီသို့အလွယ်တကူပြောင်းစိုက်,1,0.00%,FARM_OP:1,FARM_OP:100.00%
မရမ်း,1,0.00%,CROP:1,CROP:100.00%
မရမ်းပင်,1,0.00%,CROP:1,CROP:100.00%
မလကာသီး,1,0.00%,CROP:1,CROP:100.00%
မလိုင်မြို့,1,0.00%,LOC:1,LOC:100.00%
မဝင်ခင်မြေအစိုဓါတ်ရှိချိန်မှာအပင်ခြေ,1,0.00%,CROP_PART:1,CROP_PART:100.00%
မအူပင်,1,0.00%,LOC:1,LOC:100.00%
မာကာမြက်,1,0.00%,WEED:1,WEED:100.00%
မာလကာပင်ညိုးသေရောဂါ,1,0.00%,DIS:1,DIS:100.00%
မာလကာပင်၊,1,0.00%,CROP:1,CROP:100.00%
မိကျောင်းအံဖတ်,1,0.00%,CROP:1,CROP:100.00%
မိချောင်းခေါင်း,1,0.00%,VAR:1,VAR:100.00%
မိနစ်(၃ဝ),1,0.00%,PERIOD:1,PERIOD:100.00%
မိုက်ကိုရိုင်ဇာ,1,0.00%,FERT:1,FERT:100.00%
မိုက်ခရုပ်,1,0.00%,PATH:1,PATH:100.00%
မိုစိတ်ဗိုင်းရပ်စ်ရောဂါ,1,0.00%,DIS:1,DIS:100.00%
မိုစေ့ရောဂါ,1,0.00%,DIS:1,DIS:100.00%
မိုဇိတ်ရောဂါ,1,0.00%,DIS:1,DIS:100.00%
မိုဒဏ်,1,0.00%,ABIOD:1,ABIOD:100.00%
မိုနိုကရိုတိုဖော့,1,0.00%,PESTI:1,PESTI:100.00%
မိုရယ်လ်မုန်း,1,0.00%,NUT:1,NUT:100.00%
မိုးကမပျက်ရွာ,1,0.00%,WEATHER:1,WEATHER:100.00%
မိုးကြီး,1,0.00%,WEATHER:1,WEATHER:100.00%
မိုးခေါင်ခြောက်သွေ့မှု,1,0.00%,ABIOD:1,ABIOD:100.00%
မိုးခေါင်ရေရှားဒဏ်,1,0.00%,ABIOD:1,ABIOD:100.00%
မိုးခေါင်ရေရှားမှုဒဏ်,1,0.00%,ABIOD:1,ABIOD:100.00%
မိုးဆက်တိုက်ရွာ,1,0.00%,WEATHER:1,WEATHER:100.00%
မိုးတွေရွာတော့,1,0.00%,WEATHER:1,WEATHER:100.00%
မိုးနွေ,1,0.00%,SEASON:1,SEASON:100.00%
မိုးပက်ခြင်း,1,0.00%,ABIOD:1,ABIOD:100.00%
မိုးပါး,1,0.00%,WEATHER:1,WEATHER:100.00%
မိုးပုလဲ,1,0.00%,FERT:1,FERT:100.00%
မိုးပြန်လှည့်,1,0.00%,WEATHER:1,WEATHER:100.00%
မိုးဖျက်,1,0.00%,ABIOD:1,ABIOD:100.00%
မိုးဖွဲဖွဲ,1,0.00%,WEATHER:1,WEATHER:100.00%
မိုးဖွဲဖွဲရွာသောနေ့,1,0.00%,WEATHER:1,WEATHER:100.00%
မိုးများတဲ့ဒေသတွေမှာဆိုရင်ဂဝံမြေ,1,0.00%,SOIL_TYPE:1,SOIL_TYPE:100.00%
မိုးရေချိန်(၃၀-၁၀၀)လက်မ,1,0.00%,WEATHER:1,WEATHER:100.00%
မိုးရေချိန်၂၀လက်မ,1,0.00%,WEATHER:1,WEATHER:100.00%
မိုးရွာခြင်း,1,0.00%,WEATHER:1,WEATHER:100.00%
မိုးလုံးမှိုင်းသစ်ခွ,1,0.00%,VAR:1,VAR:100.00%
မိုးလေဝသကင်းစင်,1,0.00%,WEATHER:1,WEATHER:100.00%
မိုးလွတ်ရန်,1,0.00%,WEATHER:1,WEATHER:100.00%
မိုးအရမ်းများ,1,0.00%,WEATHER:1,WEATHER:100.00%
မိုးအသင့်အတင့်ရွာ,1,0.00%,WEATHER:1,WEATHER:100.00%
မိုးအုံ့သောနေ့,1,0.00%,WEATHER:1,WEATHER:100.00%
မိုးဦး,1,0.00%,SEASON:1,SEASON:100.00%
မိုးဦးကျချိန်,1,0.00%,TIME:1,TIME:100.00%
မိူရောဂါ,1,0.00%,DIS:1,DIS:100.00%
မီတာစန်းတော့,1,0.00%,PESTI:1,PESTI:100.00%
မီတာ၁၅၀ဝပေ၄၉၀၀ကျော်,1,0.00%,DIST:1,DIST:100.00%
မီပီကွတ်ကလိုရိုက်,1,0.00%,FERT:1,FERT:100.00%
မီသိုမော့,1,0.00%,FUNG:1,FUNG:100.00%
မီးခိုးပေါင်းခံရည်,1,0.00%,PESTI:1,PESTI:100.00%
မီးစုန်းဓာတ်,1,0.00%,NUT:1,NUT:100.00%
မီးရှို့ခြင်း,1,0.00%,FARM_OP:1,FARM_OP:100.00%
မီးရှို့ပြာ,1,0.00%,FERT:1,FERT:100.00%
မုန်ညင်းစိမ်း,1,0.00%,CROP:1,CROP:100.00%
မုန်လာထုပ်,1,0.00%,CROP:1,CROP:100.00%
မုံလာပန်း,1,0.00%,CROP:1,CROP:100.00%
မူရင်းဒေသမှာမက်စီကိုနှင့်အနောက်တောင်အမေရိက,1,0.00%,LOC:1,LOC:100.00%
မေမြို့ပန်း,1,0.00%,CROP:1,CROP:100.00%
မေမှဇွန်,1,0.00%,PERIOD:1,PERIOD:100.00%
မေရိက,1,0.00%,LOC:1,LOC:100.00%
မောက်ဇီ,1,0.00%,FUNG:1,FUNG:100.00%
မောင်ရဲထွဠ်အောင်,1,0.00%,PER:1,PER:100.00%
မော်ရယ်မုန်း,1,0.00%,FERT:1,FERT:100.00%
မော်လမြိုင်,1,0.00%,LOC:1,LOC:100.00%
မော်လမြိုင်ကျွန်း,1,0.00%,LOC:1,LOC:100.00%
မဲပီးကြွေ,1,0.00%,SYM:1,SYM:100.00%
မဲ‌နေ,1,0.00%,SYM:1,SYM:100.00%
များကိုကွင်းထဲသို့ရွှေ့ပြောင်းစိုက်,1,0.00%,FARM_OP:1,FARM_OP:100.00%
များကိုဂျီအေ,1,0.00%,FERT:1,FERT:100.00%
များကိုဒေသအလိုက်လေချူသီး၊တရုတ်ဇီးသီး၊သမင်မျက်လုံးသီး၊နှင်းသီး၊လုန်အန်သီး(တရုတ်အခေါအဝေါနဂါးမျက်လုံးသီး)၊သကြားသီး၊တောကြက်မောက်သီး၊စစ်ကိုင်း,1,0.00%,LOC:1,LOC:100.00%
များကိုနှုတ်ဖြတ်ချေဖျက်ပြီးတမန်းသားထဲသို့ထိုးနှစ်ပစ်လိုက်၍သစ်စိမ်းမြေဩဇာ,1,0.00%,FERT:1,FERT:100.00%
များကိုဖယ်ရှားပါ:ပုပ်နေ,1,0.00%,SYM:1,SYM:100.00%
များကိုမိုးဦး,1,0.00%,TIME:1,TIME:100.00%
များကြီးထွားလာချိန်မှာနီညိုရောင်ပြောင်း,1,0.00%,SYM:1,SYM:100.00%
များထဲမှဓာတ်မြေဩဇာ,1,0.00%,FERT:1,FERT:100.00%
များပျပိုး,1,0.00%,PEST:1,PEST:100.00%
များဖြစ်သည့်သစ်ဆွေးမြေဩဇာ,1,0.00%,FERT:1,FERT:100.00%
များမပြုလုပ်နိုင်သော်လည်းမိမိအနီးဝန်းကျင်မှာသဘာဝသယံဇာတများဖြင့်သဘာဝမြေဩဇာ,1,0.00%,FERT:1,FERT:100.00%
များရိတ်သိမ်းခြင်း,1,0.00%,FARM_OP:1,FARM_OP:100.00%
မျိုးကိုရင့်သည်တိုင်ထားပြီးအထဲမအစေ့များထုတ်၍ရေဘူး,1,0.00%,CROP:1,CROP:100.00%
မျိုးကူးခြင်း,1,0.00%,FARM_OP:1,FARM_OP:100.00%
မျိုးစပ်ခြင်း,1,0.00%,FARM_OP:1,FARM_OP:100.00%
မျိုးစေ့ချစိုက်ပျိုးနည်းလမ်း,1,0.00%,METHOD:1,METHOD:100.00%
မျိုးစေ့ထုတ်စိုက်ခင်း,1,0.00%,SEED:1,SEED:100.00%
မျိုးစေ့ထုတ်ယူမှု,1,0.00%,FARM_OP:1,FARM_OP:100.00%
မျိုးစေ့နှုန်း,1,0.00%,SEED:1,SEED:100.00%
မျိုးစေ့လူးနယ်စိုက်ပျိုး,1,0.00%,FARM_OP:1,FARM_OP:100.00%
မျိုးစေ့အခြောက်ခံခြင်း,1,0.00%,FARM_OP:1,FARM_OP:100.00%
မျိုးစေ့အညှောက်ဖောက်ခြင်း,1,0.00%,FARM_OP:1,FARM_OP:100.00%
မျိုးဆစ်ပုတ်ရောဂါ,1,0.00%,DIS:1,DIS:100.00%
မျိုးညှောင့်ပေါက်စိုက်ပျိုးပွားများခြင်း,1,0.00%,FARM_OP:1,FARM_OP:100.00%
မျိုးထားသိုမှုစနစ်,1,0.00%,METHOD:1,METHOD:100.00%
မျိုးပိုင်း,1,0.00%,SEED:1,SEED:100.00%
မျိုးပဲ,1,0.00%,SEED:1,SEED:100.00%
မျိုးပျိုးပင်ရယူခြင်း,1,0.00%,FARM_OP:1,FARM_OP:100.00%
မျိုးပွားစိုက်ပျိုး,1,0.00%,FARM_OP:1,FARM_OP:100.00%
မျိုးပွားနည်း,1,0.00%,FARM_OP:1,FARM_OP:100.00%
မျိုးပွားမှု,1,0.00%,FARM_OP:1,FARM_OP:100.00%
မျိုးများဖြစ်သောယာ-၂၊ယာ-၈၊ယာ-၉၊ယာ-၂ထွန်း,1,0.00%,VAR:1,VAR:100.00%
မျိုးများဗီယင်နာသက်နုအဖြူမျိုး,1,0.00%,VAR:1,VAR:100.00%
မျိုးများသည်ကျပ်၁၄သိန်း,1,0.00%,PRICE:1,PRICE:100.00%
မျိုးများသည်ကျပ်၂၂သိန်း,1,0.00%,PRICE:1,PRICE:100.00%
မျိုးရွေးချယ်ပြုပြင်ခြင်း,1,0.00%,FARM_OP:1,FARM_OP:100.00%
မျိုးသန့်မျိုးစေ့,1,0.00%,SEED:1,SEED:100.00%
မျိုးဥရွေးချယ်ခြင်း,1,0.00%,FARM_OP:1,FARM_OP:100.00%
မျောက်သစ်ခွ,1,0.00%,VAR:1,VAR:100.00%
မြက်ကျွတ်နီ,1,0.00%,WEED:1,WEED:100.00%
မြက်ကြိမ်,1,0.00%,WEED:1,WEED:100.00%
မြက်ခေါင်း,1,0.00%,WEED:1,WEED:100.00%
မြက်ချို,1,0.00%,WEED:1,WEED:100.00%
မြက်မုံညင်း,1,0.00%,WEED:1,WEED:100.00%
မြက်မုံညှင်း,1,0.00%,WEED:1,WEED:100.00%
မြက်ယားကြီး,1,0.00%,WEED:1,WEED:100.00%
မြက်ရမ်းစက်,1,0.00%,EQUIP:1,EQUIP:100.00%
မြက်လေးခွ,1,0.00%,WEED:1,WEED:100.00%
မြက်သင်တုန်း,1,0.00%,WEED:1,WEED:100.00%
မြက်သီးပင်,1,0.00%,WEED:1,WEED:100.00%
မြင်းချေးမြေဆွေး,1,0.00%,FERT:1,FERT:100.00%
မြင်းမူ,1,0.00%,LOC:1,LOC:100.00%
မြင်းမူမြို့နယ်,1,0.00%,LOC:1,LOC:100.00%
မြစ်ကြီးနား,1,0.00%,LOC:1,LOC:100.00%
မြစ်ခြေက်ဆွေးရောဂါ,1,0.00%,DIS:1,DIS:100.00%
မြစ်ခြောက်ဆွေးရောဂါ,1,0.00%,DIS:1,DIS:100.00%
မြစ်ထုံးနီမတုတ်,1,0.00%,PEST:1,PEST:100.00%
မြစ်ပုပ်ရောဂါ,1,0.00%,DIS:1,DIS:100.00%
မြစ်ဖု,1,0.00%,CROP_PART:1,CROP_PART:100.00%
မြစ်ဖုဇီဝမြေဩဇာ,1,0.00%,FERT:1,FERT:100.00%
မြစ်ဖုနမတုတ်,1,0.00%,PEST:1,PEST:100.00%
မြစ်ဖုနီမတုတ်,1,0.00%,PEST:1,PEST:100.00%
မြစ်ဖုဘက်တီးရား,1,0.00%,PATH:1,PATH:100.00%
မြစ်ဖုရောဂါ,1,0.00%,DIS:1,DIS:100.00%
မြန်မာချင်းဖြူ,1,0.00%,VAR:1,VAR:100.00%
မြန်မာနိုင်ငံကော်ဖီအသင်း,1,0.00%,ORG:1,ORG:100.00%
မြန်မာ့ကြံ,1,0.00%,VAR:1,VAR:100.00%
မြန်မာ့သစ်ခွ,1,0.00%,VAR:1,VAR:100.00%
မြသာ,1,0.00%,VAR:1,VAR:100.00%
မြေကြပ်ခြင်း,1,0.00%,ABIOD:1,ABIOD:100.00%
မြေကြီးကိုသစ်စိမ်းမြေသြဇာ,1,0.00%,FERT:1,FERT:100.00%
မြေခံဓာတ်မြေသြဇာ,1,0.00%,FERT:1,FERT:100.00%
မြေခံမြေဩဇာ,1,0.00%,FERT:1,FERT:100.00%
မြေချစိုက်ပျိုး,1,0.00%,FARM_OP:1,FARM_OP:100.00%
မြေချဉ်ခြင်း,1,0.00%,ABIOD:1,ABIOD:100.00%
မြေချဉ်ငန်ဓာတ်6-7ပီအိတ်ချ်,1,0.00%,SOIL_TYPE:1,SOIL_TYPE:100.00%
မြေချဉ်ငန်ပီအိပ်ချ်6.0–7.0,1,0.00%,SOIL_TYPE:1,SOIL_TYPE:100.00%
မြေချဉ်ငံကိန်းတိုင်းတာစက်,1,0.00%,EQUIP:1,EQUIP:100.00%
မြေစပ်ခြင်း,1,0.00%,FARM_OP:1,FARM_OP:100.00%
မြေစေးဆန်သောနုန်းမြေ,1,0.00%,SOIL_TYPE:1,SOIL_TYPE:100.00%
မြေဆီဓာတ်,1,0.00%,SOIL_TYPE:1,SOIL_TYPE:100.00%
မြေဆီလွှာကောင်းမွန်အောင်ဆောင်ရွက်ခြင်း,1,0.00%,FARM_OP:1,FARM_OP:100.00%
မြေဆီလွှာကောင်းမွန်အောင်ပြုပြင်ဆောင်ရွက်ပေးခြင်း,1,0.00%,FARM_OP:1,FARM_OP:100.00%
မြေဆီလွှာကြည့်ရတာအစိုဓာတ်လုံးဝမရှိတော့သလိုပါပဲခင်ဗျ၊,1,0.00%,FARM_OP:1,FARM_OP:100.00%
မြေဆီလွှာချဉ်ငန်ဓာတ်,1,0.00%,SOIL_TYPE:1,SOIL_TYPE:100.00%
မြေဆီလွှာတိုက်စားခံရခြင်း,1,0.00%,ABIOD:1,ABIOD:100.00%
မြေဆီလွှာပြုန်းတီး,1,0.00%,ABIOD:1,ABIOD:100.00%
မြေဆီသြဇာကျွေးခြင်း,1,0.00%,FARM_OP:1,FARM_OP:100.00%
မြေဆွေးနွားချေး,1,0.00%,FERT:1,FERT:100.00%
မြေတိုင်းကိရိယာ,1,0.00%,EQUIP:1,EQUIP:100.00%
မြေတူး,1,0.00%,FARM_OP:1,FARM_OP:100.00%
မြေတောင်မြှောက်,1,0.00%,FARM_OP:1,FARM_OP:100.00%
မြေတွင်းပိုးသတ်ဆေး,1,0.00%,PESTI:1,PESTI:100.00%
မြေတွင်းအောင်းပိုး,1,0.00%,PEST:1,PEST:100.00%
မြေတွင်းအောင်းပိုးမွှားရောဂါ,1,0.00%,DIS:1,DIS:100.00%
မြေတွင်းအောင်းဖျက်ကောင်,1,0.00%,PEST:1,PEST:100.00%
မြေထုပ်စည်းမျိုးပွား,1,0.00%,FARM_OP:1,FARM_OP:100.00%
မြေထောက်ပဲ,1,0.00%,CROP:1,CROP:100.00%
မြေထဲပင်လယ်ဒေသ,1,0.00%,LOC:1,LOC:100.00%
မြေထွန်ယက်,1,0.00%,FARM_OP:1,FARM_OP:100.00%
မြေနီသဲမြေ,1,0.00%,SOIL_TYPE:1,SOIL_TYPE:100.00%
မြေနီသဲဝန်း,1,0.00%,SOIL_TYPE:1,SOIL_TYPE:100.00%
မြေနေရာရွေးချယ်ခြင်း,1,0.00%,FARM_OP:1,FARM_OP:100.00%
မြေပဲအစေ့,1,0.00%,SEED:1,SEED:100.00%
မြေပြန့်ဒေသ,1,0.00%,LOC:1,LOC:100.00%
မြေပြန့်တညင်း,1,0.00%,VAR:1,VAR:100.00%
မြေပြုပြင်မှု,1,0.00%,FARM_OP:1,FARM_OP:100.00%
မြေဖုံးစိုက်ပျိုးခြင်း,1,0.00%,METHOD:1,METHOD:100.00%
မြေဖုံးပေးခြင်း,1,0.00%,FARM_OP:1,FARM_OP:100.00%
မြေမဲ,1,0.00%,SOIL_TYPE:1,SOIL_TYPE:100.00%
မြေမဲ့စိုက်ပျိုး,1,0.00%,METHOD:1,METHOD:100.00%
မြေမြှုပ်ပျိုးထောင်,1,0.00%,FARM_OP:1,FARM_OP:100.00%
မြေမြှုပ်မျိုးပွား,1,0.00%,FARM_OP:1,FARM_OP:100.00%
မြေယာထပ်မံပြုပြင်,1,0.00%,FARM_OP:1,FARM_OP:100.00%
မြေယာပြုပြင်မှု,1,0.00%,FARM_OP:1,FARM_OP:100.00%
မြေယာရှင်းလင်းခြင်း,1,0.00%,FARM_OP:1,FARM_OP:100.00%
မြေလွတ်သဲ,1,0.00%,SOIL_TYPE:1,SOIL_TYPE:100.00%
မြေလှပ်,1,0.00%,FARM_OP:1,FARM_OP:100.00%
မြေဝါ,1,0.00%,SOIL_TYPE:1,SOIL_TYPE:100.00%
မြေသားနက်,1,0.00%,SOIL_TYPE:1,SOIL_TYPE:100.00%
မြေသားပျက်စီးခြင်း,1,0.00%,ABIOD:1,ABIOD:100.00%
မြေသြဇာကျွေး,1,0.00%,FARM_OP:1,FARM_OP:100.00%
မြေသြဇာများကိုဆတူရောပြီးရွေ့ပြောင်းစိုက်,1,0.00%,FARM_OP:1,FARM_OP:100.00%
မြေအစို,1,0.00%,SOIL_TYPE:1,SOIL_TYPE:100.00%
မြေအောင်းအင်းဆက်,1,0.00%,PEST:1,PEST:100.00%
မြေအောင်းအင်းဆက်ပိုး,1,0.00%,PEST:1,PEST:100.00%
မြေဩဇာထည့်ခြင်း,1,0.00%,FARM_OP:1,FARM_OP:100.00%
မြေဩဇာထည့်သွင်းခြင်း,1,0.00%,FARM_OP:1,FARM_OP:100.00%
မြေဩဇာပက်ကျွေး,1,0.00%,FARM_OP:1,FARM_OP:100.00%
မြေဩဇာဖျော်ရည်,1,0.00%,FERT:1,FERT:100.00%
မြေဩဇာလိုက်ကျွေး,1,0.00%,FARM_OP:1,FARM_OP:100.00%
မြောက်ကိုရီးယား,1,0.00%,LOC:1,LOC:100.00%
မြောင်းတူး,1,0.00%,FARM_OP:1,FARM_OP:100.00%
မြောင်းမြတညင်း,1,0.00%,VAR:1,VAR:100.00%
မြေးစေး,1,0.00%,SOIL_TYPE:1,SOIL_TYPE:100.00%
မြေးဆွေး,1,0.00%,FERT:1,FERT:100.00%
မွန်ပြည်,1,0.00%,LOC:1,LOC:100.00%
မွသောမြေ,1,0.00%,SOIL_TYPE:1,SOIL_TYPE:100.00%
မွှာပင့်ကူနီ,1,0.00%,PEST:1,PEST:100.00%
မွှားပင့်ကူနီစုပ်စားပိုး,1,0.00%,PEST:1,PEST:100.00%
မွှားပင်းခူနီ,1,0.00%,PEST:1,PEST:100.00%
မွှားပိုး,1,0.00%,PEST:1,PEST:100.00%
မွှေ,1,0.00%,FARM_OP:1,FARM_OP:100.00%
မှ(၁၀၀၀),1,0.00%,QTY:1,QTY:100.00%
မှစတင်စိုက်,1,0.00%,FARM_OP:1,FARM_OP:100.00%
မှည့်ပျောက်စွန်း,1,0.00%,DIS:1,DIS:100.00%
မှည့်ပြောက်စွန်းရောဂါ,1,0.00%,DIS:1,DIS:100.00%
မှထွက်သောသစ်ရွက်ခြောက်,1,0.00%,FERT:1,FERT:100.00%
မှာ(၈ဝ-၈၅%),1,0.00%,QTY:1,QTY:100.00%
မှာဆောင်း,1,0.00%,SEASON:1,SEASON:100.00%
မှာပြောင်းစိုက်,1,0.00%,FARM_OP:1,FARM_OP:100.00%
မှာ၄၀-၅၀%,1,0.00%,HUM:1,HUM:100.00%
မှိုကုန်းဘောင်ဟင်း,1,0.00%,FOOD:1,FOOD:100.00%
မှိုစပိုး,1,0.00%,PATH:1,PATH:100.00%
မှိုစေ့ဗိုင်းရပ်စ်ရောဂါ,1,0.00%,DIS:1,DIS:100.00%
မှိုထုပ်,1,0.00%,CROP:1,CROP:100.00%
မှိုထုပ်များထားရှိသောနေရာသည်အပူချိန်,1,0.00%,WEATHER:1,WEATHER:100.00%
မှိုပိုး,1,0.00%,PATH:1,PATH:100.00%
မှိုပိုးမွှား,1,0.00%,PATH:1,PATH:100.00%
မှိုသတ်ဆေးဖျန်းပက်ကာကွယ်,1,0.00%,FARM_OP:1,FARM_OP:100.00%
မှိုသတ်ဆေးလူးနယ်စိုက်ပျိုးခြင်း,1,0.00%,FARM_OP:1,FARM_OP:100.00%
မှိုအခြောက်ခံစက်,1,0.00%,EQUIP:1,EQUIP:100.00%
မှို့ကပ်ချိန်,1,0.00%,TIME:1,TIME:100.00%
မှုန့်,1,0.00%,NUT:1,NUT:100.00%
မှော်ဓါး,1,0.00%,PESTI:1,PESTI:100.00%
မှော်ဘီ-၂,1,0.00%,VAR:1,VAR:100.00%
မှော်ဘီကောက်ညှင်း,1,0.00%,VAR:1,VAR:100.00%
မှဲ့ပြောက်,1,0.00%,SYM:1,SYM:100.00%
ယခုနှစ်,1,0.00%,TIME:1,TIME:100.00%
ယင်ကောင်ဖြူဖြူလေး,1,0.00%,PEST:1,PEST:100.00%
ယင်ကောင်အုပ်စုကြောင့်ရွက်ထွင်း,1,0.00%,PEST:1,PEST:100.00%
ယင်ကောင်အုပ်စုရွက်ထွင်းပိုး,1,0.00%,PEST:1,PEST:100.00%
ယင်လောက်ကောင်,1,0.00%,PEST:1,PEST:100.00%
ယင်ဥ,1,0.00%,PEST:1,PEST:100.00%
ယင်းမာပင်,1,0.00%,LOC:1,LOC:100.00%
ယာ-၂ထွန်း,1,0.00%,VAR:1,VAR:100.00%
ယာ-၄,1,0.00%,VAR:1,VAR:100.00%
ယာ-၅,1,0.00%,VAR:1,VAR:100.00%
ယာ-၈,1,0.00%,VAR:1,VAR:100.00%
ယာ-၉,1,0.00%,VAR:1,VAR:100.00%
ယာရာမီလာကွန်ပေါင်းမြေဩဇာ,1,0.00%,FERT:1,FERT:100.00%
ယိုင်ခြင်း,1,0.00%,SYM:1,SYM:100.00%
ယိုယွင်း,1,0.00%,SYM:1,SYM:100.00%
ယိုးဒယား,1,0.00%,LOC:1,LOC:100.00%
ယုဂန်ဒါ,1,0.00%,LOC:1,LOC:100.00%
ယူကရိန်း,1,0.00%,LOC:1,LOC:100.00%
ယူရီယား,1,0.00%,FERT:1,FERT:100.00%
ရက်(၁၀၀),1,0.00%,PERIOD:1,PERIOD:100.00%
ရက်(၃ဝ),1,0.00%,PERIOD:1,PERIOD:100.00%
ရက်(၃၀),1,0.00%,PERIOD:1,PERIOD:100.00%
ရက်(၆၀-၁၂၀),1,0.00%,PERIOD:1,PERIOD:100.00%
ရက်20,1,0.00%,PERIOD:1,PERIOD:100.00%
ရက်90စပါး,1,0.00%,VAR:1,VAR:100.00%
ရက်90နွေစပါး,1,0.00%,VAR:1,VAR:100.00%
ရက်တစ်ရာ,1,0.00%,PERIOD:1,PERIOD:100.00%
ရက်ပေါင်း(၁၀၀),1,0.00%,PERIOD:1,PERIOD:100.00%
ရက်ပေါင်း(၂၁၀),1,0.00%,PERIOD:1,PERIOD:100.00%
ရက်ပေါင်း(၃၀),1,0.00%,PERIOD:1,PERIOD:100.00%
ရက်ပေါင်း(၉၀-၁၂၀),1,0.00%,PERIOD:1,PERIOD:100.00%
ရက်ပေါင်း၃၈.၄၀,1,0.00%,PERIOD:1,PERIOD:100.00%
ရက်ပေါင်း၆၀,1,0.00%,PERIOD:1,PERIOD:100.00%
ရက်ပေါင်း၉၀,1,0.00%,PERIOD:1,PERIOD:100.00%
ရက်လေးဆယ်,1,0.00%,PERIOD:1,PERIOD:100.00%
ရက်၁၂၀,1,0.00%,PERIOD:1,PERIOD:100.00%
ရက်၂၀,1,0.00%,PERIOD:1,PERIOD:100.00%
ရက်၂၀မှ၃၀,1,0.00%,PERIOD:1,PERIOD:100.00%
ရက်၃၀-၄၀,1,0.00%,PERIOD:1,PERIOD:100.00%
ရက်၃၅,1,0.00%,PERIOD:1,PERIOD:100.00%
ရက်၄၀မှ၆၀,1,0.00%,PERIOD:1,PERIOD:100.00%
ရက်၅၅-၆၀,1,0.00%,PERIOD:1,PERIOD:100.00%
ရက်၆၀,1,0.00%,PERIOD:1,PERIOD:100.00%
ရက်၉၀ဆောင်း,1,0.00%,VAR:1,VAR:100.00%
ရက်၉၀မျိုး,1,0.00%,VAR:1,VAR:100.00%
ရခိုင်ပြည်နယ်,1,0.00%,LOC:1,LOC:100.00%
ရင်ကွဲပိုး,1,0.00%,PEST:1,PEST:100.00%
ရင့်မှည့်ချိန်,1,0.00%,TIME:1,TIME:100.00%
ရတနာအောင်,1,0.00%,VAR:1,VAR:100.00%
ရန်သင့်တော်မှု:ဇန်နဝါရီ,1,0.00%,TIME:1,TIME:100.00%
ရမည်းသင်း,1,0.00%,LOC:1,LOC:100.00%
ရမည်းသင်းခရိုင်,1,0.00%,LOC:1,LOC:100.00%
ရရန်ခက်ခဲပါကအင်အောဂဲနစ်ဓာတ်မြေဩဇာ,1,0.00%,FERT:1,FERT:100.00%
ရာသီစပါး,1,0.00%,VAR:1,VAR:100.00%
ရာသီပင်,1,0.00%,CROP:1,CROP:100.00%
ရာသီဥတုဆိုးရွား,1,0.00%,ABIOD:1,ABIOD:100.00%
ရာသီဥတုဆိုးဝါးမှု,1,0.00%,ABIOD:1,ABIOD:100.00%
ရာသီဥတုဖောက်ပြန်မှု,1,0.00%,ABIOD:1,ABIOD:100.00%
ရိတ်ပြီး,1,0.00%,FARM_OP:1,FARM_OP:100.00%
ရိတ်သိမ်းချိန်လွန်နည်းပညာ,1,0.00%,METHOD:1,METHOD:100.00%
ရိတ်သိမ်းချွေလှေ့,1,0.00%,FARM_OP:1,FARM_OP:100.00%
ရိတ်သိမ်းပေးခြင်း,1,0.00%,FARM_OP:1,FARM_OP:100.00%
ရိရော်ခြင်း,1,0.00%,SYM:1,SYM:100.00%
ရိုဂေါ,1,0.00%,PESTI:1,PESTI:100.00%
ရိုင်ဇိုဘီးယမ်,1,0.00%,NUT:1,NUT:100.00%
ရိုင်ဗိုဖလာဗင်,1,0.00%,NUT:1,NUT:100.00%
ရိုးကွဲစေးထွက်,1,0.00%,DIS:1,DIS:100.00%
ရိုးနီ,1,0.00%,VAR:1,VAR:100.00%
ရိုးပုပ်ရောဂါ,1,0.00%,DIS:1,DIS:100.00%
ရိုးပြတ်ဆွေးမြေဩဇာ,1,0.00%,FERT:1,FERT:100.00%
ရိုးမဲ,1,0.00%,SYM:1,SYM:100.00%
ရိုးမဲဆစ်ပြုပ်ရောဂါ,1,0.00%,DIS:1,DIS:100.00%
ရိုးမဲအရွက်မဲ,1,0.00%,DIS:1,DIS:100.00%
ရီဒိုမိုင်း,1,0.00%,FUNG:1,FUNG:100.00%
ရီဖရက်တိုမီတာ,1,0.00%,EQUIP:1,EQUIP:100.00%
ရုရှား,1,0.00%,LOC:1,LOC:100.00%
ရုံပတီ,1,0.00%,CROP:1,CROP:100.00%
ရေကိုပြန်လည်ထုတ်ပစ်,1,0.00%,FARM_OP:1,FARM_OP:100.00%
ရေကြိုစိမ်,1,0.00%,FARM_OP:1,FARM_OP:100.00%
ရေငတ်,1,0.00%,SYM:1,SYM:100.00%
ရေငန်ဒဏ်,1,0.00%,ABIOD:1,ABIOD:100.00%
ရေငန်နုန်းမြေ,1,0.00%,SOIL_TYPE:1,SOIL_TYPE:100.00%
ရေစိုကွက်,1,0.00%,SYM:1,SYM:100.00%
ရေစိုနာကွက်,1,0.00%,SYM:1,SYM:100.00%
ရေစိုနာကွက်ရောဂါ,1,0.00%,DIS:1,DIS:100.00%
ရေစိုပုပ်,1,0.00%,SYM:1,SYM:100.00%
ရေဆင်း(၁),1,0.00%,VAR:1,VAR:100.00%
ရေဆင်း(၂),1,0.00%,VAR:1,VAR:100.00%
ရေဆင်း-၂,1,0.00%,VAR:1,VAR:100.00%
ရေဆင်း14,1,0.00%,VAR:1,VAR:100.00%
ရေဆင်းဂျုံ-၂,1,0.00%,VAR:1,VAR:100.00%
ရေဆင်းဂျုံ-၃,1,0.00%,VAR:1,VAR:100.00%
ရေဆင်းဂျုံ-၄,1,0.00%,VAR:1,VAR:100.00%
ရေဆင်းဂျုံ-၅,1,0.00%,VAR:1,VAR:100.00%
ရေဆင်းဂျုံ-၆,1,0.00%,VAR:1,VAR:100.00%
ရေဆင်းဂျုံ-၈,1,0.00%,VAR:1,VAR:100.00%
ရေဆင်းစပ်မျိုး-၁,1,0.00%,VAR:1,VAR:100.00%
ရေဆင်းစပ်မျိုးနေကြာ,1,0.00%,VAR:1,VAR:100.00%
ရေဆင်းစပ်မျိုးနေကြာ-၁,1,0.00%,VAR:1,VAR:100.00%
ရေဆင်းဗဟိုစိုက်ပျိုးရေးသုတေသန,1,0.00%,ORG:1,ORG:100.00%
ရေဆင်းမျိုး,1,0.00%,VAR:1,VAR:100.00%
ရေဆင်း၁၁,1,0.00%,VAR:1,VAR:100.00%
ရေတင်တာနဲ့မောင်းတာ,1,0.00%,FARM_OP:1,FARM_OP:100.00%
ရေတိုက်စားခံရခြင်း,1,0.00%,ABIOD:1,ABIOD:100.00%
ရေထမ်းပုံးနှင့်ရေပက်ဖျန်းခြင်း,1,0.00%,FARM_OP:1,FARM_OP:100.00%
ရေဒဏ်,1,0.00%,ABIOD:1,ABIOD:100.00%
ရေနက်-၁,1,0.00%,VAR:1,VAR:100.00%
ရေနက်-၃,1,0.00%,VAR:1,VAR:100.00%
ရေနက်-၄,1,0.00%,VAR:1,VAR:100.00%
ရေနက်-၅,1,0.00%,VAR:1,VAR:100.00%
ရေနည်းဖိစီးမှု,1,0.00%,ABIOD:1,ABIOD:100.00%
ရေနုတ်မြောင်း,1,0.00%,EQUIP:1,EQUIP:100.00%
ရေပေး,1,0.00%,FARM_OP:1,FARM_OP:100.00%
ရေပေးခြင်း,1,0.00%,FARM_OP:1,FARM_OP:100.00%
ရေပေးခြင်းရွှေ့ပြောင်းစိုက်ပျိုး,1,0.00%,FARM_OP:1,FARM_OP:100.00%
ရေပြတ်ခြင်း၊,1,0.00%,ABIOD:1,ABIOD:100.00%
ရေပြတ်လပ်,1,0.00%,ABIOD:1,ABIOD:100.00%
ရေပြတ်လပ်မှု,1,0.00%,ABIOD:1,ABIOD:100.00%
ရေပြန်လည်ဖြန်းခြင်း,1,0.00%,FARM_OP:1,FARM_OP:100.00%
ရေဖောက်ထုတ်,1,0.00%,FARM_OP:1,FARM_OP:100.00%
ရေဖျန်းပေး,1,0.00%,FARM_OP:1,FARM_OP:100.00%
ရေဖျန်းပေးခြင်း,1,0.00%,FARM_OP:1,FARM_OP:100.00%
ရေဖျော်ဖြန်းခြင်း,1,0.00%,FARM_OP:1,FARM_OP:100.00%
ရေဖြတ်ခြင်း,1,0.00%,FARM_OP:1,FARM_OP:100.00%
ရေဖြန်း,1,0.00%,FARM_OP:1,FARM_OP:100.00%
ရေဖြန်းခြင်း,1,0.00%,FARM_OP:1,FARM_OP:100.00%
ရေမဝပ်,1,0.00%,ABIOD:1,ABIOD:100.00%
ရေမဝပ်စေဘဲစိုထိုင်းစကောင်းတဲ့စိုက်ခင်း,1,0.00%,LOC:1,LOC:100.00%
ရေများခြင်း,1,0.00%,ABIOD:1,ABIOD:100.00%
ရေများများပေးသွင်းခြင်း,1,0.00%,FARM_OP:1,FARM_OP:100.00%
ရေယွန်ဂန်,1,0.00%,METHOD:1,METHOD:100.00%
ရေရှားပါး,1,0.00%,ABIOD:1,ABIOD:100.00%
ရေလောင်းပေးခြင်း,1,0.00%,FARM_OP:1,FARM_OP:100.00%
ရေလွှမ်းမိုး,1,0.00%,ABIOD:1,ABIOD:100.00%
ရေလွှမ်းမိုးမှု,1,0.00%,ABIOD:1,ABIOD:100.00%
ရေဝင်ခြင်း,1,0.00%,ABIOD:1,ABIOD:100.00%
ရေဝပ်ဒဏ်,1,0.00%,ABIOD:1,ABIOD:100.00%
ရေဝပ်မှု,1,0.00%,ABIOD:1,ABIOD:100.00%
ရေဝပ်သောမြေ,1,0.00%,SOIL_TYPE:1,SOIL_TYPE:100.00%
ရေဝပ်အစိုဓာတ်များ,1,0.00%,ABIOD:1,ABIOD:100.00%
ရေဝိုင်း,1,0.00%,ABIOD:1,ABIOD:100.00%
ရေသွင်းစိုက်ပျိုးခြင်း,1,0.00%,FARM_OP:1,FARM_OP:100.00%
ရေသွင်းနှမ်း,1,0.00%,CROP:1,CROP:100.00%
ရေသွင်းရေထုတ်စနစ်,1,0.00%,METHOD:1,METHOD:100.00%
ရေအလွန်ကျွံ့သွင်းခြင်း၊မြေခြောက်သွေ့,1,0.00%,WEATHER:1,WEATHER:100.00%
ရောဂါကုသဆေးတစ်ကြိမ်ဖျန်းခဲ့ပြီးပြီဆိုရင်,1,0.00%,FARM_OP:1,FARM_OP:100.00%
ရောဂါကျ,1,0.00%,ABIOD:1,ABIOD:100.00%
ရောဂါကျအရွက်,1,0.00%,CROP_PART:1,CROP_PART:100.00%
ရောဂါပြင်းလို့ပေါက်ထွက်သွားတဲ့လက္ခဏာပါခင်ဗျာ၊ပိုးသတ်ဆေးဖျန်း,1,0.00%,FARM_OP:1,FARM_OP:100.00%
ရောဂါဖြစ်စေသောမှို,1,0.00%,PATH:1,PATH:100.00%
ရောင်ပြောင်း,1,0.00%,SYM:1,SYM:100.00%
ရောင်မညီ,1,0.00%,SYM:1,SYM:100.00%
ရောင်မညီကွက်ကြား,1,0.00%,SYM:1,SYM:100.00%
ရောင်မိုစိတ်ဗိုင်းရပ်စ်ရောဂါ,1,0.00%,DIS:1,DIS:100.00%
ရောစပ်ကျွေး,1,0.00%,FARM_OP:1,FARM_OP:100.00%
ရောစပ်စေခြင်း,1,0.00%,FARM_OP:1,FARM_OP:100.00%
ရောစပ်ပက်,1,0.00%,FARM_OP:1,FARM_OP:100.00%
ရောစပ်အသုံးပြု,1,0.00%,FARM_OP:1,FARM_OP:100.00%
ရောထွေး,1,0.00%,SYM:1,SYM:100.00%
ရောနှော,1,0.00%,FARM_OP:1,FARM_OP:100.00%
ရောနှောခြင်း,1,0.00%,FARM_OP:1,FARM_OP:100.00%
ရောနှောစိုက်ပျိုးခြင်း,1,0.00%,METHOD:1,METHOD:100.00%
ရောပတ်,1,0.00%,FARM_OP:1,FARM_OP:100.00%
ရော့ကက်,1,0.00%,PESTI:1,PESTI:100.00%
ရော့ဖော့စဖိတ်,1,0.00%,FERT:1,FERT:100.00%
ရဲ့နေ့,1,0.00%,TIME:1,TIME:100.00%
ရဲ့မူရင်းဒေသကတောင်အမေရိက,1,0.00%,LOC:1,LOC:100.00%
ရွက်ကြောင်းပိုး,1,0.00%,PEST:1,PEST:100.00%
ရွက်ချွန်,1,0.00%,WEED:1,WEED:100.00%
ရွက်ချွန်း,1,0.00%,WEED:1,WEED:100.00%
ရွက်ချွန်းမြက်,1,0.00%,WEED:1,WEED:100.00%
ရွက်ခြေကနေဖြူ,1,0.00%,SYM:1,SYM:100.00%
ရွက်ခြောက်ကိုင်းဖျားခြောက်ရောဂါ,1,0.00%,DIS:1,DIS:100.00%
ရွက်ခြောက်နှင့်ကိုင်းဖျားခြောက်ရောဂါ,1,0.00%,DIS:1,DIS:100.00%
ရွက်ခြောက်များဖုံးခြင်း,1,0.00%,FARM_OP:1,FARM_OP:100.00%
ရွက်စားကျိုင်းဖျက်ပိုး,1,0.00%,PEST:1,PEST:100.00%
ရွက်စားပိုးဖလံ,1,0.00%,PEST:1,PEST:100.00%
ရွက်စုံစားခူဝါ,1,0.00%,PEST:1,PEST:100.00%
ရွက်ညိုပြောက်ရောဂါ,1,0.00%,DIS:1,DIS:100.00%
ရွက်ညှာတံ,1,0.00%,CROP_PART:1,CROP_PART:100.00%
ရွက်တွန့်ရောဂါ,1,0.00%,DIS:1,DIS:100.00%
ရွက်ထွင်းဂျပိုး,1,0.00%,PEST:1,PEST:100.00%
ရွက်နား,1,0.00%,CROP_PART:1,CROP_PART:100.00%
ရွက်ပုပ်,1,0.00%,DIS:1,DIS:100.00%
ရွက်ပြောက်,1,0.00%,DIS:1,DIS:100.00%
ရွက်ပြောက်ပင်ညှိုးဗိုင်းရပ်စ်ရောဂါ,1,0.00%,DIS:1,DIS:100.00%
ရွက်ဖတ်များ,1,0.00%,CROP_PART:1,CROP_PART:100.00%
ရွက်ဖုန်းခြောက်,1,0.00%,DIS:1,DIS:100.00%
ရွက်ဖုံးပုပ်ရောဂါ,1,0.00%,DIS:1,DIS:100.00%
ရွက်ဖောက်ပိုး,1,0.00%,PEST:1,PEST:100.00%
ရွက်ဖျန်းမြေဩဇာ,1,0.00%,FERT:1,FERT:100.00%
ရွက်ဖျန်းမြေဩဇာအရည်,1,0.00%,FERT:1,FERT:100.00%
ရွက်ဖြန်း,1,0.00%,NUT:1,NUT:100.00%
ရွက်ဖြန်းအားဆေး,1,0.00%,FERT:1,FERT:100.00%
ရွက်လိပ်,1,0.00%,SYM:1,SYM:100.00%
ရွက်လိပ်ရောဂါ,1,0.00%,DIS:1,DIS:100.00%
ရွက်လိပ်ရွက်ကပ်,1,0.00%,PEST:1,PEST:100.00%
ရွက်လိပ်ရွက်ကပ်ပိုး,1,0.00%,PEST:1,PEST:100.00%
ရွက်လိပ်ရွက်ခေါက်ပိုး,1,0.00%,PEST:1,PEST:100.00%
ရွက်လိပ်ရွက်တွန့်ဗိုင်းရပ်စ်ရောဂါ,1,0.00%,DIS:1,DIS:100.00%
ရွက်လိပ်ရွက်ဖြတ်,1,0.00%,PEST:1,PEST:100.00%
ရွက်လိပ်အိမ်ပိုး,1,0.00%,PEST:1,PEST:100.00%
ရွက်ဝိုင်း,1,0.00%,WEED:1,WEED:100.00%
ရွက်ဝိုင်း‌ပေါင်း,1,0.00%,WEED:1,WEED:100.00%
ရွက်သစ်ဆိုင်,1,0.00%,ORG:1,ORG:100.00%
ရွက်ဟောင်းကြွေ,1,0.00%,SYM:1,SYM:100.00%
ရွင်ထွင်းပိုး,1,0.00%,PEST:1,PEST:100.00%
ရွေးချယ်စိုက်ပျိုးခြင်း,1,0.00%,FARM_OP:1,FARM_OP:100.00%
ရွေးချယ်ပေါင်းသတ်ဆေး,1,0.00%,HERB:1,HERB:100.00%
ရွေးချယ်ဖြတ်ယူ,1,0.00%,FARM_OP:1,FARM_OP:100.00%
ရွှေစိမ်း,1,0.00%,VAR:1,VAR:100.00%
ရွှေတိုးပါဝါ,1,0.00%,FERT:1,FERT:100.00%
ရွှေနဂါးကုမဏီ,1,0.00%,ORG:1,ORG:100.00%
ရွှေနဂါးပင်တက်,1,0.00%,FERT:1,FERT:100.00%
ရွှေနဂါးပုလဲသာ,1,0.00%,FERT:1,FERT:100.00%
ရွှေနဂါးလက်ကီးဆဲဗင်းအပင်,1,0.00%,FERT:1,FERT:100.00%
ရွှေပင်ကောင်း,1,0.00%,FERT:1,FERT:100.00%
ရွှေပြောင်းစိုက်,1,0.00%,FARM_OP:1,FARM_OP:100.00%
ရွှေဖလားမျိုး,1,0.00%,VAR:1,VAR:100.00%
ရွှေဘို,1,0.00%,LOC:1,LOC:100.00%
ရွှေမန်း-၁,1,0.00%,VAR:1,VAR:100.00%
ရွှေမြန်မာ,1,0.00%,VAR:1,VAR:100.00%
ရွှေရင်အေးဒေသ,1,0.00%,LOC:1,LOC:100.00%
ရွှေရည်လင်း,1,0.00%,PER:1,PER:100.00%
ရွှေလန်ဘို,1,0.00%,VAR:1,VAR:100.00%
ရွှေဝါကန်စွန်း,1,0.00%,VAR:1,VAR:100.00%
ရွှေသော့,1,0.00%,ORG:1,ORG:100.00%
ရွှေသွယ်ရင်,1,0.00%,VAR:1,VAR:100.00%
ရွှေ့စိုက်စပါးစိုက်ခင်း,1,0.00%,LOC:1,LOC:100.00%
ရွှေ့ပြောင်းစိုက်ပျိုးသင့်ပါတယ်၊ပြီးမှ,1,0.00%,FARM_OP:1,FARM_OP:100.00%
ရွှေ့ပြောင်းမစိုက်,1,0.00%,FARM_OP:1,FARM_OP:100.00%
ရွှံ့စေး,1,0.00%,SOIL_TYPE:1,SOIL_TYPE:100.00%
ရွှံ့စေးဆန်,1,0.00%,SOIL_TYPE:1,SOIL_TYPE:100.00%
ရွှံ့စေးဆန်မြေ,1,0.00%,SOIL_TYPE:1,SOIL_TYPE:100.00%
ရွှံ့နုန်းမြေ,1,0.00%,SOIL_TYPE:1,SOIL_TYPE:100.00%
ရှစ်စင်တီမီတာ,1,0.00%,QTY:1,QTY:100.00%
ရှစ်လက်မ,1,0.00%,DIST:1,DIST:100.00%
ရှမ်း,1,0.00%,LOC:1,LOC:100.00%
ရှမ်းနံနံ,1,0.00%,CROP:1,CROP:100.00%
ရှမ်းပြည်တောင်ပိုင်းရပ်စောက်,1,0.00%,LOC:1,LOC:100.00%
ရှမ်းပြည်နယ်တောင်ပိုင်း,1,0.00%,LOC:1,LOC:100.00%
ရှမ်းမြောက်ဘက်,1,0.00%,LOC:1,LOC:100.00%
ရှိသောရာသီဥတုကိုကြိုက်နှစ်သက်သည်။ည,1,0.00%,TIME:1,TIME:100.00%
ရှိသောအခြေအနေတွင်ပြောင်းဖြစ်ထွန်းနိုင်သည်။နေ့,1,0.00%,TIME:1,TIME:100.00%
ရှီတာကီမှို,1,0.00%,CROP:1,CROP:100.00%
ရှောက်,1,0.00%,CROP:1,CROP:100.00%
လကုန်၊ဖေဖော်ဝါရီ,1,0.00%,TIME:1,TIME:100.00%
လက်ကီးဓားကြမ်း,1,0.00%,EQUIP:1,EQUIP:100.00%
လက်ကီးနီ,1,0.00%,VAR:1,VAR:100.00%
လက်ချာ,1,0.00%,FERT:1,FERT:100.00%
လက်ခြားတစ်ဇွန်း,1,0.00%,QTY:1,QTY:100.00%
လက်ဂနာရီးနား,1,0.00%,VAR:1,VAR:100.00%
လက်တံတိုသစ်ခွ,1,0.00%,VAR:1,VAR:100.00%
လက်တံရှည်သစ်ခွ,1,0.00%,VAR:1,VAR:100.00%
လက်တွန်းထွန်ကိုင်း,1,0.00%,EQUIP:1,EQUIP:100.00%
လက်နှိပ်ဆေးဗုံး,1,0.00%,EQUIP:1,EQUIP:100.00%
လက်နှိပ်ပန့်,1,0.00%,EQUIP:1,EQUIP:100.00%
လက်ဖက်ရည်ကြမ်း,1,0.00%,FOOD:1,FOOD:100.00%
လက်သုံးဖြတ်လမ်းနည်း,1,0.00%,METHOD:1,METHOD:100.00%
လက်သဲဇောင်း,1,0.00%,WEED:1,WEED:100.00%
လက်သဲဇောင်းမြက်,1,0.00%,WEED:1,WEED:100.00%
လင်ပန်းထယ်,1,0.00%,EQUIP:1,EQUIP:100.00%
လင်းဒိန်း,1,0.00%,PESTI:1,PESTI:100.00%
လည်လိမ်,1,0.00%,SYM:1,SYM:100.00%
လည်လိမ်ခေါင်းပုတ်ရောဂါ,1,0.00%,DIS:1,DIS:100.00%
လန်ဒါဆိုင်ဟေလိုသရင်,1,0.00%,PESTI:1,PESTI:100.00%
လပ်ကီး,1,0.00%,VAR:1,VAR:100.00%
လပ်ကီးဖြူ,1,0.00%,VAR:1,VAR:100.00%
လပြည့်ကျော်၃ရက်,1,0.00%,TIME:1,TIME:100.00%
လဘက်ဇွန်းတဇွန်း,1,0.00%,QTY:1,QTY:100.00%
လမိုင်းကြံ,1,0.00%,CROP:1,CROP:100.00%
လမိုင်းပြုပြင်ခြင်း,1,0.00%,FARM_OP:1,FARM_OP:100.00%
လမ်းကြောင်းကကျဉ်းမြောင်းပြီးရှုတ်ထွေးသွယ်ယှက်နေ,1,0.00%,SYM:1,SYM:100.00%
လယ်ကွက်,1,0.00%,LOC:1,LOC:100.00%
လယ်ယာစိုက်ပျိုးရေးဌာနခွဲ,1,0.00%,ORG:1,ORG:100.00%
လယ်ယာစိုက်ပျိုးရေးနှင့်သစ်တောရေးဌာန,1,0.00%,ORG:1,ORG:100.00%
လယ်ဝေး,1,0.00%,LOC:1,LOC:100.00%
လာဗင်ဒါ,1,0.00%,CROP:1,CROP:100.00%
လာမည့်နှစ်,1,0.00%,TIME:1,TIME:100.00%
လာအို,1,0.00%,LOC:1,LOC:100.00%
လာအိုကောက်ညှင်း,1,0.00%,VAR:1,VAR:100.00%
လိင်မဲ့နည်း,1,0.00%,METHOD:1,METHOD:100.00%
လိင်မဲ့မျိုးပွားခြင်းနည်း,1,0.00%,METHOD:1,METHOD:100.00%
လိင်မဲ့မျိုးပွားနည်းစနစ်,1,0.00%,METHOD:1,METHOD:100.00%
လိပ်ပြာ,1,0.00%,PEST:1,PEST:100.00%
လိပ်ပြာကောင်,1,0.00%,PEST:1,PEST:100.00%
လိပ်ပြာဖလံအုပ်စုကြောင့်ရွက်ထွင်း,1,0.00%,PEST:1,PEST:100.00%
လိပ်ပြာဖလံအုပ်စုရွက်ထွင်းပိုး,1,0.00%,PEST:1,PEST:100.00%
လိမ္မာ်,1,0.00%,CROP:1,CROP:100.00%
လိမ္မော်,1,0.00%,CROP:1,CROP:100.00%
လိမ္မော်ပင်,1,0.00%,CROP:1,CROP:100.00%
လိုက်ချီး,1,0.00%,CROP:1,CROP:100.00%
လိုင်းဆာလ်ဖာ,1,0.00%,FUNG:1,FUNG:100.00%
လိုရာ,1,0.00%,FERT:1,FERT:100.00%
လီတာ(၄၀၀),1,0.00%,QTY:1,QTY:100.00%
လီတာ၂၀,1,0.00%,QTY:1,QTY:100.00%
လီမွန်ဘမ်း,1,0.00%,CROP:1,CROP:100.00%
လီလီ,1,0.00%,CROP:1,CROP:100.00%
လုံးဖေါက်ပွင့်ထွေး,1,0.00%,PEST:1,PEST:100.00%
လူဖန်,1,0.00%,PESTI:1,PESTI:100.00%
လူဖန်တင်,1,0.00%,PESTI:1,PESTI:100.00%
လေ,1,0.00%,WEATHER:1,WEATHER:100.00%
လေကြမ်းတိုက်,1,0.00%,ABIOD:1,ABIOD:100.00%
လေကြမ်းများတိုက်ခိုက်ခြင်း,1,0.00%,ABIOD:1,ABIOD:100.00%
လေခြောက်သွေ့,1,0.00%,WEATHER:1,WEATHER:100.00%
လေတိုက်ခတ်မှု,1,0.00%,WEATHER:1,WEATHER:100.00%
လေထုစိုထိုင်း,1,0.00%,LOC:1,LOC:100.00%
လေဒဏ်,1,0.00%,ABIOD:1,ABIOD:100.00%
လေရှူမြစ်,1,0.00%,CROP_PART:1,CROP_PART:100.00%
လေဝင်လေထွက်ကောင်းအောင်ဆောင်ရွက်ခြင်း,1,0.00%,FARM_OP:1,FARM_OP:100.00%
လေသီး,1,0.00%,SYM:1,SYM:100.00%
လောင်ဆေးပေါင်းသတ်ဆေး,1,0.00%,HERB:1,HERB:100.00%
လောင်တာ,1,0.00%,SYM:1,SYM:100.00%
လောင်မီးရောဂါ,1,0.00%,DIS:1,DIS:100.00%
လောင်းပေးခြင်း,1,0.00%,FARM_OP:1,FARM_OP:100.00%
လေးဂါလဲ,1,0.00%,QTY:1,QTY:100.00%
လေးဂါလံ,1,0.00%,QTY:1,QTY:100.00%
လေးဆစ်,1,0.00%,COUNT:1,COUNT:100.00%
လေးဆယ့်ငါးရက်,1,0.00%,PERIOD:1,PERIOD:100.00%
လေးဇွန်း,1,0.00%,COUNT:1,COUNT:100.00%
လေးနှစ်,1,0.00%,PERIOD:1,PERIOD:100.00%
လေးပတ်,1,0.00%,PERIOD:1,PERIOD:100.00%
လေးပုံတစ်ပုံ,1,0.00%,QTY:1,QTY:100.00%
လေးရက်,1,0.00%,PERIOD:1,PERIOD:100.00%
လေးရွက်,1,0.00%,COUNT:1,COUNT:100.00%
လေးလီတာ,1,0.00%,QTY:1,QTY:100.00%
လေးသွားထွန်,1,0.00%,EQUIP:1,EQUIP:100.00%
လျှာထိုးကိုင်းဆက်နည်း,1,0.00%,METHOD:1,METHOD:100.00%
လျှော့ချနိုင်ဖို့အခြောက်ခံ,1,0.00%,FARM_OP:1,FARM_OP:100.00%
လွန်ခဲ့တံတပတ်,1,0.00%,TIME:1,TIME:100.00%
လွိုင်လင်,1,0.00%,LOC:1,LOC:100.00%
လွှစာမှုန့်အဆွေး,1,0.00%,FERT:1,FERT:100.00%
လှည့်စက်,1,0.00%,EQUIP:1,EQUIP:100.00%
လှန်းခြင်း,1,0.00%,FARM_OP:1,FARM_OP:100.00%
လှိုင်,1,0.00%,LOC:1,LOC:100.00%
လှိုင်းတွန့်သဏ္ဍာန်ခြောက်လာရင်,1,0.00%,SYM:1,SYM:100.00%
လှီကင်း,1,0.00%,SYM:1,SYM:100.00%
လှေကား,1,0.00%,EQUIP:1,EQUIP:100.00%
လှော်,1,0.00%,FARM_OP:1,FARM_OP:100.00%
လှေးကျိုင်း,1,0.00%,PEST:1,PEST:100.00%
လှဲစိုက်,1,0.00%,FARM_OP:1,FARM_OP:100.00%
ဝ.၂%,1,0.00%,QTY:1,QTY:100.00%
ဝက်ကလုံး,1,0.00%,WEED:1,WEED:100.00%
ဝက်ချေး,1,0.00%,FERT:1,FERT:100.00%
ဝက်မလွတ်မျိုး,1,0.00%,VAR:1,VAR:100.00%
ဝတ်မှုန်ကူးချိန်,1,0.00%,TIME:1,TIME:100.00%
ဝမ်းဘဲစာ,1,0.00%,WEED:1,WEED:100.00%
ဝဥအပင်,1,0.00%,CROP:1,CROP:100.00%
ဝါကျင့်ကျင့်,1,0.00%,SYM:1,SYM:100.00%
ဝါကျစ်ကျစ်,1,0.00%,SYM:1,SYM:100.00%
ဝါကြန့်ကြန့်,1,0.00%,SYM:1,SYM:100.00%
ဝါချင်,1,0.00%,SYM:1,SYM:100.00%
ဝါခြောက်လိပ်,1,0.00%,SYM:1,SYM:100.00%
ဝါဂွမ်းပိုး,1,0.00%,PEST:1,PEST:100.00%
ဝါဆို,1,0.00%,TIME:1,TIME:100.00%
ဝါညိုရောင်,1,0.00%,SYM:1,SYM:100.00%
ဝါညှိုး,1,0.00%,SYM:1,SYM:100.00%
ဝါတယ်,1,0.00%,SYM:1,SYM:100.00%
ဝါတာ,1,0.00%,SYM:1,SYM:100.00%
ဝါတာတာ,1,0.00%,SYM:1,SYM:100.00%
ဝါနီရောင်,1,0.00%,PEST:1,PEST:100.00%
ဝါနေ,1,0.00%,SYM:1,SYM:100.00%
ဝါနေလို့,1,0.00%,SYM:1,SYM:100.00%
ဝါပြီးညို,1,0.00%,SYM:1,SYM:100.00%
ဝါပြီးတိုဝင်,1,0.00%,SYM:1,SYM:100.00%
ဝါဝါ‌အပြောက်,1,0.00%,SYM:1,SYM:100.00%
ဝါး,1,0.00%,CROP:1,CROP:100.00%
ဝါးခယ်မ,1,0.00%,LOC:1,LOC:100.00%
ဝါးခယ်မစိမ်း,1,0.00%,VAR:1,VAR:100.00%
ဝါးခြင်းတောင်း,1,0.00%,EQUIP:1,EQUIP:100.00%
ဝါးခြမ်း,1,0.00%,EQUIP:1,EQUIP:100.00%
ဝါးစင်,1,0.00%,EQUIP:1,EQUIP:100.00%
ဝါးစားပိုး,1,0.00%,PEST:1,PEST:100.00%
ဝါးပင်,1,0.00%,CROP:1,CROP:100.00%
ဝါးယ်မအပင်,1,0.00%,CROP:1,CROP:100.00%
ဝါးရုံမြက်,1,0.00%,WEED:1,WEED:100.00%
ဝါးလုံး,1,0.00%,EQUIP:1,EQUIP:100.00%
ဝိုင်အနံ့ရ,1,0.00%,SYM:1,SYM:100.00%
ဝီစာရကွန်ဘီ,1,0.00%,NUT:1,NUT:100.00%
သက်လျင်ကြံမျိုး,1,0.00%,VAR:1,VAR:100.00%
သကြားစက်,1,0.00%,EQUIP:1,EQUIP:100.00%
သကြားသီး,1,0.00%,CROP:1,CROP:100.00%
သခွားသီးပင်,1,0.00%,CROP:1,CROP:100.00%
သင်ဘော,1,0.00%,CROP:1,CROP:100.00%
သင်္ကြန်,1,0.00%,SEASON:1,SEASON:100.00%
သင်္ဘောစေ့,1,0.00%,SEED:1,SEED:100.00%
သစ်ကိုင်း,1,0.00%,CROP_PART:1,CROP_PART:100.00%
သစ်ကြားသီးပင်,1,0.00%,CROP:1,CROP:100.00%
သစ်စိမ်းမြေဩဇာပြုလုပ်,1,0.00%,FARM_OP:1,FARM_OP:100.00%
သစ်ဆွေးဓာတ်,1,0.00%,NUT:1,NUT:100.00%
သစ်ဆွေးမြေဩဇာ,1,0.00%,FERT:1,FERT:100.00%
သစ်များသည်ကျပ်၁၁သိန်း,1,0.00%,PRICE:1,PRICE:100.00%
သစ်ရည်စုပ်,1,0.00%,DIS:1,DIS:100.00%
သစ်ရွက်ခြောက်မှုန့်,1,0.00%,FERT:1,FERT:100.00%
သစ်ရွက်ဆွေးမြေ,1,0.00%,SOIL_TYPE:1,SOIL_TYPE:100.00%
သစ်သားစင်,1,0.00%,EQUIP:1,EQUIP:100.00%
သစ်သားတိုင်,1,0.00%,EQUIP:1,EQUIP:100.00%
သစ်သားသေတ္တာ,1,0.00%,EQUIP:1,EQUIP:100.00%
သစ်သီးဖျော်စက်,1,0.00%,EQUIP:1,EQUIP:100.00%
သစ်သီးယင်များကျရောက်မှု,1,0.00%,BIOD:1,BIOD:100.00%
သည်ကျပ်,1,0.00%,PRICE:1,PRICE:100.00%
သည်ပူနွေး,1,0.00%,WEATHER:1,WEATHER:100.00%
သည်ပူနွေးသော,1,0.00%,WEATHER:1,WEATHER:100.00%
သည်ပျမ်းမျှအပူချိန်,1,0.00%,WEATHER:1,WEATHER:100.00%
သတိထားရန်:ဇန်နဝါရီ,1,0.00%,TIME:1,TIME:100.00%
သတိပြုရမယ့်အချက်ကတော့-၃၂ဒီဂရီစင်တီဂရိတ်,1,0.00%,TEMP:1,TEMP:100.00%
သတ္တဝါငယ်,1,0.00%,PEST:1,PEST:100.00%
သတ္တုဓာတ်,1,0.00%,NUT:1,NUT:100.00%
သတ္ထုဓာတ်,1,0.00%,NUT:1,NUT:100.00%
သတ်ဆေးကိုအပင်ခြေ,1,0.00%,CROP_PART:1,CROP_PART:100.00%
သန်ကောင်,1,0.00%,PEST:1,PEST:100.00%
သပ်သွင်းပင်ထောက်,1,0.00%,METHOD:1,METHOD:100.00%
သပ်သွင်းပင်ထောက်ကိုင်းဆက်ခြင်း,1,0.00%,METHOD:1,METHOD:100.00%
သပ်သွင်းပင်ထောင်ကိုင်းဆက်နည်း,1,0.00%,METHOD:1,METHOD:100.00%
သပြေငုတ်,1,0.00%,CROP:1,CROP:100.00%
သဘာဝဓာတ်မြေဩဇာ,1,0.00%,FERT:1,FERT:100.00%
သဘာဝနည်း,1,0.00%,METHOD:1,METHOD:100.00%
သဘာဝမြသြဇာ,1,0.00%,FERT:1,FERT:100.00%
သဘာဝမြေသြဇာနှင့်ဓာတ်မြေသြဇာကျွေးခြင်း,1,0.00%,FARM_OP:1,FARM_OP:100.00%
သဘာဝမြေဩဇာမြေဆွေး,1,0.00%,FERT:1,FERT:100.00%
သဘာဝရွက်ဖျန်း,1,0.00%,NUT:1,NUT:100.00%
သဘာဝရွက်ဖျန်းဆေး,1,0.00%,FERT:1,FERT:100.00%
သဘာဝရွက်ဖျန်းမြေဩဇာ,1,0.00%,FERT:1,FERT:100.00%
သဘော်သီး,1,0.00%,CROP:1,CROP:100.00%
သဘွတ်,1,0.00%,CROP:1,CROP:100.00%
သမန်းပူ,1,0.00%,DIS:1,DIS:100.00%
သမားရိုးကျစိုက်စနစ်,1,0.00%,METHOD:1,METHOD:100.00%
သယ်ပို့,1,0.00%,FARM_OP:1,FARM_OP:100.00%
သယ်ယူချွေလှေ့,1,0.00%,FARM_OP:1,FARM_OP:100.00%
သယ်ယူချွေလှေ့ခြင်း,1,0.00%,FARM_OP:1,FARM_OP:100.00%
သရက်မှည့်ပျောက်စွန်းနှင့်ကိုင်းဖျားခြောက်ရောဂါ,1,0.00%,DIS:1,DIS:100.00%
သရစ်,1,0.00%,PEST:1,PEST:100.00%
သရစ်ပိုး,1,0.00%,PEST:1,PEST:100.00%
သလဲအရွက်နှင့်သီးပြောက်ရောဂါ,1,0.00%,DIS:1,DIS:100.00%
သာမိုမီတာ,1,0.00%,EQUIP:1,EQUIP:100.00%
သားတက်ဖဲ့စိုက်ခြင်း,1,0.00%,FARM_OP:1,FARM_OP:100.00%
သိန်းချီ,1,0.00%,PRICE:1,PRICE:100.00%
သိန်းဆု,1,0.00%,PER:1,PER:100.00%
သိန်း၂၀,1,0.00%,PRICE:1,PRICE:100.00%
သိုင်ယာမီသိုဇမ်,1,0.00%,PESTI:1,PESTI:100.00%
သိုင်ယာမီသောက်ဇမ်25,1,0.00%,PESTI:1,PESTI:100.00%
သိုင်ယာမီသော်ဇင်၂၀,1,0.00%,PESTI:1,PESTI:100.00%
သိုင်ရမ်,1,0.00%,FUNG:1,FUNG:100.00%
သိုင်ရာမီသောင်ဇင်,1,0.00%,PESTI:1,PESTI:100.00%
သိုင်ရာမီသောင်ဇမ်,1,0.00%,PESTI:1,PESTI:100.00%
သိုင်အိုဖါနိတ်မီသိုင်း,1,0.00%,FUNG:1,FUNG:100.00%
သိုင်အိုဖီးနိတ်မီသိုင်း,1,0.00%,FUNG:1,FUNG:100.00%
သိုင်း,1,0.00%,CROP:1,CROP:100.00%
သိုလှောင်သိမ်းဆည်းနည်း,1,0.00%,METHOD:1,METHOD:100.00%
သို့ပြောင်းစိုက်,1,0.00%,FARM_OP:1,FARM_OP:100.00%
သို့မဟုတ်အမဲနက်,1,0.00%,PESTI:1,PESTI:100.00%
သို့သော်စိုက်ခင်း,1,0.00%,LOC:1,LOC:100.00%
သီတင်းတစ်ပတ်,1,0.00%,PERIOD:1,PERIOD:100.00%
သီထိုးယင်,1,0.00%,PEST:1,PEST:100.00%
သီပေါ,1,0.00%,LOC:1,LOC:100.00%
သီရိလင်္ကာနိုင်ငံ,1,0.00%,LOC:1,LOC:100.00%
သီရီလင်္ကာ,1,0.00%,LOC:1,LOC:100.00%
သီဟိုဠ်,1,0.00%,CROP:1,CROP:100.00%
သီအိုဒိုင်ကာဘ်,1,0.00%,PESTI:1,PESTI:100.00%
သီးကင်းစလေးများစတင်ချိန်,1,0.00%,TIME:1,TIME:100.00%
သီးညှပ်စိုက်ခြင်း,1,0.00%,METHOD:1,METHOD:100.00%
သီးညှာ,1,0.00%,CROP_PART:1,CROP_PART:100.00%
သီးတောင့်ထိုးပိုး,1,0.00%,PEST:1,PEST:100.00%
သီးထပ်စိုက်,1,0.00%,METHOD:1,METHOD:100.00%
သီးထိုးပိုး,1,0.00%,PEST:1,PEST:100.00%
သီးနှုန်းကျဆင်း,1,0.00%,SYM:1,SYM:100.00%
သီးနှံကိုစတင်စိုက်,1,0.00%,FARM_OP:1,FARM_OP:100.00%
သီးပွင့်,1,0.00%,FERT:1,FERT:100.00%
သီးလုံးဖေါက်ပိုး,1,0.00%,PEST:1,PEST:100.00%
သီးလုံးဖောက်,1,0.00%,PEST:1,PEST:100.00%
သီးလှည့်စနစ်,1,0.00%,METHOD:1,METHOD:100.00%
သီးလှည့်စိုက်ခြင်း,1,0.00%,METHOD:1,METHOD:100.00%
သီးလှည့်စိုက်စနစ်,1,0.00%,METHOD:1,METHOD:100.00%
သီးလှည့်စိုက်ပျိုးပေးခြင်း,1,0.00%,METHOD:1,METHOD:100.00%
သီးလှည့်စိုက်ပျိုးခြင်း,1,0.00%,METHOD:1,METHOD:100.00%
သုခ,1,0.00%,VAR:1,VAR:100.00%
သုတေသနနှင့်နည်းပညာဖွံ့ဖြိုးရေးဌာန,1,0.00%,ORG:1,ORG:100.00%
သုံးကြိမ်ခန့်,1,0.00%,COUNT:1,COUNT:100.00%
သုံးဂရမ်,1,0.00%,QTY:1,QTY:100.00%
သုံးစေ့,1,0.00%,COUNT:1,COUNT:100.00%
သုံးဆယ့်ငါးတန်,1,0.00%,QTY:1,QTY:100.00%
သုံးဆယ်စင်တီမီတာ,1,0.00%,DIST:1,DIST:100.00%
သုံးပါတ်,1,0.00%,PERIOD:1,PERIOD:100.00%
သုံးပုံတပုံ,1,0.00%,QTY:1,QTY:100.00%
သုံးလခန့်,1,0.00%,PERIOD:1,PERIOD:100.00%
သုံးလေးဦး,1,0.00%,COUNT:1,COUNT:100.00%
သုံးသီး,1,0.00%,COUNT:1,COUNT:100.00%
သုံးအိတ်,1,0.00%,COUNT:1,COUNT:100.00%
သူအနေနှင့်ဓာတ်မြေဩဇာ,1,0.00%,FERT:1,FERT:100.00%
သေကြေပျက်စီး,1,0.00%,SYM:1,SYM:100.00%
သေတာ,1,0.00%,SYM:1,SYM:100.00%
သေးသွားခြင်း,1,0.00%,SYM:1,SYM:100.00%
သဲစပ်ဆားမြေ,1,0.00%,SOIL_TYPE:1,SOIL_TYPE:100.00%
သဲဆန်တဲ့အမျိုးအစား,1,0.00%,SOIL_TYPE:1,SOIL_TYPE:100.00%
သဲဆန်လွန်းတဲ့မြေ,1,0.00%,SOIL_TYPE:1,SOIL_TYPE:100.00%
သဲနည်းဆန်,1,0.00%,SOIL_TYPE:1,SOIL_TYPE:100.00%
သဲနုန်း,1,0.00%,SOIL_TYPE:1,SOIL_TYPE:100.00%
သဲနုံးမြေ,1,0.00%,SOIL_TYPE:1,SOIL_TYPE:100.00%
သဲမြေနု,1,0.00%,SOIL_TYPE:1,SOIL_TYPE:100.00%
သဲသောင်ပြင်,1,0.00%,SOIL_TYPE:1,SOIL_TYPE:100.00%
သဲအစို,1,0.00%,FERT:1,FERT:100.00%
သဲအရမ်းဆန်,1,0.00%,SOIL_TYPE:1,SOIL_TYPE:100.00%
သဲ​မြေ,1,0.00%,SOIL_TYPE:1,SOIL_TYPE:100.00%
သံကြေးလိုဝါဝါလေးတေရှိ,1,0.00%,SYM:1,SYM:100.00%
သံချေး,1,0.00%,PEST:1,PEST:100.00%
သံချေးကွက်,1,0.00%,SYM:1,SYM:100.00%
သံချေးတက်,1,0.00%,SYM:1,SYM:100.00%
သံချေးပြောက်,1,0.00%,SYM:1,SYM:100.00%
သံချေးဖြူ,1,0.00%,DIS:1,DIS:100.00%
သံချေးဖြူရောဂါ,1,0.00%,DIS:1,DIS:100.00%
သံချေးမှိုရောဂါ,1,0.00%,DIS:1,DIS:100.00%
သံထွန်ခြစ်,1,0.00%,EQUIP:1,EQUIP:100.00%
သံဘူး,1,0.00%,EQUIP:1,EQUIP:100.00%
သံမဏိကွန်ပေါင်း,1,0.00%,FERT:1,FERT:100.00%
သံအဆိပ်သင့်ခြင်း,1,0.00%,ABIOD:1,ABIOD:100.00%
သြဘာ,1,0.00%,ORG:1,ORG:100.00%
သွင်းမြုပ်,1,0.00%,FARM_OP:1,FARM_OP:100.00%
သွပ်,1,0.00%,NUT:1,NUT:100.00%
သ‌င်္ဘောသီး,1,0.00%,CROP:1,CROP:100.00%
ဟက်ဇာကိုနာဇိုးဟက်ဆာကိုနာဇိုး,1,0.00%,FUNG:1,FUNG:100.00%
ဟက်ဇာကိုနာလ်ဇိုး,1,0.00%,FUNG:1,FUNG:100.00%
ဟက်တာသုံးသန်း,1,0.00%,DIST:1,DIST:100.00%
ဟင်းခတ်အမွှေးအကြိုင်ပင်,1,0.00%,CROP:1,CROP:100.00%
ဟင်းချို,1,0.00%,FOOD:1,FOOD:100.00%
ဟင်းသီးဟင်းရွက်များစိုက်ပျိုးခြင်း,1,0.00%,FARM_OP:1,FARM_OP:100.00%
ဟတ်ကာ,1,0.00%,HERB:1,HERB:100.00%
ဟယ်မင်သိုစပိုရီယမ်မေးဒစ်,1,0.00%,PATH:1,PATH:100.00%
ဟယ်လိုစီဖော့,1,0.00%,HERB:1,HERB:100.00%
ဟာချီယာ,1,0.00%,VAR:1,VAR:100.00%
ဟာဗစ်ပေါင်းသတ်ဆေး,1,0.00%,HERB:1,HERB:100.00%
ဟာဝိုင်ရီ,1,0.00%,LOC:1,LOC:100.00%
ဟိုင်မက်ဇာဇိုးဟိုက်မက်ဇာဇိုလ်,1,0.00%,FUNG:1,FUNG:100.00%
ဟိုင်မက်ဇာဇော,1,0.00%,FUNG:1,FUNG:100.00%
ဟိုင်မန်ဇာဇိုး,1,0.00%,FUNG:1,FUNG:100.00%
ဟိုင်မာဇော,1,0.00%,FUNG:1,FUNG:100.00%
ဟိုပုံး,1,0.00%,LOC:1,LOC:100.00%
ဟုတ်မဟုတ်သိရှိနိုင်ရန်အပင်ဆွဲနှုတ်ကြည့်ပြီးခါး,1,0.00%,CROP_PART:1,CROP_PART:100.00%
ဟော်မုန်းဖျန်းပေးခြင်း,1,0.00%,FARM_OP:1,FARM_OP:100.00%
အ,1,0.00%,DIS:1,DIS:100.00%
အကယ်၍ဓာတ်မြေဩဇာ,1,0.00%,FERT:1,FERT:100.00%
အကယ်၍အပင်ဘက်အားကောင်းနေတယ်ဆိုရင်လည်း,1,0.00%,FARM_OP:1,FARM_OP:100.00%
အကိုင်းဆက်ရန်ပြင်ဆင်ခြင်း,1,0.00%,FARM_OP:1,FARM_OP:100.00%
အကိုင်းဖြတ်,1,0.00%,CROP_PART:1,CROP_PART:100.00%
အကိုင်းအဖူးတုံးမြှုပ်နည်း,1,0.00%,METHOD:1,METHOD:100.00%
အကိုင်းအဖျားခြောက်,1,0.00%,SYM:1,SYM:100.00%
အက်ကွဲခြင်း,1,0.00%,SYM:1,SYM:100.00%
အက်စ်ကောဘစ်အက်စစ်,1,0.00%,NUT:1,NUT:100.00%
အက်ဆစ်ဆန်သောမြေ,1,0.00%,SOIL_TYPE:1,SOIL_TYPE:100.00%
အက်ဆီတာမင်ဘိုင်ဇိုရိတ်,1,0.00%,PESTI:1,PESTI:100.00%
အက်ဆီရိုဟိုင်လမ်တာစီကမ်,1,0.00%,PATH:1,PATH:100.00%
အက်ဖ်အက်စ်,1,0.00%,PEST:1,PEST:100.00%
အကျဉ်းချုပ်:ဇန်နဝါရီ,1,0.00%,TIME:1,TIME:100.00%
အကွက်,1,0.00%,SYM:1,SYM:100.00%
အကွက်တွေ,1,0.00%,SYM:1,SYM:100.00%
အခက်၊,1,0.00%,CROP_PART:1,CROP_PART:100.00%
အခန်းတွင်းအပူချိန်,1,0.00%,WEATHER:1,WEATHER:100.00%
အခုချိန်,1,0.00%,TIME:1,TIME:100.00%
အခုည,1,0.00%,TIME:1,TIME:100.00%
အခေါက်စားပိုး,1,0.00%,PEST:1,PEST:100.00%
အချဉ်ဓာတ်,1,0.00%,NUT:1,NUT:100.00%
အချဉ်ပေါက်မှု,1,0.00%,FARM_OP:1,FARM_OP:100.00%
အချဉ်ဖောက်အပုပ်ခံ,1,0.00%,FARM_OP:1,FARM_OP:100.00%
အချို့ကတော့အပင်ခြေ,1,0.00%,CROP_PART:1,CROP_PART:100.00%
အချိုးညီထည့်သွင်း,1,0.00%,FARM_OP:1,FARM_OP:100.00%
အချိုးနည်း,1,0.00%,FARM_OP:1,FARM_OP:100.00%
အခြောက်ခံစက်,1,0.00%,EQUIP:1,EQUIP:100.00%
အခြောက်လှန်း,1,0.00%,FARM_OP:1,FARM_OP:100.00%
အဂရိုပါဝါကုမ္ပဏီ,1,0.00%,ORG:1,ORG:100.00%
အင်ဒိုဆာလဖန်,1,0.00%,PESTI:1,PESTI:100.00%
အင်သြဂဲနစ်ဓာတ်မြေသြဇာ,1,0.00%,FERT:1,FERT:100.00%
အင်အော်ဂဲနစ်ဓာတ်မြေဩဇာ,1,0.00%,FERT:1,FERT:100.00%
အင်းဆက်ဖျက်ပိုး,1,0.00%,PEST:1,PEST:100.00%
အင်းဆတ်,1,0.00%,PEST:1,PEST:100.00%
အင်းတကော်,1,0.00%,LOC:1,LOC:100.00%
အင်းတော်,1,0.00%,LOC:1,LOC:100.00%
အင်းမရဲဘော်,1,0.00%,VAR:1,VAR:100.00%
အစက်ချစနစ်,1,0.00%,METHOD:1,METHOD:100.00%
အစက်ချရေသွင်းခြင်း,1,0.00%,FARM_OP:1,FARM_OP:100.00%
အစက်ချရေသွင်းစနစ်,1,0.00%,METHOD:1,METHOD:100.00%
အစက်ချရေသွင်းစိုက်ပျိုးပေးခြင်း,1,0.00%,METHOD:1,METHOD:100.00%
အစက်အပျာက်,1,0.00%,SYM:1,SYM:100.00%
အစက်အပြောက်အကွက်,1,0.00%,SYM:1,SYM:100.00%
အစာပြောင်း,1,0.00%,CROP:1,CROP:100.00%
အစာရေစာ,1,0.00%,CROP_PART:1,CROP_PART:100.00%
အစိမ်းရောင်မရှိ,1,0.00%,SYM:1,SYM:100.00%
အစိုဓာတ်(၆)ရာခိုင်နှုန်း,1,0.00%,HUM:1,HUM:100.00%
အစိုဓာတ်(၇-၈)ရာခိုင်နှုန်း,1,0.00%,HUM:1,HUM:100.00%
အစိုဓာတ်ခမ်းခြောက်,1,0.00%,SYM:1,SYM:100.00%
အစိုဓာတ်ခမ်းခြောက်ခြင်း,1,0.00%,SYM:1,SYM:100.00%
အစိုဓာတ်ဆုံးရှုံးခြင်း,1,0.00%,ABIOD:1,ABIOD:100.00%
အစိုဓာတ်များ,1,0.00%,WEATHER:1,WEATHER:100.00%
အစိုဓာတ်များခြင်း,1,0.00%,WEATHER:1,WEATHER:100.00%
အစို့ဖောက်ပျိုးထောင်,1,0.00%,FARM_OP:1,FARM_OP:100.00%
အစီဖိတ်,1,0.00%,PESTI:1,PESTI:100.00%
အစေ့ချစိုက်ခြင်း,1,0.00%,FARM_OP:1,FARM_OP:100.00%
အစေ့ဆံ,1,0.00%,CROP_PART:1,CROP_PART:100.00%
အစေ့တည်ချိန်,1,0.00%,TIME:1,TIME:100.00%
အစေ့တည်ခြင်း,1,0.00%,FARM_OP:1,FARM_OP:100.00%
အစေ့ထုတ်ပေးခြင်း,1,0.00%,FARM_OP:1,FARM_OP:100.00%
အစေ့ပုပ်ခြင်း,1,0.00%,SYM:1,SYM:100.00%
အစေ့မဲ့မာလကာ,1,0.00%,VAR:1,VAR:100.00%
အစေ့မှမျိုးပွားခြင်း,1,0.00%,METHOD:1,METHOD:100.00%
အစေ့ရွက်အထက်နားတွင်ကပ်၍ကိုင်းဆက်နည်း,1,0.00%,METHOD:1,METHOD:100.00%
အစေ့၁ဝဝဝ,1,0.00%,COUNT:1,COUNT:100.00%
အစေ့၁၀၀၀,1,0.00%,COUNT:1,COUNT:100.00%
အစေးခြစ်,1,0.00%,FARM_OP:1,FARM_OP:100.00%
အစေးထွက်နည်း,1,0.00%,SYM:1,SYM:100.00%
အစေးမထွက်,1,0.00%,SYM:1,SYM:100.00%
အစ္စရေးနိုင်ငံ,1,0.00%,LOC:1,LOC:100.00%
အဆ(၁ဝဝ),1,0.00%,QTY:1,QTY:100.00%
အဆ(၂ဝ),1,0.00%,QTY:1,QTY:100.00%
အဆ(၃ဝ),1,0.00%,QTY:1,QTY:100.00%
အဆ(၄၅၀),1,0.00%,QTY:1,QTY:100.00%
အဆ(၅ဝ),1,0.00%,QTY:1,QTY:100.00%
အဆ(၇၀၀),1,0.00%,QTY:1,QTY:100.00%
အဆ(၈၀၀),1,0.00%,QTY:1,QTY:100.00%
အဆစ်ပိုး,1,0.00%,PEST:1,PEST:100.00%
အဆစ်ပြုပ်ရောဂါ,1,0.00%,DIS:1,DIS:100.00%
အဆစ်မြစ်,1,0.00%,CROP_PART:1,CROP_PART:100.00%
အဆီတာပရိုနေး,1,0.00%,PESTI:1,PESTI:100.00%
အဆီဓာတ်,1,0.00%,NUT:1,NUT:100.00%
အဆီဖိတ်ပိုးသတ်ဆေး,1,0.00%,PESTI:1,PESTI:100.00%
အဆံချောင်,1,0.00%,SYM:1,SYM:100.00%
အဆ၅၀မှ၁၀၀ဆ,1,0.00%,QTY:1,QTY:100.00%
အဇိုဇီစထိုဘင်,1,0.00%,FUNG:1,FUNG:100.00%
အဇီဇီစတိုဘင်,1,0.00%,FUNG:1,FUNG:100.00%
အညာသား,1,0.00%,VAR:1,VAR:100.00%
အညိုရောင်အကွက်,1,0.00%,SYM:1,SYM:100.00%
အညွန့်ဖြတ်,1,0.00%,FARM_OP:1,FARM_OP:100.00%
အညွန့်များ,1,0.00%,CROP_PART:1,CROP_PART:100.00%
အညွန့်လောင်း,1,0.00%,CROP_PART:1,CROP_PART:100.00%
အညွန့်အတက်,1,0.00%,CROP_PART:1,CROP_PART:100.00%
အညွန့်အရွက်,1,0.00%,CROP_PART:1,CROP_PART:100.00%
အညွန့်လဲမလိုက်,1,0.00%,SYM:1,SYM:100.00%
အညွှန့်ဖြတ်ခြင်း,1,0.00%,FARM_OP:1,FARM_OP:100.00%
အညှာရင်းကနေကြွေကျ,1,0.00%,SYM:1,SYM:100.00%
အညှောင့်ပေါက်ချိန်,1,0.00%,TIME:1,TIME:100.00%
အတက်နု,1,0.00%,CROP_PART:1,CROP_PART:100.00%
အတက်များ,1,0.00%,CROP_PART:1,CROP_PART:100.00%
အတန်းစိပ်စိပ်စိုက်ခြင်း,1,0.00%,FARM_OP:1,FARM_OP:100.00%
အတန်းလိုက်စိုက်စနစ်,1,0.00%,METHOD:1,METHOD:100.00%
အတော်အသင့်ခြောက်သွေ့သော,1,0.00%,WEATHER:1,WEATHER:100.00%
အတွက်လျာထားသောငွေအားလုံးကိုဓာတ်မြေဩဇာ,1,0.00%,FERT:1,FERT:100.00%
အတွက်အက်စကော့,1,0.00%,PESTI:1,PESTI:100.00%
အတွင်းကနေပုပ်,1,0.00%,SYM:1,SYM:100.00%
အထက်ကိုတစ်ဖြေးဖြေးဖြူ,1,0.00%,SYM:1,SYM:100.00%
အထက်ပန်း,1,0.00%,CROP:1,CROP:100.00%
အထွက်နှုန်းနည်းခြင်း,1,0.00%,SYM:1,SYM:100.00%
အထွက်များစေရန်နှစ်စဉ်အကိုင်းဖြတ်,1,0.00%,FARM_OP:1,FARM_OP:100.00%
အထွန်း,1,0.00%,PER:1,PER:100.00%
အထွန်းစေ့,1,0.00%,WEED:1,WEED:100.00%
အနက်စက်ရောဂါ,1,0.00%,DIS:1,DIS:100.00%
အနက်ပြောက်,1,0.00%,SYM:1,SYM:100.00%
အနက်ရောင်ပလတ်စတစ်မြေဖုံး,1,0.00%,EQUIP:1,EQUIP:100.00%
အနက်ရောင်သို့ပြောင်း,1,0.00%,SYM:1,SYM:100.00%
အနည်းငယ်ဝါ,1,0.00%,SYM:1,SYM:100.00%
အနည်းလိုပါ,1,0.00%,FARM_OP:1,FARM_OP:100.00%
အနာ,1,0.00%,SYM:1,SYM:100.00%
အနာဖေးတက်ခြင်း,1,0.00%,SYM:1,SYM:100.00%
အနားသတ်တွေအလယ်တွေကနေဖြူလာ,1,0.00%,SYM:1,SYM:100.00%
အနီ၊အဝါအရောင်စုံသောမျိုးကိုခရစ်စမတ်ငရုတ်,1,0.00%,VAR:1,VAR:100.00%
အနုဇီဝ,1,0.00%,PATH:1,PATH:100.00%
အန်ပီကေကွန်ပေါင်းမြေသြဇာ,1,0.00%,FERT:1,FERT:100.00%
အန်သရက်နို့စ်,1,0.00%,DIS:1,DIS:100.00%
အနွယ်,1,0.00%,CROP_PART:1,CROP_PART:100.00%
အနှစ်တွေခဲသွားတာ,1,0.00%,SYM:1,SYM:100.00%
အနှံထွက်မညီ,1,0.00%,SYM:1,SYM:100.00%
အပင်(၂၀၀၀),1,0.00%,COUNT:1,COUNT:100.00%
အပင်(၇၀၀၀),1,0.00%,COUNT:1,COUNT:100.00%
အပင်ကတိုနေလို့အပင်နည်းနည်းရှည်အောင်,1,0.00%,FARM_OP:1,FARM_OP:100.00%
အပင်ချေ,1,0.00%,CROP_PART:1,CROP_PART:100.00%
အပင်ညိုးသေ,1,0.00%,SYM:1,SYM:100.00%
အပင်ညှိုး,1,0.00%,SYM:1,SYM:100.00%
အပင်ညှိုးခြင်း,1,0.00%,SYM:1,SYM:100.00%
အပင်ညှိုးရောဂါ,1,0.00%,DIS:1,DIS:100.00%
အပင်တက်နှေး,1,0.00%,SYM:1,SYM:100.00%
အပင်တွေကအစိမ်းနုရောင်,1,0.00%,SYM:1,SYM:100.00%
အပင်တွေဝါတာ,1,0.00%,CROP:1,CROP:100.00%
အပင်ထိုင်,1,0.00%,SYM:1,SYM:100.00%
အပင်ပုရောဂါ,1,0.00%,DIS:1,DIS:100.00%
အပင်ပေါက်နှုန်းနည်း,1,0.00%,SYM:1,SYM:100.00%
အပင်ပေါက်မညီမညာ,1,0.00%,SYM:1,SYM:100.00%
အပင်ပြုစုစောင့်ရှောက်ခြင်း,1,0.00%,FARM_OP:1,FARM_OP:100.00%
အပင်ပြုစုထိန်းသိမ်း,1,0.00%,FARM_OP:1,FARM_OP:100.00%
အပင်ပွားခွဲယူခြင်း,1,0.00%,FARM_OP:1,FARM_OP:100.00%
အပင်ဖျား,1,0.00%,CROP_PART:1,CROP_PART:100.00%
အပင်ဘေးလက်များခြောက်,1,0.00%,SYM:1,SYM:100.00%
အပင်မညီတာအားမရတဲ့အပိုင်းမှာပိုး၊ရောဂါကျသလားကြည့်ပါ၊ကျခဲ့ရင်နှိမ်နင်းပါ၊ပိုး၊ရောဂါရှင်းပါလျက်နဲ့အပင်မညီရင်အဟာရရှိမှုကွာခြားလို့မညီတာဖြစ်နိုင်ပါတယ်,1,0.00%,FARM_OP:1,FARM_OP:100.00%
အပင်မထွက်,1,0.00%,SYM:1,SYM:100.00%
အပင်ယိုင်လဲခြင်း,1,0.00%,SYM:1,SYM:100.00%
အပင်ယိုင်လဲမှု,1,0.00%,SYM:1,SYM:100.00%
အပင်ရောဂါ,1,0.00%,DIS:1,DIS:100.00%
အပင်ရေ၂၀၀,1,0.00%,COUNT:1,COUNT:100.00%
အပင်ရွက်,1,0.00%,CROP_PART:1,CROP_PART:100.00%
အပင်လိုက်သေနေလို့ဘယ်လိုလုပ်ရမလဲပိုးသတ်ဆေးဖျန်း,1,0.00%,FARM_OP:1,FARM_OP:100.00%
အပင်ဝါ,1,0.00%,SYM:1,SYM:100.00%
အပင်ဟာအကြမ်းခံတဲ့အပင်ဖြစ်ကာပူနွေး,1,0.00%,WEATHER:1,WEATHER:100.00%
အပင်အတွင်းလွယ်ကူစွာရွှေ့လျားသွားလာမှုမပြုနိုင်သောကြောင့်ချို့တဲ့မှုဖြစ်ပေါ်လာပါကအပင်ထိပ်ပိုင်းရှိစိမ်းဝါရောင်အရာင်များမှအဝါရောင်,1,0.00%,SYM:1,SYM:100.00%
အပင်အပေါ်ပိုင်း,1,0.00%,CROP_PART:1,CROP_PART:100.00%
အပင်အရေအတွက်တိုးမြှင့်ခြင်း,1,0.00%,FARM_OP:1,FARM_OP:100.00%
အပင်အရွတ်,1,0.00%,CROP_PART:1,CROP_PART:100.00%
အပင်၇၀၀,1,0.00%,COUNT:1,COUNT:100.00%
အပါအဝင်၊သ‌‌င်္ဘောပင်,1,0.00%,CROP:1,CROP:100.00%
အပိုစီ,1,0.00%,FUNG:1,FUNG:100.00%
အပိုစီကိုနာဇိုး,1,0.00%,FUNG:1,FUNG:100.00%
အပုပ်ခံ,1,0.00%,FARM_OP:1,FARM_OP:100.00%
အပုပ်ရည်တစ်ဆ,1,0.00%,QTY:1,QTY:100.00%
အပုံ၂၀နှုန်း,1,0.00%,QTY:1,QTY:100.00%
အပူချိန်နိမ့်လွန်းခြင်း,1,0.00%,WEATHER:1,WEATHER:100.00%
အပူချိန်မြင့်,1,0.00%,WEATHER:1,WEATHER:100.00%
အပူချိန်မြင့်ခြင်း,1,0.00%,WEATHER:1,WEATHER:100.00%
အပူချိန်မြင့်မားလွန်း,1,0.00%,WEATHER:1,WEATHER:100.00%
အပူချိန်မြင့်လွန်းခြင်း,1,0.00%,WEATHER:1,WEATHER:100.00%
အပူချိန်အလွန်မြင့်ခြင်းကျခြင်း,1,0.00%,WEATHER:1,WEATHER:100.00%
အပူချိန်၅၅ဒီဂရီဖာရင်ဟိုက်,1,0.00%,TEMP:1,TEMP:100.00%
အပူချိန်၆၅ဒီဂရီဖာရင်ဟိုက်,1,0.00%,TEMP:1,TEMP:100.00%
အပူဓာတ်,1,0.00%,ABIOD:1,ABIOD:100.00%
အပူပေးလိုက်ခြင်း,1,0.00%,FARM_OP:1,FARM_OP:100.00%
အပူလျော့ပိုင်းဇုန်,1,0.00%,LOC:1,LOC:100.00%
အပူသမပိုင်း,1,0.00%,LOC:1,LOC:100.00%
အပေါက်ဖြစ်,1,0.00%,SYM:1,SYM:100.00%
အပေါက်သေးသေးလေး,1,0.00%,SYM:1,SYM:100.00%
အပေါ်မျက်နှာပြင်ရောအောက်မျက်နှာပြင်ရောမှာလမ်းကြောင်းတွေ့,1,0.00%,SYM:1,SYM:100.00%
အပေါ်ယံမြေ,1,0.00%,SOIL_TYPE:1,SOIL_TYPE:100.00%
အပ်,1,0.00%,NUT:1,NUT:100.00%
အပွင့်ခြောက်,1,0.00%,SYM:1,SYM:100.00%
အပွင့်ပွင့်ပြီးခြောက်ပြီးကြွေသွား,1,0.00%,SYM:1,SYM:100.00%
အပွင့်များပုပ်,1,0.00%,SYM:1,SYM:100.00%
အပွင့်အသီး,1,0.00%,CROP_PART:1,CROP_PART:100.00%
အပွင့်အားပေးဟော်မုန်း,1,0.00%,NUT:1,NUT:100.00%
အပွင့်ခိုင်,1,0.00%,CROP_PART:1,CROP_PART:100.00%
အဖာမတင်,1,0.00%,PESTI:1,PESTI:100.00%
အဖုလေးတွေရှိ,1,0.00%,SYM:1,SYM:100.00%
အဖူးကိုင်းရယူခြင်း,1,0.00%,FARM_OP:1,FARM_OP:100.00%
အဖူးကူးဆောင်ရွက်ခြင်း,1,0.00%,FARM_OP:1,FARM_OP:100.00%
အဖူးကူးနည်း,1,0.00%,METHOD:1,METHOD:100.00%
အဖူးကူးမှု,1,0.00%,FARM_OP:1,FARM_OP:100.00%
အဖူးစိမ်းကူးခြင်း,1,0.00%,FARM_OP:1,FARM_OP:100.00%
အဖူးညိုကူးခြင်း,1,0.00%,METHOD:1,METHOD:100.00%
အဖူးတံခိုင်,1,0.00%,CROP_PART:1,CROP_PART:100.00%
အဖူးနု,1,0.00%,CROP_PART:1,CROP_PART:100.00%
အဖူးနုကူးနည်း,1,0.00%,METHOD:1,METHOD:100.00%
အဖူးမြှုပ်ခြင်း,1,0.00%,METHOD:1,METHOD:100.00%
အဖူးဝင်ချိန်,1,0.00%,TIME:1,TIME:100.00%
အဖူးအညွန့်ထိုးပိုး,1,0.00%,PEST:1,PEST:100.00%
အဖျက်ပိုး,1,0.00%,PEST:1,PEST:100.00%
အဖျား,1,0.00%,CROP_PART:1,CROP_PART:100.00%
အဖျားလေးတွေခြောက်,1,0.00%,SYM:1,SYM:100.00%
အဖြူကွက်သေးကနေကြီးလာ,1,0.00%,SYM:1,SYM:100.00%
အဖြူနစ်ရောင်ထွက်,1,0.00%,SYM:1,SYM:100.00%
အဖြူဖတ်,1,0.00%,SYM:1,SYM:100.00%
အဖြူရောင်မှိုရောဂါ,1,0.00%,DIS:1,DIS:100.00%
အဖြူရောင်အစက်အပြောက်,1,0.00%,SYM:1,SYM:100.00%
အဖြူရောင်အနှစ်တွေစီးကျ,1,0.00%,SYM:1,SYM:100.00%
အဖြူရောင်အရွက်,1,0.00%,SYM:1,SYM:100.00%
အဖြူအမှုန့်,1,0.00%,SYM:1,SYM:100.00%
အဘက်မက်တင်,1,0.00%,PESTI:1,PESTI:100.00%
အမည်းရောင်အစက်,1,0.00%,SYM:1,SYM:100.00%
အမိုငိနိုအက်စစ်,1,0.00%,FERT:1,FERT:100.00%
အမိုင်နိုဒိုဇာ,1,0.00%,PESTI:1,PESTI:100.00%
အမေရိကန်ဒေါ်လာ၄၀၈သန်းဝန်းကျင်,1,0.00%,PRICE:1,PRICE:100.00%
အမေရိကန်ပြည်ထောင်စု,1,0.00%,LOC:1,LOC:100.00%
အမေရိကား,1,0.00%,LOC:1,LOC:100.00%
အမဲစက်ပြောက်ရောဂါ,1,0.00%,DIS:1,DIS:100.00%
အမဲရောင်,1,0.00%,SYM:1,SYM:100.00%
အမဲရောင်ပိုး,1,0.00%,PEST:1,PEST:100.00%
အမဲရောင်အကွက်,1,0.00%,SYM:1,SYM:100.00%
အမ်ကိုဆိုဒ်,1,0.00%,FUNG:1,FUNG:100.00%
အမြစ်စုံ,1,0.00%,CROP_PART:1,CROP_PART:100.00%
အမြစ်ဆွေးရောဂါ,1,0.00%,DIS:1,DIS:100.00%
အမြစ်ဇုန်,1,0.00%,CROP_PART:1,CROP_PART:100.00%
အမြစ်ထိုးပိုး,1,0.00%,PEST:1,PEST:100.00%
အမြစ်ထုံး,1,0.00%,SYM:1,SYM:100.00%
အမြစ်ထွင်းပိုး,1,0.00%,PEST:1,PEST:100.00%
အမြစ်ပိုး,1,0.00%,PEST:1,PEST:100.00%
အမြစ်ပုတ်,1,0.00%,SYM:1,SYM:100.00%
အမြစ်ဖု,1,0.00%,CROP_PART:1,CROP_PART:100.00%
အမြစ်မက်ဂေါ့လောက်ကောင်,1,0.00%,PEST:1,PEST:100.00%
အမြစ်မွှေး,1,0.00%,CROP_PART:1,CROP_PART:100.00%
အမြစ်ရောဂါ,1,0.00%,DIS:1,DIS:100.00%
အမွှေးအကြိုင်,1,0.00%,FOOD:1,FOOD:100.00%
အမှတ်(၁၀),1,0.00%,COUNT:1,COUNT:100.00%
အမှတ်(၁၁၊၁၂),1,0.00%,COUNT:1,COUNT:100.00%
အမှုန့်ကြိတ်,1,0.00%,FARM_OP:1,FARM_OP:100.00%
အယ်(လ်)ဂျီးရီးယား,1,0.00%,LOC:1,LOC:100.00%
အယ်ကာလီဆန်သောမြေ,1,0.00%,SOIL_TYPE:1,SOIL_TYPE:100.00%
အယ်ဖာဆိုက်ပါ,1,0.00%,PESTI:1,PESTI:100.00%
အယ်လ်ကိုဟော,1,0.00%,PESTI:1,PESTI:100.00%
အယ်လ်ဖာ-ဖိုက်,1,0.00%,PESTI:1,PESTI:100.00%
အရင်နှစ်,1,0.00%,TIME:1,TIME:100.00%
အရည်ကြည်မြေဆွေး,1,0.00%,FERT:1,FERT:100.00%
အရည်မြေသြဇာ,1,0.00%,FERT:1,FERT:100.00%
အရန်ဒါသစ်ခွ,1,0.00%,VAR:1,VAR:100.00%
အရမ်းခြောက်သွေ့သော,1,0.00%,WEATHER:1,WEATHER:100.00%
အရမ်းအေး,1,0.00%,WEATHER:1,WEATHER:100.00%
အရိပ်ကာပိုက်,1,0.00%,EQUIP:1,EQUIP:100.00%
အရိုးကအလယ်ကနေခြောက်,1,0.00%,SYM:1,SYM:100.00%
အရိုးတံ,1,0.00%,CROP_PART:1,CROP_PART:100.00%
အရိုးပုပ်ရောဂါ,1,0.00%,DIS:1,DIS:100.00%
အရိုးသစ်ခွ,1,0.00%,VAR:1,VAR:100.00%
အရောင်ကပြာနေတယ်,1,0.00%,SYM:1,SYM:100.00%
အရောင်တွေကပြာနေတယ်,1,0.00%,SYM:1,SYM:100.00%
အရောမွှေစက်,1,0.00%,EQUIP:1,EQUIP:100.00%
အရွက်ကလေးတွေကလည်းအပေါ်ကိုနည်းနည်းလိပ်,1,0.00%,SYM:1,SYM:100.00%
အရွက်ကြွေကျ,1,0.00%,SYM:1,SYM:100.00%
အရွက်ခုံးနေတာ,1,0.00%,SYM:1,SYM:100.00%
အရွက်ချောက်,1,0.00%,SYM:1,SYM:100.00%
အရွက်ချွန်း,1,0.00%,SYM:1,SYM:100.00%
အရွက်ခြောက်ခြင်း,1,0.00%,SYM:1,SYM:100.00%
အရွက်ခြောက်ရောဂါ,1,0.00%,DIS:1,DIS:100.00%
အရွက်စိမ်း,1,0.00%,CROP_PART:1,CROP_PART:100.00%
အရွက်ညှာ,1,0.00%,CROP_PART:1,CROP_PART:100.00%
အရွက်တေဝါ,1,0.00%,SYM:1,SYM:100.00%
အရွက်တွန့်နေ,1,0.00%,SYM:1,SYM:100.00%
အရွက်တွန့်လိပ်,1,0.00%,SYM:1,SYM:100.00%
အရွက်တွန့်ကုတ်,1,0.00%,SYM:1,SYM:100.00%
အရွက်တွန့်ရောဂါ,1,0.00%,DIS:1,DIS:100.00%
အရွက်တွေကအောက်ကိုကုတ်,1,0.00%,SYM:1,SYM:100.00%
အရွက်တွေတွန့်ကုတ်,1,0.00%,SYM:1,SYM:100.00%
အရွက်တွေဝါ,1,0.00%,SYM:1,SYM:100.00%
အရွက်တွေအောက်ကိုကုတ်,1,0.00%,SYM:1,SYM:100.00%
အရွက်ထိပ်များခြောက်ခြင်း,1,0.00%,SYM:1,SYM:100.00%
အရွက်နားခြောက်,1,0.00%,SYM:1,SYM:100.00%
အရွက်ပုပ်,1,0.00%,DIS:1,DIS:100.00%
အရွက်ပေါ်ဖြစ်သောမှိုရောဂါ,1,0.00%,DIS:1,DIS:100.00%
အရွက်ပြောက်ရောဂါ,1,0.00%,DIS:1,DIS:100.00%
အရွက်ဖျန်းဓာတ်မြေသြဇာ,1,0.00%,FERT:1,FERT:100.00%
အရွက်များကြွေခြင်း,1,0.00%,SYM:1,SYM:100.00%
အရွက်များလိပ်ခြင်း,1,0.00%,SYM:1,SYM:100.00%
အရွက်များဝါ,1,0.00%,SYM:1,SYM:100.00%
အရွက်လိပ်ခြင်း,1,0.00%,SYM:1,SYM:100.00%
အရွက်လောင်း,1,0.00%,CROP_PART:1,CROP_PART:100.00%
အရွက်ဝါခြောက်တာ,1,0.00%,SYM:1,SYM:100.00%
အရွက်ဝါပြောက်,1,0.00%,SYM:1,SYM:100.00%
အရွက်ဝါဝါ,1,0.00%,CROP_PART:1,CROP_PART:100.00%
အရွက်ဟောင်း,1,0.00%,CROP_PART:1,CROP_PART:100.00%
အရွက်အကိုင်း,1,0.00%,CROP_PART:1,CROP_PART:100.00%
အရွက်အစစ်,1,0.00%,CROP_PART:1,CROP_PART:100.00%
အရွက်အညွန့်,1,0.00%,CROP_PART:1,CROP_PART:100.00%
အရွက်အဖျားခြောက်,1,0.00%,SYM:1,SYM:100.00%
အရွက်အောက်,1,0.00%,CROP_PART:1,CROP_PART:100.00%
အရွက်အောက်မျက်နှာပြင်,1,0.00%,CROP_PART:1,CROP_PART:100.00%
အရွတ်တေတွန့်,1,0.00%,SYM:1,SYM:100.00%
အရွယ်တွင်ရွှေ့ပြောင်းစိုက်ပျိုး,1,0.00%,FARM_OP:1,FARM_OP:100.00%
အလက်ပိုး,1,0.00%,PEST:1,PEST:100.00%
အလင်းမှီအစာချက်ခြင်း,1,0.00%,METHOD:1,METHOD:100.00%
အလယ်ကနေရိုးမဲ,1,0.00%,SYM:1,SYM:100.00%
အလယ်ပန်း,1,0.00%,CROP:1,CROP:100.00%
အလျားလိုက်မြှုပ်စိုက်ခြင်း,1,0.00%,METHOD:1,METHOD:100.00%
အလွန်အေး,1,0.00%,WEATHER:1,WEATHER:100.00%
အလှည့်ကျစိုက်,1,0.00%,FARM_OP:1,FARM_OP:100.00%
အလှည့်ကျစိုက်ပျိုး,1,0.00%,FARM_OP:1,FARM_OP:100.00%
အလှည့်ကျစိုက်ပျိုးခြင်း,1,0.00%,METHOD:1,METHOD:100.00%
အလှည့်ကျပက်ဖျန်းကာကွယ်,1,0.00%,FARM_OP:1,FARM_OP:100.00%
အလှည့်ကျ,1,0.00%,METHOD:1,METHOD:100.00%
အလှပန်း,1,0.00%,CROP:1,CROP:100.00%
အဝါ,1,0.00%,SYM:1,SYM:100.00%
အဝါကွက်,1,0.00%,SYM:1,SYM:100.00%
အဝါရောင်ဖြစ်နေသော,1,0.00%,SYM:1,SYM:100.00%
အဝါရောင်မိုစိတ်ဗိုင်းရပ်ရောဂါ,1,0.00%,DIS:1,DIS:100.00%
အဝါရောင်မှို,1,0.00%,PATH:1,PATH:100.00%
အဝါရောင်သို့ပြောင်း,1,0.00%,SYM:1,SYM:100.00%
အဝါရောင်အစက်အပြောက်,1,0.00%,SYM:1,SYM:100.00%
အသင့်အတင့်စိုထိုင်းသော,1,0.00%,WEATHER:1,WEATHER:100.00%
အသားကြိုက်စက်,1,0.00%,EQUIP:1,EQUIP:100.00%
အသားဓာတ်,1,0.00%,NUT:1,NUT:100.00%
အသီးကင်းလေးလည်းလိုက်ကြွေသွား,1,0.00%,SYM:1,SYM:100.00%
အသီးကင်းဝင်ချိန်,1,0.00%,TIME:1,TIME:100.00%
အသီးကိုင်း,1,0.00%,CROP_PART:1,CROP_PART:100.00%
အသီးကွဲ,1,0.00%,SYM:1,SYM:100.00%
အသီးကွဲမှု,1,0.00%,SYM:1,SYM:100.00%
အသီးတင်ခြင်း,1,0.00%,SYM:1,SYM:100.00%
အသီးတင်နည်း,1,0.00%,SYM:1,SYM:100.00%
အသီးပွင့်,1,0.00%,NUT:1,NUT:100.00%
အသီးဖင်,1,0.00%,CROP_PART:1,CROP_PART:100.00%
အသီးမတင်ခြင်း,1,0.00%,SYM:1,SYM:100.00%
အသီးမသီးခြင်း,1,0.00%,SYM:1,SYM:100.00%
အသီးရင့်မှည့်ချိန်,1,0.00%,TIME:1,TIME:100.00%
အသီးလဲမလိုက်,1,0.00%,SYM:1,SYM:100.00%
အသီးသေး,1,0.00%,SYM:1,SYM:100.00%
အသီးအညှာ,1,0.00%,CROP_PART:1,CROP_PART:100.00%
အသီးအပွင့်တင်,1,0.00%,FERT:1,FERT:100.00%
အသီးအပွင့်မရှိ,1,0.00%,SYM:1,SYM:100.00%
အဟာရကျွေးခြင်း,1,0.00%,FARM_OP:1,FARM_OP:100.00%
အအေးဓာတ်,1,0.00%,ABIOD:1,ABIOD:100.00%
အအေးဓာတ်ဖမ်းလာခြင်း,1,0.00%,WEATHER:1,WEATHER:100.00%
အာဂျင်တီးနား,1,0.00%,LOC:1,LOC:100.00%
အာထရာဇင်း,1,0.00%,HERB:1,HERB:100.00%
အာမိုဓာတ်မြေသြဇာ,1,0.00%,FERT:1,FERT:100.00%
အာမိုမိုင်စင်,1,0.00%,FUNG:1,FUNG:100.00%
အာရှတိုက်,1,0.00%,LOC:1,LOC:100.00%
အာရှမိုင်းနားဒေသ,1,0.00%,LOC:1,LOC:100.00%
အာရှအလယ်ပိုင်းဒေသ,1,0.00%,LOC:1,LOC:100.00%
အာလူးပင်,1,0.00%,CROP:1,CROP:100.00%
အာဟာရချို့တဲ့မှု,1,0.00%,SYM:1,SYM:100.00%
အားနည်း,1,0.00%,SYM:1,SYM:100.00%
အားဖြည့်မြေဩဇာ,1,0.00%,FERT:1,FERT:100.00%
အားလူး,1,0.00%,CROP:1,CROP:100.00%
အား‌‌ဆေးဖျန်း,1,0.00%,FARM_OP:1,FARM_OP:100.00%
အိတ်,1,0.00%,EQUIP:1,EQUIP:100.00%
အိန္ဒိယနိုင်ငံ,1,0.00%,LOC:1,LOC:100.00%
အိပ်သတင်းစာစက္ကူ,1,0.00%,EQUIP:1,EQUIP:100.00%
အိမာမက်တင်းဘန်းဇိုးရိတ်,1,0.00%,PESTI:1,PESTI:100.00%
အိုက်ဆိုပရိုသိုင်အိုလိန်း,1,0.00%,FUNG:1,FUNG:100.00%
အိုင်ပရိုဒီယွန်,1,0.00%,FUNG:1,FUNG:100.00%
အိုင်အမ်အို,1,0.00%,FERT:1,FERT:100.00%
အိုင်းယွန်း,1,0.00%,NUT:1,NUT:100.00%
အိုင်းယွန်းဓာတ်,1,0.00%,NUT:1,NUT:100.00%
အိုဗာနဲ့မာဃအီမာ,1,0.00%,FERT:1,FERT:100.00%
အီဂျစ်,1,0.00%,LOC:1,LOC:100.00%
အီပိုပီလီ,1,0.00%,PESTI:1,PESTI:100.00%
အီမက်တင်,1,0.00%,PESTI:1,PESTI:100.00%
အီမာဇီသဖျာ,1,0.00%,HERB:1,HERB:100.00%
အီမာမက်တင်ပင်ဇိုက်အိတ်,1,0.00%,PESTI:1,PESTI:100.00%
အီမာမက်တင်၂၀,1,0.00%,PESTI:1,PESTI:100.00%
အီမာမတင်ဘန်ဇိုရိတ်,1,0.00%,PESTI:1,PESTI:100.00%
အီမာလန်ဒါ,1,0.00%,PESTI:1,PESTI:100.00%
အီမာလန်ဒါပိုးသတ်,1,0.00%,PESTI:1,PESTI:100.00%
အီရာပရိုပါကလော,1,0.00%,HERB:1,HERB:100.00%
အီသဖုန်း39,1,0.00%,NUT:1,NUT:100.00%
အီသဖုန်းဆေးရည်,1,0.00%,NUT:1,NUT:100.00%
အီသာပလပ်စ်,1,0.00%,PESTI:1,PESTI:100.00%
အီသီယိုးပီးယား,1,0.00%,LOC:1,LOC:100.00%
အီးယူနိုင်ငံ,1,0.00%,LOC:1,LOC:100.00%
အီးအန်အိုင်ဖောင်ဒေးရှင်း,1,0.00%,ORG:1,ORG:100.00%
အုတ်တွင်း,1,0.00%,LOC:1,LOC:100.00%
အုတ်ဖွဲပြာ,1,0.00%,FERT:1,FERT:100.00%
အုန်းကြီးမျိုး,1,0.00%,VAR:1,VAR:100.00%
အုန်းချိူမွှေးပင်,1,0.00%,VAR:1,VAR:100.00%
အုန်းဆံ,1,0.00%,CROP_PART:1,CROP_PART:100.00%
အုန်းဆံမှုန့်ဖွဲပြာ,1,0.00%,FERT:1,FERT:100.00%
အုန်းဆံမှုန့်အဆွေး,1,0.00%,FERT:1,FERT:100.00%
အုန်းပင်,1,0.00%,CROP:1,CROP:100.00%
အုန်းမှုတ်,1,0.00%,CROP_PART:1,CROP_PART:100.00%
အုန်းရည်ဖျန်း,1,0.00%,FARM_OP:1,FARM_OP:100.00%
အုန်းသား,1,0.00%,CROP_PART:1,CROP_PART:100.00%
အုပ်စုနှစ်မျိုး,1,0.00%,COUNT:1,COUNT:100.00%
အူချောင်,1,0.00%,SYM:1,SYM:100.00%
အူတံလေး,1,0.00%,CROP_PART:1,CROP_PART:100.00%
အူလောင်လက်ဖက်ခြောက်,1,0.00%,FOOD:1,FOOD:100.00%
အူလျှောက်ပိုး,1,0.00%,PEST:1,PEST:100.00%
အေမီဒါကလိုပရစ်,1,0.00%,PESTI:1,PESTI:100.00%
အေရိုဒရုန်း,1,0.00%,PESTI:1,PESTI:100.00%
အောက်ကထွက်လာတဲ့ဘေးတက်,1,0.00%,CROP_PART:1,CROP_PART:100.00%
အောက်ခံပင်ရွေးချယ်ခြင်း,1,0.00%,FARM_OP:1,FARM_OP:100.00%
အောက်ချင်း,1,0.00%,VAR:1,VAR:100.00%
အောက်ခြေကနေပုပ်,1,0.00%,SYM:1,SYM:100.00%
အောက်ခြေအဆစ်,1,0.00%,CROP_PART:1,CROP_PART:100.00%
အောက်စီဖလူဖန်,1,0.00%,HERB:1,HERB:100.00%
အောက်စီဖလူအော်ဖင်,1,0.00%,HERB:1,HERB:100.00%
အောက်စ်လင်းနစ်အက်စစ်,1,0.00%,PESTI:1,PESTI:100.00%
အောက်ဆုံးအရွက်,1,0.00%,CROP_PART:1,CROP_PART:100.00%
အောက်ဇင်,1,0.00%,NUT:1,NUT:100.00%
အောက်ဇာဒိုင်ဇွန်,1,0.00%,HERB:1,HERB:100.00%
အောက်အရွက်တွေကစဝါလာလို့,1,0.00%,SYM:1,SYM:100.00%
အောက်အရွက်များဖယ်ရှားပေးခြင်း,1,0.00%,FARM_OP:1,FARM_OP:100.00%
အောက်အရွက်အို,1,0.00%,CROP_PART:1,CROP_PART:100.00%
အောင်တိုဘာ,1,0.00%,TIME:1,TIME:100.00%
အောင်လံမြို့နယ်,1,0.00%,LOC:1,LOC:100.00%
အော်ဂဲနစ်နိုက်ထရိုဂျင်ဓာတ်မြေသြဇာ,1,0.00%,FERT:1,FERT:100.00%
အော်ဂဲနစ်မြေစာ,1,0.00%,FERT:1,FERT:100.00%
အော်ဂဲနစ်မြေဆွေး,1,0.00%,FERT:1,FERT:100.00%
အော်ဇီး,1,0.00%,VAR:1,VAR:100.00%
အော်တာနေးရီးယား,1,0.00%,DIS:1,DIS:100.00%
အော်တာနေးရီးယားရွက်ခြောက်ရောဂါ,1,0.00%,DIS:1,DIS:100.00%
အေးပြီးခြောက်သွေ့,1,0.00%,WEATHER:1,WEATHER:100.00%
အေးရိပ်,1,0.00%,ORG:1,ORG:100.00%
အေးလွန်း,1,0.00%,WEATHER:1,WEATHER:100.00%
အေးလွန်းပူလွန်း,1,0.00%,WEATHER:1,WEATHER:100.00%
အေးသမပိုင်းဒေသ,1,0.00%,LOC:1,LOC:100.00%
အေး၍စွတ်စိုသော,1,0.00%,WEATHER:1,WEATHER:100.00%
အဲ့ဆေးမှန်ရင်လဲဘယ်နှစ်ဇွန်း,1,0.00%,QTY:1,QTY:100.00%
အဲ့ပိုးကိုဘယ်လို့နှိတ်နှင်း,1,0.00%,FARM_OP:1,FARM_OP:100.00%
ဥကန်းဆေး,1,0.00%,PESTI:1,PESTI:100.00%
ဥဇဘက်,1,0.00%,LOC:1,LOC:100.00%
ဥပုပ်ထိပ်ပုပ်ရောဂါ,1,0.00%,DIS:1,DIS:100.00%
ဥပုပ်ရောဂါ,1,0.00%,DIS:1,DIS:100.00%
ဥရောပတိုက်,1,0.00%,LOC:1,LOC:100.00%
ဦးဘဟိန်း,1,0.00%,PER:1,PER:100.00%
ဦးမှင်ရှည်နှံကောင်,1,0.00%,PEST:1,PEST:100.00%
ဧပြီ-မေ,1,0.00%,PERIOD:1,PERIOD:100.00%
ဧမီဒါကလိုပရစ်,1,0.00%,PESTI:1,PESTI:100.00%
ဧရာဝတီ,1,0.00%,LOC:1,LOC:100.00%
ဧရာ၀တီတိုင်းကျောင်းကုန်း,1,0.00%,LOC:1,LOC:100.00%
ဩဂဲနစ်မြေဆွေး,1,0.00%,FERT:1,FERT:100.00%
ူရီ,1,0.00%,PESTI:1,PESTI:100.00%
၀-၁၀စင်တီမီတာ,1,0.00%,DIST:1,DIST:100.00%
၀.၀၃%,1,0.00%,QTY:1,QTY:100.00%
၀.၁%,1,0.00%,QTY:1,QTY:100.00%
၀.၂၅-၀.၅၀လက်မ,1,0.00%,DIST:1,DIST:100.00%
၀.၅ကျပ်သား,1,0.00%,QTY:1,QTY:100.00%
၀.၇%,1,0.00%,QTY:1,QTY:100.00%
၀.၈%,1,0.00%,QTY:1,QTY:100.00%
၀ရာခိုင်နှုန်း,1,0.00%,QTY:1,QTY:100.00%
၀၁ရာခိုင်နှုန်း,1,0.00%,QTY:1,QTY:100.00%
၀၂၅ရာခိုင်နှုန်း,1,0.00%,QTY:1,QTY:100.00%
၀၅လ,1,0.00%,PERIOD:1,PERIOD:100.00%
၁-ကီလိုဂရမ်,1,0.00%,QTY:1,QTY:100.00%
၁-ရာခိုင်နှုန်း,1,0.00%,QTY:1,QTY:100.00%
၁-၁.၅ပေ,1,0.00%,DIST:1,DIST:100.00%
၁-၁၁၂လက်မ,1,0.00%,DIST:1,DIST:100.00%
၁-၂ကီလိုဂရမ်,1,0.00%,QTY:1,QTY:100.00%
၁-၂နှစ်,1,0.00%,PERIOD:1,PERIOD:100.00%
၁-၂နှစ်ခန့်,1,0.00%,PERIOD:1,PERIOD:100.00%
၁-၂နှစ်သား,1,0.00%,PERIOD:1,PERIOD:100.00%
၁-၂ပတ်,1,0.00%,PERIOD:1,PERIOD:100.00%
၁-၂ပေ,1,0.00%,DIST:1,DIST:100.00%
၁-၂ပေအထိ,1,0.00%,DIST:1,DIST:100.00%
၁-၂လုံး,1,0.00%,QTY:1,QTY:100.00%
၁-၃ရက်,1,0.00%,PERIOD:1,PERIOD:100.00%
၁.၄%,1,0.00%,QTY:1,QTY:100.00%
၁.၅-၂လက်မ,1,0.00%,DIST:1,DIST:100.00%
၁.၅ကျပ်သား,1,0.00%,QTY:1,QTY:100.00%
၁.၅တန်,1,0.00%,QTY:1,QTY:100.00%
၁.၅ပေ,1,0.00%,DIST:1,DIST:100.00%
၁ကျပ်သား,1,0.00%,QTY:1,QTY:100.00%
၁ခြမ်း,1,0.00%,QTY:1,QTY:100.00%
၁ဇွန်းခွဲ,1,0.00%,QTY:1,QTY:100.00%
၁တန်း,1,0.00%,COUNT:1,COUNT:100.00%
၁တောင်း,1,0.00%,QTY:1,QTY:100.00%
၁နာရီ,1,0.00%,PERIOD:1,PERIOD:100.00%
၁နှစ်ခန့်,1,0.00%,PERIOD:1,PERIOD:100.00%
၁နှစ်၂နှစ်,1,0.00%,PERIOD:1,PERIOD:100.00%
၁နှံ2နှံ,1,0.00%,COUNT:1,COUNT:100.00%
၁ပတ်ခန့်,1,0.00%,PERIOD:1,PERIOD:100.00%
၁ပတ်အတွင်း,1,0.00%,PERIOD:1,PERIOD:100.00%
၁ပန်းကန်,1,0.00%,QTY:1,QTY:100.00%
၁ပုံး,1,0.00%,COUNT:1,COUNT:100.00%
၁ပေခန့်,1,0.00%,DIST:1,DIST:100.00%
၁ပေခန့်,1,0.00%,DIST:1,DIST:100.00%
၁ပွင့်,1,0.00%,COUNT:1,COUNT:100.00%
၁ဖီး,1,0.00%,COUNT:1,COUNT:100.00%
၁ဘူး,1,0.00%,COUNT:1,COUNT:100.00%
၁မီလီမီတာ,1,0.00%,DIST:1,DIST:100.00%
၁ရက်,1,0.00%,PERIOD:1,PERIOD:100.00%
၁ရက်ခန့်,1,0.00%,PERIOD:1,PERIOD:100.00%
၁ရက်ခြား,1,0.00%,PERIOD:1,PERIOD:100.00%
၁ရက်၂ရက်,1,0.00%,PERIOD:1,PERIOD:100.00%
၁ရွက်မှ၃ရွက်,1,0.00%,COUNT:1,COUNT:100.00%
၁လက်မခွဲ,1,0.00%,DIST:1,DIST:100.00%
၁လခန့်,1,0.00%,PERIOD:1,PERIOD:100.00%
၁လအတွင်း,1,0.00%,PERIOD:1,PERIOD:100.00%
၁လုံး,1,0.00%,COUNT:1,COUNT:100.00%
၁ဧကတစ်တင်း,1,0.00%,YIELD:1,YIELD:100.00%
၁၀-၁-၁၀,1,0.00%,FERT:1,FERT:100.00%
၁၀-၁၃ရက်,1,0.00%,PERIOD:1,PERIOD:100.00%
၁၀-၁၄ရက်ခြား,1,0.00%,PERIOD:1,PERIOD:100.00%
၁၀-၁၅ကီလိုဂရမ်,1,0.00%,QTY:1,QTY:100.00%
၁၀-၁၅ရက်အကြာ,1,0.00%,PERIOD:1,PERIOD:100.00%
၁၀-၂၀စင်တီမီတာ,1,0.00%,DIST:1,DIST:100.00%
၁၀-၂၀ရက်,1,0.00%,PERIOD:1,PERIOD:100.00%
၁၀-၂၅တင်း,1,0.00%,QTY:1,QTY:100.00%
၁၀-၂၈ဒီဂရီဆဲလ်ဆီးယပ်,1,0.00%,TEMP:1,TEMP:100.00%
၁၀.၈%,1,0.00%,QTY:1,QTY:100.00%
၁၀_၁၀ပေ,1,0.00%,DIST:1,DIST:100.00%
၁၀ကျပ်သား,1,0.00%,QTY:1,QTY:100.00%
၁၀ချက်,1,0.00%,COUNT:1,COUNT:100.00%
၁၀ဂါလံ,1,0.00%,QTY:1,QTY:100.00%
၁၀စင်တီဂရိတ်,1,0.00%,TEMP:1,TEMP:100.00%
၁၀စင်တီမီတာ,1,0.00%,DIST:1,DIST:100.00%
၁၀စေ့,1,0.00%,COUNT:1,COUNT:100.00%
၁၀တန်,1,0.00%,QTY:1,QTY:100.00%
၁၀ဒီဂရီ,1,0.00%,TEMP:1,TEMP:100.00%
၁၀ဒီဂရီဖာရင်ဟိုက်,1,0.00%,TEMP:1,TEMP:100.00%
၁၀နှစ်အတွင်း,1,0.00%,PERIOD:1,PERIOD:100.00%
၁၀ပင်,1,0.00%,COUNT:1,COUNT:100.00%
၁၀ပီပီအမ်,1,0.00%,QTY:1,QTY:100.00%
၁၀ပုံ,1,0.00%,QTY:1,QTY:100.00%
၁၀ပွင့်,1,0.00%,COUNT:1,COUNT:100.00%
၁၀မှ၁၅မီတာ,1,0.00%,DIST:1,DIST:100.00%
၁၀မှ၂၀အိတ်,1,0.00%,COUNT:1,COUNT:100.00%
၁၀ရက်ခန့်,1,0.00%,PERIOD:1,PERIOD:100.00%
၁၀ရက်သား,1,0.00%,PERIOD:1,PERIOD:100.00%
၁၀ရက်၁၅ရက်ခြား,1,0.00%,PERIOD:1,PERIOD:100.00%
၁၀ရာခိုင်နှုန်း,1,0.00%,QTY:1,QTY:100.00%
၁၀လက်မခန့်,1,0.00%,DIST:1,DIST:100.00%
၁၀လသား,1,0.00%,PERIOD:1,PERIOD:100.00%
၁၀လီတာ,1,0.00%,QTY:1,QTY:100.00%
၁၀ဝဝခန့်,1,0.00%,COUNT:1,COUNT:100.00%
၁၀ဧက,1,0.00%,DIST:1,DIST:100.00%
၁၀၀%မြေဆွေး,1,0.00%,FERT:1,FERT:100.00%
၁၀၀-၁၂၀ရက်,1,0.00%,PERIOD:1,PERIOD:100.00%
၁၀၀-၁၃၀ရက်,1,0.00%,PERIOD:1,PERIOD:100.00%
၁၀၀ကီလိုဂရမ်,1,0.00%,QTY:1,QTY:100.00%
၁၀၀ဂရမ်နှုန်း,1,0.00%,QTY:1,QTY:100.00%
၁၀၀စီစီ,1,0.00%,QTY:1,QTY:100.00%
၁၀၀ဒီဂရီစင်တီဂရိတ်,1,0.00%,TEMP:1,TEMP:100.00%
၁၀၀ဒီဂရီဖာရင်ဟိုက်,1,0.00%,TEMP:1,TEMP:100.00%
၁၀၀ပေ,1,0.00%,DIST:1,DIST:100.00%
၁၀၀မီလီမီတာ,1,0.00%,DIST:1,DIST:100.00%
၁၀၀၀ကီလိုဂရမ်,1,0.00%,QTY:1,QTY:100.00%
၁၀၀၀၁၅၀၀ကျပ်,1,0.00%,PRICE:1,PRICE:100.00%
၁၀၁ကီလို,1,0.00%,QTY:1,QTY:100.00%
၁၀၁၀မီတာ,1,0.00%,DIST:1,DIST:100.00%
၁၀၁၂မီတာ,1,0.00%,DIST:1,DIST:100.00%
၁၀၁၅ရက်အကြာ,1,0.00%,PERIOD:1,PERIOD:100.00%
၁၀၄ရက်,1,0.00%,PERIOD:1,PERIOD:100.00%
၁၀၅တင်း,1,0.00%,QTY:1,QTY:100.00%
၁၀၇ရက်,1,0.00%,PERIOD:1,PERIOD:100.00%
၁၁-၁၂လအတွင်း,1,0.00%,PERIOD:1,PERIOD:100.00%
၁၁ဒီဂရီစင်တီဂရိတ်,1,0.00%,TEMP:1,TEMP:100.00%
၁၁ပင်,1,0.00%,COUNT:1,COUNT:100.00%
၁၁ရက်,1,0.00%,PERIOD:1,PERIOD:100.00%
၁၁လ,1,0.00%,PERIOD:1,PERIOD:100.00%
၁၁လသား,1,0.00%,PERIOD:1,PERIOD:100.00%
၁၁၀ရက်,1,0.00%,PERIOD:1,PERIOD:100.00%
၁၁၅ရက်,1,0.00%,PERIOD:1,PERIOD:100.00%
၁၁၆ရက်,1,0.00%,PERIOD:1,PERIOD:100.00%
၁၁၇ရက်,1,0.00%,PERIOD:1,PERIOD:100.00%
၁၂,1,0.00%,COUNT:1,COUNT:100.00%
၁၂-၁၅ပိဿာ,1,0.00%,QTY:1,QTY:100.00%
၁၂-၁၆ပြည်,1,0.00%,QTY:1,QTY:100.00%
၁၂-၂လက်မ,1,0.00%,DIST:1,DIST:100.00%
၁၂ကောင်,1,0.00%,COUNT:1,COUNT:100.00%
၁၂ခု,1,0.00%,COUNT:1,COUNT:100.00%
၁၂ဂရမ်,1,0.00%,QTY:1,QTY:100.00%
၁၂နှစ်,1,0.00%,PERIOD:1,PERIOD:100.00%
၁၂ပေ,1,0.00%,DIST:1,DIST:100.00%
၁၂ပေခန့်,1,0.00%,DIST:1,DIST:100.00%
၁၂မှ၂၀ဒီဂရီဆဲလ်ဆီးယပ်စ်,1,0.00%,TEMP:1,TEMP:100.00%
၁၂ရက်သား,1,0.00%,PERIOD:1,PERIOD:100.00%
၁၂ရာခိုင်နှုန်း,1,0.00%,QTY:1,QTY:100.00%
၁၂လက္မ,1,0.00%,DIST:1,DIST:100.00%
၁၂လခန့်,1,0.00%,PERIOD:1,PERIOD:100.00%
၁၂လပိုင်း,1,0.00%,TIME:1,TIME:100.00%
၁၂လသား,1,0.00%,PERIOD:1,PERIOD:100.00%
၁၂လအတွင်း,1,0.00%,PERIOD:1,PERIOD:100.00%
၁၂လီတာ,1,0.00%,QTY:1,QTY:100.00%
၁၂၀,1,0.00%,COUNT:1,COUNT:100.00%
၁၂၀-၁၃၅ရက်,1,0.00%,PERIOD:1,PERIOD:100.00%
၁၂၀-၁၃၅ရက်ခန့်,1,0.00%,PERIOD:1,PERIOD:100.00%
၁၂၀ကျပ်သား,1,0.00%,QTY:1,QTY:100.00%
၁၂၀တင်း,1,0.00%,QTY:1,QTY:100.00%
၁၂၁၀,1,0.00%,COUNT:1,COUNT:100.00%
၁၂၁၀လက်မ,1,0.00%,DIST:1,DIST:100.00%
၁၂၁၂မီတာ,1,0.00%,DIST:1,DIST:100.00%
၁၂၁၈လက်မ,1,0.00%,DIST:1,DIST:100.00%
၁၂၅ဂရမ်,1,0.00%,QTY:1,QTY:100.00%
၁၂၇ရက်,1,0.00%,PERIOD:1,PERIOD:100.00%
၁၃-၁၃-၁၃,1,0.00%,FERT:1,FERT:100.00%
၁၃:၅:၇,1,0.00%,FERT:1,FERT:100.00%
၁၃ကျပ်သား,1,0.00%,QTY:1,QTY:100.00%
၁၃ဒီဂရီ,1,0.00%,TEMP:1,TEMP:100.00%
၁၃ပတ်,1,0.00%,PERIOD:1,PERIOD:100.00%
၁၃လ,1,0.00%,PERIOD:1,PERIOD:100.00%
၁၄ဇွန်း,1,0.00%,QTY:1,QTY:100.00%
၁၅%,1,0.00%,QTY:1,QTY:100.00%
၁၅-၂၀ဒီဂရီစင်တီဂရိတ်,1,0.00%,TEMP:1,TEMP:100.00%
၁၅-၂၀ဒီဂရီဆဲလ်ဆီးယပ်,1,0.00%,TEMP:1,TEMP:100.00%
၁၅-၂၀ပိဿာ,1,0.00%,QTY:1,QTY:100.00%
၁၅ကျပ်သား,1,0.00%,QTY:1,QTY:100.00%
၁၅ခက်,1,0.00%,COUNT:1,COUNT:100.00%
၁၅စင်တီမီတာခန့်,1,0.00%,DIST:1,DIST:100.00%
၁၅ဒီဂရီဆဲလ်ဆီးယပ်စ်,1,0.00%,TEMP:1,TEMP:100.00%
၁၅ပတ်လည်ကွန်ပေါင်းဓာတ်မြေဩဇာ,1,0.00%,FERT:1,FERT:100.00%
၁၅ပါတ်လည်,1,0.00%,FERT:1,FERT:100.00%
၁၅ပိဿ,1,0.00%,QTY:1,QTY:100.00%
၁၅ပေ,1,0.00%,DIST:1,DIST:100.00%
၁၅မိနစ်တစ်ကြိမ်,1,0.00%,PERIOD:1,PERIOD:100.00%
၁၅မှ၂၀ရာခိုင်နှုန်း,1,0.00%,QTY:1,QTY:100.00%
၁၅ရက်ခန့်,1,0.00%,PERIOD:1,PERIOD:100.00%
၁၅ရက်ခန့်,1,0.00%,PERIOD:1,PERIOD:100.00%
၁၅ရက်ခြားတစ်ကြိမ်လောက်ဖျန်းပေးသင့်ပါတယ်။,1,0.00%,PERIOD:1,PERIOD:100.00%
၁၅လ,1,0.00%,PERIOD:1,PERIOD:100.00%
၁၅လောက်,1,0.00%,PRICE:1,PRICE:100.00%
၁၅သိန်း,1,0.00%,PRICE:1,PRICE:100.00%
၁၅း၁၅း၁၅,1,0.00%,FERT:1,FERT:100.00%
၁၅း၁၅း၆း၄,1,0.00%,FERT:1,FERT:100.00%
၁၅၀-၂၀၀စီစီ,1,0.00%,QTY:1,QTY:100.00%
၁၅၀ကျပ်,1,0.00%,PRICE:1,PRICE:100.00%
၁၅၀၀-၃၀၀၀မီလီမီတာ,1,0.00%,DIST:1,DIST:100.00%
၁၅၀၀ကျပ်,1,0.00%,PRICE:1,PRICE:100.00%
၁၅၃မျိုး,1,0.00%,VAR:1,VAR:100.00%
၁၆-၁၆-၁၆,1,0.00%,FERT:1,FERT:100.00%
၁၆-၁၈ရက်,1,0.00%,PERIOD:1,PERIOD:100.00%
၁၆-၂၀ဇွန်း,1,0.00%,QTY:1,QTY:100.00%
၁၆.၄လက်မ,1,0.00%,QTY:1,QTY:100.00%
၁၆.၇စင်တီဂရိတ်,1,0.00%,TEMP:1,TEMP:100.00%
၁၆:၁၆:၁၆ကွန်ပေါင်းမြေသြဇာ,1,0.00%,FERT:1,FERT:100.00%
၁၆ဒီဂရီစင်တီဂရိတ်,1,0.00%,TEMP:1,TEMP:100.00%
၁၆ပင်,1,0.00%,COUNT:1,COUNT:100.00%
၁၆ပတ်,1,0.00%,PERIOD:1,PERIOD:100.00%
၁၆ပတ်လည်,1,0.00%,FERT:1,FERT:100.00%
၁၆ပေ,1,0.00%,DIST:1,DIST:100.00%
၁၆ရာခိုင်နှုန်း,1,0.00%,QTY:1,QTY:100.00%
၁၆လအတွင်း,1,0.00%,PERIOD:1,PERIOD:100.00%
၁၆၀၀၀-၂၇၀၀၀ကီလိုဂရမ်,1,0.00%,QTY:1,QTY:100.00%
၁၆၃၆ဒီဂရီစင်တီဂရိတ်,1,0.00%,TEMP:1,TEMP:100.00%
၁၆၅ရက်,1,0.00%,PERIOD:1,PERIOD:100.00%
၁၇.၁%,1,0.00%,QTY:1,QTY:100.00%
၁၇ခု,1,0.00%,COUNT:1,COUNT:100.00%
၁၇ဒီဂရီဆဲဆီးရပ်,1,0.00%,TEMP:1,TEMP:100.00%
၁၇မျိုး,1,0.00%,COUNT:1,COUNT:100.00%
၁၇ရာခိုင်နှုန်း,1,0.00%,QTY:1,QTY:100.00%
၁၈,1,0.00%,COUNT:1,COUNT:100.00%
၁၈-၂၂.၈.၂၀၂၅,1,0.00%,PERIOD:1,PERIOD:100.00%
၁၈-၂၄လက်မ,1,0.00%,DIST:1,DIST:100.00%
၁၈စေ့,1,0.00%,COUNT:1,COUNT:100.00%
၁၈ပတ်လည်,1,0.00%,FERT:1,FERT:100.00%
၁၈ပိဿာ,1,0.00%,QTY:1,QTY:100.00%
၁၈ပေ,1,0.00%,DIST:1,DIST:100.00%
၁၈မှ၂၆ဒီဂရီစင်တီဂရိတ်,1,0.00%,TEMP:1,TEMP:100.00%
၁၈ရက်,1,0.00%,PERIOD:1,PERIOD:100.00%
၁၈ရက်သား,1,0.00%,PERIOD:1,PERIOD:100.00%
၁၈လီတာ,1,0.00%,QTY:1,QTY:100.00%
၁၈၀-၂၃၀ဂရမ်,1,0.00%,QTY:1,QTY:100.00%
၁၈၀ဆ,1,0.00%,QTY:1,QTY:100.00%
၁၈၀၀၀ကျပ်,1,0.00%,PRICE:1,PRICE:100.00%
၁၉ပင်,1,0.00%,COUNT:1,COUNT:100.00%
၁၉၇၀ခု,1,0.00%,TIME:1,TIME:100.00%
၁၉၇၃ခု,1,0.00%,COUNT:1,COUNT:100.00%
၁၉၈၀ခု,1,0.00%,COUNT:1,COUNT:100.00%
၁၉၈၃-၈၄ခုနှစ်,1,0.00%,TIME:1,TIME:100.00%
၁၉၈၉-၉၀ခုနှစ်,1,0.00%,TIME:1,TIME:100.00%
၁၉၉၅ခု,1,0.00%,COUNT:1,COUNT:100.00%
၁၉၉၆,1,0.00%,TIME:1,TIME:100.00%
၂-၃ကီလိုဂရမ်,1,0.00%,QTY:1,QTY:100.00%
၂-၃စင်တီမီတာ,1,0.00%,DIST:1,DIST:100.00%
၂-၃နှစ်,1,0.00%,PERIOD:1,PERIOD:100.00%
၂-၃နှစ်ခန့်,1,0.00%,PERIOD:1,PERIOD:100.00%
၂-၃ပေ,1,0.00%,DIST:1,DIST:100.00%
၂-၃လ,1,0.00%,PERIOD:1,PERIOD:100.00%
၂-၄ဖူး,1,0.00%,COUNT:1,COUNT:100.00%
၂-၄လက်မ,1,0.00%,DIST:1,DIST:100.00%
၂-၆လက်မ,1,0.00%,DIST:1,DIST:100.00%
၂-၈လက်မ,1,0.00%,DIST:1,DIST:100.00%
၂.၄၇ဧက,1,0.00%,QTY:1,QTY:100.00%
၂.၅ကီလိုဂရမ်,1,0.00%,QTY:1,QTY:100.00%
၂.၅ဂါလံ,1,0.00%,QTY:1,QTY:100.00%
၂.၅မီတာ,1,0.00%,DIST:1,DIST:100.00%
၂.၅ရာခိုင်နှုန်း,1,0.00%,QTY:1,QTY:100.00%
၂.၇၁ဧက,1,0.00%,DIST:1,DIST:100.00%
၂:၁,1,0.00%,QTY:1,QTY:100.00%
၂ကီလို,1,0.00%,QTY:1,QTY:100.00%
၂ခါ,1,0.00%,COUNT:1,COUNT:100.00%
၂ချက်,1,0.00%,COUNT:1,COUNT:100.00%
၂ချက်နှုန်း,1,0.00%,COUNT:1,COUNT:100.00%
၂စင်တီမီတာ,1,0.00%,DIST:1,DIST:100.00%
၂စီစီ,1,0.00%,QTY:1,QTY:100.00%
၂စေ့,1,0.00%,COUNT:1,COUNT:100.00%
၂တက်၃တက်,1,0.00%,COUNT:1,COUNT:100.00%
၂တင်း,1,0.00%,QTY:1,QTY:100.00%
၂တန်,1,0.00%,QTY:1,QTY:100.00%
၂တောင်း,1,0.00%,QTY:1,QTY:100.00%
၂ဒီဂရီစင်တီဂရိတ်,1,0.00%,TEMP:1,TEMP:100.00%
၂နာရီအတွင်း,1,0.00%,PERIOD:1,PERIOD:100.00%
၂နှစ်သား,1,0.00%,PERIOD:1,PERIOD:100.00%
၂ပင်နှုန်း,1,0.00%,COUNT:1,COUNT:100.00%
၂ပေခြား,1,0.00%,DIST:1,DIST:100.00%
၂မိနစ်,1,0.00%,PERIOD:1,PERIOD:100.00%
၂လက်,1,0.00%,COUNT:1,COUNT:100.00%
၂လက်မခန့်,1,0.00%,DIST:1,DIST:100.00%
၂လက်မအနက်,1,0.00%,DIST:1,DIST:100.00%
၂လက်၁လက်,1,0.00%,COUNT:1,COUNT:100.00%
၂လခွဲ,1,0.00%,PERIOD:1,PERIOD:100.00%
၂လအကြာ,1,0.00%,PERIOD:1,PERIOD:100.00%
၂လီတာ,1,0.00%,QTY:1,QTY:100.00%
၂လုံး,1,0.00%,QTY:1,QTY:100.00%
၂ဝ-၂၈ဒီဂရီစင်တီဂရိတ်,1,0.00%,TEMP:1,TEMP:100.00%
၂သိန်းကျပ်,1,0.00%,PRICE:1,PRICE:100.00%
၂သီး,1,0.00%,COUNT:1,COUNT:100.00%
၂၀%,1,0.00%,QTY:1,QTY:100.00%
၂၀-၂၀-၂၀,1,0.00%,FERT:1,FERT:100.00%
၂၀-၂၂ဒီဂရီစင်တီဂရိတ်,1,0.00%,TEMP:1,TEMP:100.00%
၂၀-၂၃ဒီဂရီစင်တီဂရိတ်,1,0.00%,TEMP:1,TEMP:100.00%
၂၀-၂၄ဒီဂရီစင်တီဂရိတ်,1,0.00%,TEMP:1,TEMP:100.00%
၂၀-၂၅တင်း,1,0.00%,QTY:1,QTY:100.00%
၂၀-၃၀စေ့,1,0.00%,COUNT:1,COUNT:100.00%
၂၀-၃၀ရက်,1,0.00%,PERIOD:1,PERIOD:100.00%
၂၀-၄၀ကီလိုဂရမ်,1,0.00%,QTY:1,QTY:100.00%
၂၀_၂၀ပေ,1,0.00%,DIST:1,DIST:100.00%
၂၀ကျပ်သား),1,0.00%,QTY:1,QTY:100.00%
၂၀ဂါလံ,1,0.00%,QTY:1,QTY:100.00%
၂၀စီး,1,0.00%,QTY:1,QTY:100.00%
၂၀တင်း,1,0.00%,QTY:1,QTY:100.00%
၂၀ပတ်လည်,1,0.00%,DIST:1,DIST:100.00%
၂၀မီတာ,1,0.00%,DIST:1,DIST:100.00%
၂၀မှ၃၅ဒီဂရီ,1,0.00%,TEMP:1,TEMP:100.00%
၂၀ရက်အတွင်း,1,0.00%,PERIOD:1,PERIOD:100.00%
၂၀လ,1,0.00%,PERIOD:1,PERIOD:100.00%
၂၀ဝ,1,0.00%,COUNT:1,COUNT:100.00%
၂၀၀,1,0.00%,COUNT:1,COUNT:100.00%
၂၀၀-၃၀၀ဂရမ်,1,0.00%,QTY:1,QTY:100.00%
၂၀၀မီတာ,1,0.00%,DIST:1,DIST:100.00%
၂၀၀၂,1,0.00%,TIME:1,TIME:100.00%
၂၀၀၆ခု,1,0.00%,COUNT:1,COUNT:100.00%
၂၀၁၃ခု,1,0.00%,COUNT:1,COUNT:100.00%
၂၀၁၅ခု,1,0.00%,COUNT:1,COUNT:100.00%
၂၀၁၇ခု,1,0.00%,COUNT:1,COUNT:100.00%
၂၀၂၃ဒီဂရီစင်တီဂရိတ်,1,0.00%,TEMP:1,TEMP:100.00%
၂၀၂၄,1,0.00%,TIME:1,TIME:100.00%
၂၀၂၅နှစ်,1,0.00%,TIME:1,TIME:100.00%
၂၀၂၈ဒီဂရီစင်တီဂရိတ်,1,0.00%,TEMP:1,TEMP:100.00%
၂၀၆ပေ,1,0.00%,DIST:1,DIST:100.00%
၂၀၇၀ကျပ်,1,0.00%,PRICE:1,PRICE:100.00%
၂၁-၂၄ဒီဂရီစင်တီဂရိတ်,1,0.00%,TEMP:1,TEMP:100.00%
၂၁-၂၅ဒီဂရီစင်တီဂရတ်,1,0.00%,TEMP:1,TEMP:100.00%
၂၁စင်တီမီတာ,1,0.00%,DIST:1,DIST:100.00%
၂၁ဒီဂရိစင်တီဂရိတ်,1,0.00%,TEMP:1,TEMP:100.00%
၂၁ပေ,1,0.00%,DIST:1,DIST:100.00%
၂၂-၂၅ဒီဂရီစင်တီဂရိတ်,1,0.00%,TEMP:1,TEMP:100.00%
၂၂-၃၀ဒီဂရီစင်တီဂရိတ်,1,0.00%,TEMP:1,TEMP:100.00%
၂၂ရက်,1,0.00%,PERIOD:1,PERIOD:100.00%
၂၂၄ပေါင်,1,0.00%,QTY:1,QTY:100.00%
၂၃ခု,1,0.00%,COUNT:1,COUNT:100.00%
၂၃နှစ်,1,0.00%,PERIOD:1,PERIOD:100.00%
၂၃ပင်,1,0.00%,COUNT:1,COUNT:100.00%
၂၃ပတ်အကြာ,1,0.00%,PERIOD:1,PERIOD:100.00%
၂၃ပေ,1,0.00%,DIST:1,DIST:100.00%
၂၃မီလီယန်,1,0.00%,QTY:1,QTY:100.00%
၂၃ရွက်,1,0.00%,COUNT:1,COUNT:100.00%
၂၃သိန်း,1,0.00%,PRICE:1,PRICE:100.00%
၂၄,1,0.00%,COUNT:1,COUNT:100.00%
၂၄-၃၀ဒီဂရီစင်တီဂရိတ်,1,0.00%,TEMP:1,TEMP:100.00%
၂၄ဒီဂရီစင်တီဂရိတ်,1,0.00%,TEMP:1,TEMP:100.00%
၂၄ဒီဂရီဆဲဆီးရပ်,1,0.00%,TEMP:1,TEMP:100.00%
၂၄နာရီအတွင်း,1,0.00%,PERIOD:1,PERIOD:100.00%
၂၄ရက်,1,0.00%,PERIOD:1,PERIOD:100.00%
၂၄လ,1,0.00%,PERIOD:1,PERIOD:100.00%
၂၄လက်မ,1,0.00%,DIST:1,DIST:100.00%
၂၅%,1,0.00%,QTY:1,QTY:100.00%
၂၅-၁၁-၂၀၂၅,1,0.00%,TIME:1,TIME:100.00%
၂၅-၃ဝဒီဂရီစင်တီဂရိတ်,1,0.00%,TEMP:1,TEMP:100.00%
၂၅-၃၀ရက်,1,0.00%,PERIOD:1,PERIOD:100.00%
၂၅-၃၀လ,1,0.00%,PERIOD:1,PERIOD:100.00%
၂၅-၄၀စင်တီမီတာ,1,0.00%,DIST:1,DIST:100.00%
၂၅.၅-၃၃.၃ဂရမ်,1,0.00%,QTY:1,QTY:100.00%
၂၅ကီလို,1,0.00%,QTY:1,QTY:100.00%
၂၅ကီလိုဂရမ်,1,0.00%,QTY:1,QTY:100.00%
၂၅စီစီ,1,0.00%,QTY:1,QTY:100.00%
၂၅စေ့,1,0.00%,COUNT:1,COUNT:100.00%
၂၅ဇွန်း,1,0.00%,QTY:1,QTY:100.00%
၂၅ဒီဂရီဆဲဆီးရပ်,1,0.00%,TEMP:1,TEMP:100.00%
၂၅ပေ,1,0.00%,DIST:1,DIST:100.00%
၂၅မီတာ,1,0.00%,DIST:1,DIST:100.00%
၂၅မှ၃၀စင်တီမီတာ,1,0.00%,DIST:1,DIST:100.00%
၂၅ရက်,1,0.00%,PERIOD:1,PERIOD:100.00%
၂၅ရက်ခန့်,1,0.00%,PERIOD:1,PERIOD:100.00%
၂၅လီတာ,1,0.00%,QTY:1,QTY:100.00%
၂၅သိန်း,1,0.00%,PRICE:1,PRICE:100.00%
၂၅အိတ်,1,0.00%,QTY:1,QTY:100.00%
၂၅၀,1,0.00%,COUNT:1,COUNT:100.00%
၂၅၀-၄၀၀ကီလိုဂရမ်,1,0.00%,YIELD:1,YIELD:100.00%
၂၅၀စီစီ,1,0.00%,QTY:1,QTY:100.00%
၂၅၀၀ပေ,1,0.00%,DIST:1,DIST:100.00%
၂၅၂၀,1,0.00%,COUNT:1,COUNT:100.00%
၂၅၃၀ကျပ်,1,0.00%,PRICE:1,PRICE:100.00%
၂၆ကျပ်သား,1,0.00%,QTY:1,QTY:100.00%
၂၆ကျပ်သား),1,0.00%,QTY:1,QTY:100.00%
၂၆ဒီဂရီစင်တီဂရိတ်,1,0.00%,TEMP:1,TEMP:100.00%
၂၆ပေ,1,0.00%,DIST:1,DIST:100.00%
၂၆လက်မ,1,0.00%,DIST:1,DIST:100.00%
၂၆၂၆ပေ,1,0.00%,DIST:1,DIST:100.00%
၂၆၃ပင်,1,0.00%,COUNT:1,COUNT:100.00%
၂၇.၈ဒီဂရီစင်တီဂရိတ်,1,0.00%,TEMP:1,TEMP:100.00%
၂၇ဒီဂရီ,1,0.00%,TEMP:1,TEMP:100.00%
၂၇ဒီဂရီစင်တီဂရိတ်,1,0.00%,TEMP:1,TEMP:100.00%
၂၇ပေ,1,0.00%,DIST:1,DIST:100.00%
၂၇၂၂ပင်,1,0.00%,COUNT:1,COUNT:100.00%
၂၈-၃၀ဒီဂရီစင်တီဂရိတ်,1,0.00%,TEMP:1,TEMP:100.00%
၂၈.၇%,1,0.00%,QTY:1,QTY:100.00%
၂၈ပေ,1,0.00%,DIST:1,DIST:100.00%
၂၈ပေါင်,1,0.00%,QTY:1,QTY:100.00%
၂၈မှ၃၃တင်း,1,0.00%,YIELD:1,YIELD:100.00%
၂၈၃၀လ,1,0.00%,PERIOD:1,PERIOD:100.00%
၃)ကြိမ်,1,0.00%,COUNT:1,COUNT:100.00%
၃-ဂရမ်,1,0.00%,QTY:1,QTY:100.00%
၃-၄တက်,1,0.00%,COUNT:1,COUNT:100.00%
၃-၄ပေ,1,0.00%,DIST:1,DIST:100.00%
၃-၄ရက်သား,1,0.00%,PERIOD:1,PERIOD:100.00%
၃-၄ရွက်,1,0.00%,COUNT:1,COUNT:100.00%
၃-၄လ,1,0.00%,PERIOD:1,PERIOD:100.00%
၃-၄လက်မ,1,0.00%,DIST:1,DIST:100.00%
၃-၅နှစ်,1,0.00%,PERIOD:1,PERIOD:100.00%
၃-၅ပြား,1,0.00%,COUNT:1,COUNT:100.00%
၃-၅မိနစ်,1,0.00%,PERIOD:1,PERIOD:100.00%
၃-၅ရက်,1,0.00%,PERIOD:1,PERIOD:100.00%
၃-၅လက်မ,1,0.00%,DIST:1,DIST:100.00%
၃-၆ကီလို,1,0.00%,QTY:1,QTY:100.00%
၃-၈လက်မ,1,0.00%,DIST:1,DIST:100.00%
၃.၅-၁၁လက်မ,1,0.00%,DIST:1,DIST:100.00%
၃ကိုင်း,1,0.00%,COUNT:1,COUNT:100.00%
၃ကျပ်ခွဲသား,1,0.00%,QTY:1,QTY:100.00%
၃ခိုင်,1,0.00%,COUNT:1,COUNT:100.00%
၃ခု,1,0.00%,COUNT:1,COUNT:100.00%
၃စင်တီမီတာ,1,0.00%,DIST:1,DIST:100.00%
၃စေ့,1,0.00%,COUNT:1,COUNT:100.00%
၃ည,1,0.00%,PERIOD:1,PERIOD:100.00%
၃တန်,1,0.00%,QTY:1,QTY:100.00%
၃ပတ်ကြာ,1,0.00%,PERIOD:1,PERIOD:100.00%
၃ပတ်ခြား,1,0.00%,PERIOD:1,PERIOD:100.00%
၃ပတ်အတွင်း,1,0.00%,PERIOD:1,PERIOD:100.00%
၃ပိသာ,1,0.00%,QTY:1,QTY:100.00%
၃ပေခန့်,1,0.00%,DIST:1,DIST:100.00%
၃ပေခွဲ,1,0.00%,DIST:1,DIST:100.00%
၃ပြား,1,0.00%,COUNT:1,COUNT:100.00%
၃မီလီမီတာ,1,0.00%,DIST:1,DIST:100.00%
၃ရာခိုင်နှုန်း,1,0.00%,QTY:1,QTY:100.00%
၃လက္မ,1,0.00%,DIST:1,DIST:100.00%
၃လက်မအထိ,1,0.00%,DIST:1,DIST:100.00%
၃လက်မအနက်,1,0.00%,DIST:1,DIST:100.00%
၃လခန့်,1,0.00%,PERIOD:1,PERIOD:100.00%
၃လသား,1,0.00%,PERIOD:1,PERIOD:100.00%
၃လုံး,1,0.00%,COUNT:1,COUNT:100.00%
၃ဝဒီဂရီစင်တီဂရိတ်,1,0.00%,TEMP:1,TEMP:100.00%
၃သိန်း,1,0.00%,PRICE:1,PRICE:100.00%
၃အိတ်,1,0.00%,COUNT:1,COUNT:100.00%
၃ဧက,1,0.00%,DIST:1,DIST:100.00%
၃၀%,1,0.00%,QTY:1,QTY:100.00%
၃၀-၃၅ရက်,1,0.00%,PERIOD:1,PERIOD:100.00%
၃၀-၄၀ဂရမ်,1,0.00%,QTY:1,QTY:100.00%
၃၀-၆၀ဂရမ်,1,0.00%,QTY:1,QTY:100.00%
၃၀°,1,0.00%,TEMP:1,TEMP:100.00%
၃၀ကီလို,1,0.00%,QTY:1,QTY:100.00%
၃၀ကီလိုဂရမ်,1,0.00%,QTY:1,QTY:100.00%
၃၀ကျော်,1,0.00%,COUNT:1,COUNT:100.00%
၃၀စင်တီမီတာအနက်,1,0.00%,DIST:1,DIST:100.00%
၃၀စီစီမှ၅၀စီစီ,1,0.00%,QTY:1,QTY:100.00%
၃၀တင်း,1,0.00%,QTY:1,QTY:100.00%
၃၀ပေ,1,0.00%,DIST:1,DIST:100.00%
၃၀မီတာ,1,0.00%,DIST:1,DIST:100.00%
၃၀ရက်သား,1,0.00%,PERIOD:1,PERIOD:100.00%
၃၀ရက်အတွင်း,1,0.00%,PERIOD:1,PERIOD:100.00%
၃၀ရာခိုင်နှုန်း,1,0.00%,QTY:1,QTY:100.00%
၃၀လက်မ,1,0.00%,DIST:1,DIST:100.00%
၃၀ဝ,1,0.00%,COUNT:1,COUNT:100.00%
၃၀အိတ်,1,0.00%,QTY:1,QTY:100.00%
၃၀၀ဂရမ်,1,0.00%,QTY:1,QTY:100.00%
၃၀၀ရာ,1,0.00%,COUNT:1,COUNT:100.00%
၃၀၀၀ကျပ်,1,0.00%,PRICE:1,PRICE:100.00%
၃၀၃၀ပေ,1,0.00%,DIST:1,DIST:100.00%
၃၂ကီလိုဂရမ်,1,0.00%,QTY:1,QTY:100.00%
၃၂ဒီဂရီစင်တီဂရိတ်,1,0.00%,TEMP:1,TEMP:100.00%
၃၂လက်မ,1,0.00%,DIST:1,DIST:100.00%
၃၂၀,1,0.00%,COUNT:1,COUNT:100.00%
၃၂၃၂ပေ,1,0.00%,DIST:1,DIST:100.00%
၃၃,1,0.00%,COUNT:1,COUNT:100.00%
၃၃၃-၄၁၆ဂရမ်,1,0.00%,QTY:1,QTY:100.00%
၃၃၃ပေ,1,0.00%,DIST:1,DIST:100.00%
၃၄ဂရမ်,1,0.00%,QTY:1,QTY:100.00%
၃၄နှစ်,1,0.00%,PERIOD:1,PERIOD:100.00%
၃၄နှစ်ကြာ,1,0.00%,PERIOD:1,PERIOD:100.00%
၃၄ပေ,1,0.00%,DIST:1,DIST:100.00%
၃၄ရွက်,1,0.00%,COUNT:1,COUNT:100.00%
၃၅-၅၀ရက်ကြာ,1,0.00%,PERIOD:1,PERIOD:100.00%
၃၅ကီလိုဂရမ်,1,0.00%,QTY:1,QTY:100.00%
၃၅စေ့,1,0.00%,COUNT:1,COUNT:100.00%
၃၅ရက်-၄၅ရက်,1,0.00%,PERIOD:1,PERIOD:100.00%
၃၅ရက်ခန့်,1,0.00%,PERIOD:1,PERIOD:100.00%
၃၅လက်မ,1,0.00%,DIST:1,DIST:100.00%
၃၅၀ဂရမ်,1,0.00%,QTY:1,QTY:100.00%
၃၆လအတွင်း,1,0.00%,PERIOD:1,PERIOD:100.00%
၃၇ဒီဂရီစင်တီဂရိတ်,1,0.00%,TEMP:1,TEMP:100.00%
၃၈စင်တီဂရိတ်,1,0.00%,TEMP:1,TEMP:100.00%
၃၉၃၉ပေ,1,0.00%,DIST:1,DIST:100.00%
၄%,1,0.00%,QTY:1,QTY:100.00%
၄-၁၀ဒီဂရီစင်တီဂရိတ်,1,0.00%,TEMP:1,TEMP:100.00%
၄-၅ကြိမ်,1,0.00%,COUNT:1,COUNT:100.00%
၄-၅တောင့်,1,0.00%,COUNT:1,COUNT:100.00%
၄-၅ဒီဂရီစင်တီဂရိတ်,1,0.00%,TEMP:1,TEMP:100.00%
၄-၅နှစ်သား,1,0.00%,PERIOD:1,PERIOD:100.00%
၄-၅ပတ်,1,0.00%,PERIOD:1,PERIOD:100.00%
၄-၅မီတာ,1,0.00%,DIST:1,DIST:100.00%
၄-၆နာရီ,1,0.00%,PERIOD:1,PERIOD:100.00%
၄-၆ပတ်,1,0.00%,PERIOD:1,PERIOD:100.00%
၄-၆လသား,1,0.00%,PERIOD:1,PERIOD:100.00%
၄.၀မှ၈.၀,1,0.00%,QTY:1,QTY:100.00%
၄.၅ဇွန်း,1,0.00%,QTY:1,QTY:100.00%
၄.၅မီလီမီတာ,1,0.00%,QTY:1,QTY:100.00%
၄.၆%,1,0.00%,QTY:1,QTY:100.00%
၄ကနေ၆ရွက်အထိထွက်လာချိန်မှာစိုက်ခင်း,1,0.00%,LOC:1,LOC:100.00%
၄ကောင်,1,0.00%,COUNT:1,COUNT:100.00%
၄ကြိမ်ခန့်,1,0.00%,COUNT:1,COUNT:100.00%
၄ချက်,1,0.00%,COUNT:1,COUNT:100.00%
၄တန်း,1,0.00%,COUNT:1,COUNT:100.00%
၄ဒသမ၅ပေ,1,0.00%,DIST:1,DIST:100.00%
၄ဒီဂရီစင်တီဂရိတ်,1,0.00%,TEMP:1,TEMP:100.00%
၄နာရီကြာ,1,0.00%,PERIOD:1,PERIOD:100.00%
၄နာရီခန့်,1,0.00%,PERIOD:1,PERIOD:100.00%
၄နှစ်ခန့်,1,0.00%,PERIOD:1,PERIOD:100.00%
၄နှစ်အတွင်း,1,0.00%,PERIOD:1,PERIOD:100.00%
၄ပတ်ခန့်,1,0.00%,PERIOD:1,PERIOD:100.00%
၄ပတ်အကြာ,1,0.00%,PERIOD:1,PERIOD:100.00%
၄ပိသာ,1,0.00%,QTY:1,QTY:100.00%
၄ပီပီအမ်,1,0.00%,QTY:1,QTY:100.00%
၄ပုံဆ၁ပုံ,1,0.00%,QTY:1,QTY:100.00%
၄ပုံ၁ပုံ,1,0.00%,COUNT:1,COUNT:100.00%
၄ပေခန့်,1,0.00%,DIST:1,DIST:100.00%
၄မီတာပတ်လည်,1,0.00%,DIST:1,DIST:100.00%
၄ရာခိုင်နှုန်း,1,0.00%,QTY:1,QTY:100.00%
၄လက္မ,1,0.00%,DIST:1,DIST:100.00%
၄လကြာ,1,0.00%,PERIOD:1,PERIOD:100.00%
၄လသား,1,0.00%,PERIOD:1,PERIOD:100.00%
၄လအကြာ,1,0.00%,PERIOD:1,PERIOD:100.00%
၄အောင်စ,1,0.00%,QTY:1,QTY:100.00%
၄၀,1,0.00%,COUNT:1,COUNT:100.00%
၄၀-၄၅ရက်,1,0.00%,PERIOD:1,PERIOD:100.00%
၄၀-၅၀စီစီ,1,0.00%,QTY:1,QTY:100.00%
၄၀-၆၀ရာခိုင်နှုန်း,1,0.00%,QTY:1,QTY:100.00%
၄၀ကီလို,1,0.00%,QTY:1,QTY:100.00%
၄၀ဂရမ်,1,0.00%,QTY:1,QTY:100.00%
၄၀စီစီ,1,0.00%,QTY:1,QTY:100.00%
၄၀ဒီဂရီစင်တီဂရိတ်,1,0.00%,TEMP:1,TEMP:100.00%
၄၀ဒီဂရီဖာရင်ဟိုက်,1,0.00%,TEMP:1,TEMP:100.00%
၄၀မှ၆၀စင်တီမီတာ,1,0.00%,DIST:1,DIST:100.00%
၄၀၀-၅၀၀ဂရန်,1,0.00%,QTY:1,QTY:100.00%
၄၀၀ဂရမ်,1,0.00%,QTY:1,QTY:100.00%
၄၀၀မီလီမီတာ,1,0.00%,DIST:1,DIST:100.00%
၄၀၈တန်,1,0.00%,QTY:1,QTY:100.00%
၄၂ဒီဂရီစင်တီဂရိတ်,1,0.00%,TEMP:1,TEMP:100.00%
၄၂လက်မ,1,0.00%,DIST:1,DIST:100.00%
၄၃၄-၅၄၃ဂရမ်,1,0.00%,QTY:1,QTY:100.00%
၄၃၅၆၀စတုရမ်းပေ,1,0.00%,DIST:1,DIST:100.00%
၄၄လက်မ,1,0.00%,DIST:1,DIST:100.00%
၄၄၄-၅၅၅ဂရမ်,1,0.00%,QTY:1,QTY:100.00%
၄၅,1,0.00%,COUNT:1,COUNT:100.00%
၄၅-၅၀ရက်သား,1,0.00%,PERIOD:1,PERIOD:100.00%
၄၅-၆၅ကီလိုဂရမ်,1,0.00%,QTY:1,QTY:100.00%
၄၅-၆၅ရက်ကြာ,1,0.00%,PERIOD:1,PERIOD:100.00%
၄၅-၇၅ရက်,1,0.00%,PERIOD:1,PERIOD:100.00%
၄၅ဒီဂရီ,1,0.00%,TEMP:1,TEMP:100.00%
၄၅ဒီဂရီစင်တီဂရိတ်,1,0.00%,TEMP:1,TEMP:100.00%
၄၅မှ၉၀ရက်,1,0.00%,PERIOD:1,PERIOD:100.00%
၄၅ရက်ာ်,1,0.00%,PERIOD:1,PERIOD:100.00%
၄၅ရွက်,1,0.00%,COUNT:1,COUNT:100.00%
၄၆,1,0.00%,COUNT:1,COUNT:100.00%
၄၆-၅၀ရက်,1,0.00%,PERIOD:1,PERIOD:100.00%
၄၇ပတ်အတွင်း,1,0.00%,PERIOD:1,PERIOD:100.00%
၄၈,1,0.00%,COUNT:1,COUNT:100.00%
၄၈ပင်,1,0.00%,COUNT:1,COUNT:100.00%
၄၉ဒီဂရီစင်တီဂရိတ်,1,0.00%,TEMP:1,TEMP:100.00%
၄၊၅ရက်,1,0.00%,PERIOD:1,PERIOD:100.00%
၅-၁၀စင်တီမီတာ,1,0.00%,DIST:1,DIST:100.00%
၅-၁၀စီစီ,1,0.00%,QTY:1,QTY:100.00%
၅-၁၀ရာခိုင်နှုန်း,1,0.00%,QTY:1,QTY:100.00%
၅-၅.၅ပေခန့်,1,0.00%,DIST:1,DIST:100.00%
၅-၆နာရီ,1,0.00%,PERIOD:1,PERIOD:100.00%
၅-၆ရွက်,1,0.00%,COUNT:1,COUNT:100.00%
၅-၆လ,1,0.00%,PERIOD:1,PERIOD:100.00%
၅-၆လအကြာ,1,0.00%,PERIOD:1,PERIOD:100.00%
၅-၇ရက်ခြား,1,0.00%,PERIOD:1,PERIOD:100.00%
၅.၅ပေ,1,0.00%,DIST:1,DIST:100.00%
၅.၅လက်မ,1,0.00%,QTY:1,QTY:100.00%
၅စင်တီမီတာ,1,0.00%,DIST:1,DIST:100.00%
၅ဇွန်း,1,0.00%,QTY:1,QTY:100.00%
၅တင်း,1,0.00%,QTY:1,QTY:100.00%
၅တန်,1,0.00%,QTY:1,QTY:100.00%
၅ထုပ်,1,0.00%,QTY:1,QTY:100.00%
၅နှစ်ခန့်,1,0.00%,PERIOD:1,PERIOD:100.00%
၅နှစ်အတွင်း,1,0.00%,PERIOD:1,PERIOD:100.00%
၅ပင်,1,0.00%,COUNT:1,COUNT:100.00%
၅ပတ်,1,0.00%,PERIOD:1,PERIOD:100.00%
၅ပုံ,1,0.00%,QTY:1,QTY:100.00%
၅မိနစ်,1,0.00%,PERIOD:1,PERIOD:100.00%
၅မီလီမီတာ,1,0.00%,QTY:1,QTY:100.00%
၅မျိုး,1,0.00%,COUNT:1,COUNT:100.00%
၅ရက်ခန့်,1,0.00%,PERIOD:1,PERIOD:100.00%
၅ရက်သား,1,0.00%,PERIOD:1,PERIOD:100.00%
၅လအတွင်း,1,0.00%,PERIOD:1,PERIOD:100.00%
၅၀%,1,0.00%,QTY:1,QTY:100.00%
၅၀-၆၀ရာခိုင်နှုန်း,1,0.00%,QTY:1,QTY:100.00%
၅၀-၇၅နှစ်,1,0.00%,PERIOD:1,PERIOD:100.00%
၅၀နှစ်,1,0.00%,PERIOD:1,PERIOD:100.00%
၅၀ပေါင်,1,0.00%,QTY:1,QTY:100.00%
၅၀ပွင့်,1,0.00%,COUNT:1,COUNT:100.00%
၅၀၀ကီလိုဂရမ်,1,0.00%,QTY:1,QTY:100.00%
၅၀၀စီစီ,1,0.00%,QTY:1,QTY:100.00%
၅၂ကီလိုဂရမ်,1,0.00%,QTY:1,QTY:100.00%
၅၂၀ကီလိုဂရမ်,1,0.00%,QTY:1,QTY:100.00%
၅၄လက်မ,1,0.00%,QTY:1,QTY:100.00%
၅၅-၆၀ရက်,1,0.00%,PERIOD:1,PERIOD:100.00%
၅၅ဒီဂရီဖာရင်ဟိုက်,1,0.00%,TEMP:1,TEMP:100.00%
၅၅၅ဂရမ်,1,0.00%,QTY:1,QTY:100.00%
၅၆ပင်,1,0.00%,COUNT:1,COUNT:100.00%
၅၆ရွက်,1,0.00%,COUNT:1,COUNT:100.00%
၅၆လက်မ,1,0.00%,DIST:1,DIST:100.00%
၅၇%,1,0.00%,QTY:1,QTY:100.00%
၅၈တင်း,1,0.00%,QTY:1,QTY:100.00%
၅။နံနက်စောနေမထွက်မီအချိန်တွင်စိုက်ခင်းပတ်ဝန်းကျင်လေတင်ဘက်မှမီးခိုးမှိုင်း,1,0.00%,FARM_OP:1,FARM_OP:100.00%
၅”၈”,1,0.00%,DIST:1,DIST:100.00%
၆-၁၂လ,1,0.00%,PERIOD:1,PERIOD:100.00%
၆-၁၂လက်မ,1,0.00%,DIST:1,DIST:100.00%
၆-၇နှစ်,1,0.00%,PERIOD:1,PERIOD:100.00%
၆-၈နှစ်,1,0.00%,PERIOD:1,PERIOD:100.00%
၆-၈ပြည်,1,0.00%,QTY:1,QTY:100.00%
၆-၈ရွက်,1,0.00%,COUNT:1,COUNT:100.00%
၆-၈လ,1,0.00%,PERIOD:1,PERIOD:100.00%
၆.၅လ,1,0.00%,PERIOD:1,PERIOD:100.00%
၆.၈%,1,0.00%,QTY:1,QTY:100.00%
၆ကောင်,1,0.00%,COUNT:1,COUNT:100.00%
၆ခု,1,0.00%,COUNT:1,COUNT:100.00%
၆ထုပ်,1,0.00%,QTY:1,QTY:100.00%
၆ဒီဂရီဆဲဆီးရပ်,1,0.00%,TEMP:1,TEMP:100.00%
၆နှစ်,1,0.00%,PERIOD:1,PERIOD:100.00%
၆ပတ်သား,1,0.00%,PERIOD:1,PERIOD:100.00%
၆ပိဿ,1,0.00%,QTY:1,QTY:100.00%
၆ပုံး,1,0.00%,COUNT:1,COUNT:100.00%
၆ပေအထိ,1,0.00%,DIST:1,DIST:100.00%
၆မျိုး,1,0.00%,COUNT:1,COUNT:100.00%
၆လက်မခန့်,1,0.00%,DIST:1,DIST:100.00%
၆လက်မခြား,1,0.00%,DIST:1,DIST:100.00%
၆လပြည့်,1,0.00%,PERIOD:1,PERIOD:100.00%
၆လသား,1,0.00%,PERIOD:1,PERIOD:100.00%
၆လအကြာ,1,0.00%,PERIOD:1,PERIOD:100.00%
၆၀-၆၄ရက်,1,0.00%,PERIOD:1,PERIOD:100.00%
၆၀-၉၀ရက်,1,0.00%,PERIOD:1,PERIOD:100.00%
၆၀ကီလို,1,0.00%,QTY:1,QTY:100.00%
၆၀ကီလိုဂရမ်,1,0.00%,QTY:1,QTY:100.00%
၆၀စင်တီမီတာ,1,0.00%,DIST:1,DIST:100.00%
၆၀နှစ်,1,0.00%,PERIOD:1,PERIOD:100.00%
၆၀ရာခိုင်နှုန်း,1,0.00%,QTY:1,QTY:100.00%
၆၀ဝဝ,1,0.00%,COUNT:1,COUNT:100.00%
၆၀သား,1,0.00%,QTY:1,QTY:100.00%
၆၀၀ကျပ်,1,0.00%,PRICE:1,PRICE:100.00%
၆၀၀မီတာ,1,0.00%,DIST:1,DIST:100.00%
၆၀၁၂၀ရက်ကြာ,1,0.00%,PERIOD:1,PERIOD:100.00%
၆၂ကျပ်ခွဲသား,1,0.00%,QTY:1,QTY:100.00%
၆၂တင်း,1,0.00%,QTY:1,QTY:100.00%
၆၃ရက်သား,1,0.00%,PERIOD:1,PERIOD:100.00%
၆၄ကီလိုဂရမ်,1,0.00%,QTY:1,QTY:100.00%
၆၅-၇၀လ,1,0.00%,PERIOD:1,PERIOD:100.00%
၆၅-၇၅ရက်,1,0.00%,PERIOD:1,PERIOD:100.00%
၆၅ပေ,1,0.00%,DIST:1,DIST:100.00%
၆၅ပေါင်,1,0.00%,QTY:1,QTY:100.00%
၆၆၆ဂရမ်,1,0.00%,QTY:1,QTY:100.00%
၆၇လ,1,0.00%,PERIOD:1,PERIOD:100.00%
၆၈ဒီဂရီစင်တီဂရိတ်,1,0.00%,TEMP:1,TEMP:100.00%
၆၈ပတ်,1,0.00%,PERIOD:1,PERIOD:100.00%
၆၈၀ပင်,1,0.00%,COUNT:1,COUNT:100.00%
၇-၁၂ရက်,1,0.00%,PERIOD:1,PERIOD:100.00%
၇-၁၄ရက်ခြား,1,0.00%,PERIOD:1,PERIOD:100.00%
၇-၅စင်တီမီတာ,1,0.00%,DIST:1,DIST:100.00%
၇-၈နှစ်ကြာ,1,0.00%,PERIOD:1,PERIOD:100.00%
၇-၈နှစ်သား,1,0.00%,PERIOD:1,PERIOD:100.00%
၇.၁%,1,0.00%,QTY:1,QTY:100.00%
၇.၅စင်တီမီတာ,1,0.00%,DIST:1,DIST:100.00%
၇.၈ဒီဂရီစင်တီဂရိတ်,1,0.00%,TEMP:1,TEMP:100.00%
၇0ရာခိုင်နှုန်း,1,0.00%,QTY:1,QTY:100.00%
၇ကီလိုဂရမ်,1,0.00%,QTY:1,QTY:100.00%
၇စေ့,1,0.00%,COUNT:1,COUNT:100.00%
၇တင်း,1,0.00%,QTY:1,QTY:100.00%
၇တောင့်,1,0.00%,COUNT:1,COUNT:100.00%
၇နာရီ,1,0.00%,PERIOD:1,PERIOD:100.00%
၇ပင်၊၈ပင်,1,0.00%,COUNT:1,COUNT:100.00%
၇ပေ,1,0.00%,DIST:1,DIST:100.00%
၇ပြည်ခွဲ,1,0.00%,QTY:1,QTY:100.00%
၇မီလီမီတာ,1,0.00%,QTY:1,QTY:100.00%
၇ရက်၁၀ရက်ခြား,1,0.00%,PERIOD:1,PERIOD:100.00%
၇ရွက်,1,0.00%,COUNT:1,COUNT:100.00%
၇လက်မ,1,0.00%,DIST:1,DIST:100.00%
၇၀စင်တီမီတာ,1,0.00%,DIST:1,DIST:100.00%
၇၀ပေ,1,0.00%,DIST:1,DIST:100.00%
၇၀လောက်,1,0.00%,QTY:1,QTY:100.00%
၇၀၁မျိုး,1,0.00%,COUNT:1,COUNT:100.00%
၇၄%,1,0.00%,QTY:1,QTY:100.00%
၇၄.၆%,1,0.00%,QTY:1,QTY:100.00%
၇၅,1,0.00%,COUNT:1,COUNT:100.00%
၇၅*၆၀စင်တီမီတာ,1,0.00%,DIST:1,DIST:100.00%
၇၅-၁၁၀ရက်,1,0.00%,PERIOD:1,PERIOD:100.00%
၇၅-၈၀ရက်,1,0.00%,PERIOD:1,PERIOD:100.00%
၇၅-၈၅ဒီဂရီဖာရင်ဟိုက်,1,0.00%,TEMP:1,TEMP:100.00%
၇၅.၁%,1,0.00%,QTY:1,QTY:100.00%
၇၅ဒီဂရီဖာရင်ဟိုက်,1,0.00%,TEMP:1,TEMP:100.00%
၇၅ရက်မှ၉၀ရက်,1,0.00%,PERIOD:1,PERIOD:100.00%
၇၅လက်မ,1,0.00%,DIST:1,DIST:100.00%
၇၈၇မျိုး,1,0.00%,COUNT:1,COUNT:100.00%
၇၉ရက်,1,0.00%,PERIOD:1,PERIOD:100.00%
၈-၁၀နှစ်,1,0.00%,PERIOD:1,PERIOD:100.00%
၈-၁၀ပတ်,1,0.00%,PERIOD:1,PERIOD:100.00%
၈-၁၀လက်မ,1,0.00%,DIST:1,DIST:100.00%
၈-၁၀လအတွင်း,1,0.00%,PERIOD:1,PERIOD:100.00%
၈-၂၄လက်မ,1,0.00%,DIST:1,DIST:100.00%
၈-၉လအတွင်း,1,0.00%,PERIOD:1,PERIOD:100.00%
၈ချက်,1,0.00%,COUNT:1,COUNT:100.00%
၈စင်တီမီတာ,1,0.00%,DIST:1,DIST:100.00%
၈နာရီ,1,0.00%,PERIOD:1,PERIOD:100.00%
၈နာရီခန့်,1,0.00%,PERIOD:1,PERIOD:100.00%
၈နှစ်,1,0.00%,PERIOD:1,PERIOD:100.00%
၈ပတ်အတွင်း,1,0.00%,PERIOD:1,PERIOD:100.00%
၈ပေအထိ,1,0.00%,DIST:1,DIST:100.00%
၈ပြည်နှုန်း,1,0.00%,QTY:1,QTY:100.00%
၈ရက်,1,0.00%,PERIOD:1,PERIOD:100.00%
၈ရက်ခန့်,1,0.00%,PERIOD:1,PERIOD:100.00%
၈ရာခိုင်နှုန်း,1,0.00%,QTY:1,QTY:100.00%
၈လက္မ,1,0.00%,DIST:1,DIST:100.00%
၈လအကြာ,1,0.00%,PERIOD:1,PERIOD:100.00%
၈လအတွင်း,1,0.00%,PERIOD:1,PERIOD:100.00%
၈သိန်း,1,0.00%,PRICE:1,PRICE:100.00%
၈၀,1,0.00%,COUNT:1,COUNT:100.00%
၈၀-၈၅ရက်,1,0.00%,PERIOD:1,PERIOD:100.00%
၈၀-၉၅ရက်,1,0.00%,PERIOD:1,PERIOD:100.00%
၈၀-၉၅ရာခိုင်နှုန်း,1,0.00%,QTY:1,QTY:100.00%
၈၀ကျပ်,1,0.00%,PRICE:1,PRICE:100.00%
၈၀ခု,1,0.00%,COUNT:1,COUNT:100.00%
၈၀ဂရမ်,1,0.00%,QTY:1,QTY:100.00%
၈၀စေ့,1,0.00%,COUNT:1,COUNT:100.00%
၈၀လက်မ,1,0.00%,DIST:1,DIST:100.00%
၈၀လောက်,1,0.00%,QTY:1,QTY:100.00%
၈၀ဝဝ,1,0.00%,COUNT:1,COUNT:100.00%
၈၁၀လက်မ,1,0.00%,DIST:1,DIST:100.00%
၈၁၂လ,1,0.00%,PERIOD:1,PERIOD:100.00%
၈၁၂လက်မ,1,0.00%,DIST:1,DIST:100.00%
၈၁၅နှစ်,1,0.00%,PERIOD:1,PERIOD:100.00%
၈၅,1,0.00%,COUNT:1,COUNT:100.00%
၈၅ဒီဂရီဖာရင်ဟိုက်,1,0.00%,TEMP:1,TEMP:100.00%
၈၅ရက်သား,1,0.00%,PERIOD:1,PERIOD:100.00%
၈၅ရာခိုင်နှုန်း,1,0.00%,QTY:1,QTY:100.00%
၈၅၀ဂရမ်,1,0.00%,QTY:1,QTY:100.00%
၈၇ပင်,1,0.00%,COUNT:1,COUNT:100.00%
၈၇၀ဂရမ်,1,0.00%,QTY:1,QTY:100.00%
၈၈မီတာ,1,0.00%,DIST:1,DIST:100.00%
၈–၁၂နာရီ,1,0.00%,PERIOD:1,PERIOD:100.00%
၉-၁၂လက်မ,1,0.00%,DIST:1,DIST:100.00%
၉-၁၂လက်မခန့်,1,0.00%,DIST:1,DIST:100.00%
၉ကြိမ်,1,0.00%,PERIOD:1,PERIOD:100.00%
၉စင်တီမီတာ,1,0.00%,DIST:1,DIST:100.00%
၉မျိုး,1,0.00%,COUNT:1,COUNT:100.00%
၉ရက်သား,1,0.00%,PERIOD:1,PERIOD:100.00%
၉ရာခိုင်နှုန်း,1,0.00%,QTY:1,QTY:100.00%
၉လီတာ,1,0.00%,QTY:1,QTY:100.00%
၉သိန်း၁၀သိန်း,1,0.00%,PRICE:1,PRICE:100.00%
၉၀,1,0.00%,PERIOD:1,PERIOD:100.00%
၉၀ဒီဂရီဖာရင်ဟိုက်,1,0.00%,TEMP:1,TEMP:100.00%
၉၀၀လ,1,0.00%,PERIOD:1,PERIOD:100.00%
၉၀၀၀,1,0.00%,COUNT:1,COUNT:100.00%
၉၀၇ပင်,1,0.00%,COUNT:1,COUNT:100.00%
၉၁၀ဒီဂရီစင်တီဂရိတ်,1,0.00%,TEMP:1,TEMP:100.00%
၉၁၀ရွက်,1,0.00%,COUNT:1,COUNT:100.00%
၉၁၂ပေ,1,0.00%,DIST:1,DIST:100.00%
၉၃၀ကျပ်,1,0.00%,PRICE:1,PRICE:100.00%
၉၄လက်မ,1,0.00%,DIST:1,DIST:100.00%
၉၅ရက်,1,0.00%,PERIOD:1,PERIOD:100.00%
၉၇၀၀,1,0.00%,COUNT:1,COUNT:100.00%
၉၈.၅%,1,0.00%,QTY:1,QTY:100.00%
၉၉ဆ,1,0.00%,QTY:1,QTY:100.00%
၉၉လက်မ,1,0.00%,DIST:1,DIST:100.00%
၊ကလိုသာလိုနေး,1,0.00%,FUNG:1,FUNG:100.00%
၊ကျိုင်း,1,0.00%,PEST:1,PEST:100.00%
၊ခါးဆွ,1,0.00%,FARM_OP:1,FARM_OP:100.00%
၊ငမြောင်တောင်,1,0.00%,PEST:1,PEST:100.00%
၊ငရုပ်,1,0.00%,CROP:1,CROP:100.00%
၊ငုံးချေး,1,0.00%,FERT:1,FERT:100.00%
၊စိန်တလေး၊ရွှေရင်အေး,1,0.00%,VAR:1,VAR:100.00%
၊ည,1,0.00%,TIME:1,TIME:100.00%
၊ညနေ,1,0.00%,TIME:1,TIME:100.00%
၊ဒိုင်ဖီနိုကိုနာဇိုး,1,0.00%,FUNG:1,FUNG:100.00%
၊နိုက်ထရိုဖီနော,1,0.00%,FERT:1,FERT:100.00%
၊နေ့,1,0.00%,TIME:1,TIME:100.00%
၊နှားချေး,1,0.00%,FERT:1,FERT:100.00%
၊ပရိုပီကိုနာဇိုး,1,0.00%,FUNG:1,FUNG:100.00%
၊ပုရစ်,1,0.00%,PEST:1,PEST:100.00%
၊ပုလဲ,1,0.00%,FERT:1,FERT:100.00%
၊ပျိုးအိုး,1,0.00%,EQUIP:1,EQUIP:100.00%
၊ဖော့စဖိတ်,1,0.00%,FERT:1,FERT:100.00%
၊ဖြုတ်စုပ်စားပိုး,1,0.00%,PEST:1,PEST:100.00%
၊ဘက်တီးရီးယား,1,0.00%,PATH:1,PATH:100.00%
၊ဘတ်တီးရီးယားရောဂါ,1,0.00%,DIS:1,DIS:100.00%
၊ဘူး,1,0.00%,CROP:1,CROP:100.00%
၊မက်တယ်လဇီး,1,0.00%,FUNG:1,FUNG:100.00%
၊မိုးနည်း,1,0.00%,WEATHER:1,WEATHER:100.00%
၊မြေပဒေသာကျွန်း,1,0.00%,LOC:1,LOC:100.00%
၊ရတနာကရွှခက်သစ်ခွ,1,0.00%,VAR:1,VAR:100.00%
၊လောင်မဲ,1,0.00%,DIS:1,DIS:100.00%
၊ဝါခြင်း,1,0.00%,SYM:1,SYM:100.00%
၊သဘာ၀မြေဆွေး,1,0.00%,FERT:1,FERT:100.00%
၊အခေါင်းပေါက်နှင့်မြစ်ခြောက်ရောဂါ,1,0.00%,DIS:1,DIS:100.00%
၊အစီတာမီပရစ်,1,0.00%,PESTI:1,PESTI:100.00%
၊အဇိုဇီ,1,0.00%,FUNG:1,FUNG:100.00%
၊အပင်ခွဲသပ်သွင်း,1,0.00%,METHOD:1,METHOD:100.00%
၊အမိုင်နိုအက်စစ်,1,0.00%,FERT:1,FERT:100.00%
၎င်းကို၁.၅လက်မ,1,0.00%,DIST:1,DIST:100.00%
၎င်းတို့မှာ-(၁)မြေပြန့်,1,0.00%,SOIL_TYPE:1,SOIL_TYPE:100.00%
၎င်းမြေကိုသစ်ရွက်ခြောက်,1,0.00%,FERT:1,FERT:100.00%
၎င်းဝတ်မှုန်,1,0.00%,CROP_PART:1,CROP_PART:100.00%
‌နိုက်ထရိုဂျင်,1,0.00%,NUT:1,NUT:100.00%
‌မြေအောင်းပိုးသတ်ဆေး,1,0.00%,PESTI:1,PESTI:100.00%
–၂.၆%,1,0.00%,QTY:1,QTY:100.00%
–၈.၀%,1,0.00%,QTY:1,QTY:100.00%
